cluster,month,anchor
0,1,0.038644967989540854
0,2,0.039383199598213965
0,3,0.043381493582542195
0,4,0.04033777111952561
0,5,0.03406741476243233
0,6,0.03573360819751506
0,7,0.027922869033193243
0,8,0.028805833483162006
0,9,0.03392876073949231
0,10,0.03451246375272919
0,11,0.03988265757724335
0,12,0.04035142101727068
1,1,0.03998318233371989
1,2,0.039762777985252136
1,3,0.04317547296908475
1,4,0.04230460447356991
1,5,0.038029778177017276
1,6,0.03339641472747963
1,7,0.027211059803563798
1,8,0.028436773029796535
1,9,0.031042807628696337
1,10,0.034707330964832445
1,11,0.04050984785996029
1,12,0.04055615838411941
2,1,0.039100066105714155
2,2,0.03942349112281531
2,3,0.043608416698555655
2,4,0.04352151348264595
2,5,0.03861697580283965
2,6,0.03275329990285998
2,7,0.02703887466306691
2,8,0.02799555257163314
2,9,0.03076444088341669
2,10,0.035041406482854295
2,11,0.039902047051645316
2,12,0.0405129631509492
3,1,0.04090237002156548
3,2,0.040496948745735346
3,3,0.04513388998065818
3,4,0.04539796152699674
3,5,0.04102829206687127
3,6,0.03639136753448042
3,7,0.029012553581685325
3,8,0.0298543589756694
3,9,0.03203475792955285
3,10,0.036490301346979906
3,11,0.042235675045080336
3,12,0.04277965930462363
4,1,0.04068435927364019
4,2,0.03911872585857387
4,3,0.04527039288667374
4,4,0.045039037360811544
4,5,0.0431332971974153
4,6,0.04222619047127251
4,7,0.03100737741182872
4,8,0.03284104851461044
4,9,0.03568233095064289
4,10,0.036528844569001157
4,11,0.04117840247194751
4,12,0.04094077536474343
5,1,0.03998629640575908
5,2,0.0398848066430362
5,3,0.04463917037592236
5,4,0.04246016225666235
5,5,0.03916716117618116
5,6,0.030863916150416
5,7,0.02653738309633519
5,8,0.027508849929832276
5,9,0.02973041941676024
5,10,0.03617463830353615
5,11,0.038425136911013416
5,12,0.03988752913705654
6,1,0.038663541750043634
6,2,0.04096875093539759
6,3,0.042685887877754194
6,4,0.040850603920895366
6,5,0.034940832185146944
6,6,0.02734163062221858
6,7,0.025020876435273887
6,8,0.0256881499731451
6,9,0.027915422037151003
6,10,0.03206152446677598
6,11,0.035312105272302136
6,12,0.03752352680579867
7,1,0.03804773824859942
7,2,0.037988312012337204
7,3,0.0404759026589993
7,4,0.04042464688775943
7,5,0.0422727076436544
7,6,0.0374501195824517
7,7,0.03603642653544691
7,8,0.034316612138767306
7,9,0.035522553606096526
7,10,0.03706659877730584
7,11,0.039704336919820685
7,12,0.03640349162271028
8,1,0.03542799277647003
8,2,0.03518400902946114
8,3,0.040144071643745304
8,4,0.03574591060774872
8,5,0.03194413532611655
8,6,0.0324121005998057
8,7,0.027699654249470455
8,8,0.027792304058970166
8,9,0.03129896513081863
8,10,0.03305806552860508
8,11,0.03689690398460563
8,12,0.036990941117166797
9,1,0.03809913886779567
9,2,0.03838991171163726
9,3,0.04663934474125504
9,4,0.04641182697493122
9,5,0.03960226083927283
9,6,0.036813912805072395
9,7,0.028303204606449035
9,8,0.02877637295150008
9,9,0.031841656300377344
9,10,0.033906536913853785
9,11,0.03863028192537324
9,12,0.03878603463578009
10,1,0.045328083866246593
10,2,0.040998621619931216
10,3,0.04289991692659761
10,4,0.043061239496100266
10,5,0.04623612171208824
10,6,0.04459264847379978
10,7,0.03305463161549523
10,8,0.03583127379745808
10,9,0.03840926726558044
10,10,0.038939330398732874
10,11,0.04683242346103387
10,12,0.04494078302336657
11,1,0.045047672332635964
11,2,0.04303035201774063
11,3,0.04633065656225026
11,4,0.04801708803594492
11,5,0.04230699542449218
11,6,0.039091855873750136
11,7,0.029663616144162037
11,8,0.03089170148682219
11,9,0.03241722943441908
11,10,0.03826204746801558
11,11,0.042939454219072394
11,12,0.044447318043194316
12,1,0.03597596847234423
12,2,0.03666920327150542
12,3,0.03900459638775901
12,4,0.03542289394452317
12,5,0.03337289568982285
12,6,0.033052433898954965
12,7,0.029932915170988027
12,8,0.029348214054767223
12,9,0.03260032050604209
12,10,0.03379335370106208
12,11,0.037243302550677586
12,12,0.03796412695770787
13,1,0.03584216941812639
13,2,0.035995563630184677
13,3,0.0375796935539721
13,4,0.03292154420001231
13,5,0.03225999541734392
13,6,0.03239449887984323
13,7,0.030000341008199243
13,8,0.030038778664854163
13,9,0.032063848347124745
13,10,0.03258388263926892
13,11,0.03574796491298512
13,12,0.036586672625826974
14,1,0.041533909507206666
14,2,0.04117412538493914
14,3,0.04489385820015594
14,4,0.04388754758532625
14,5,0.03953389053795358
14,6,0.031890807536931
14,7,0.027507742403495915
14,8,0.0295545744985848
14,9,0.031126677092315667
14,10,0.037134939558976066
14,11,0.04000196429668162
14,12,0.0410296027787801
15,1,0.04596733987895405
15,2,0.04209486330669624
15,3,0.043809863372286206
15,4,0.0433519772948688
15,5,0.04731474545855908
15,6,0.043846469192147935
15,7,0.0345284816259765
15,8,0.036492541931888084
15,9,0.038971421485524654
15,10,0.040160528640652615
15,11,0.05043550407881133
15,12,0.04872651156541806
16,1,0.04281718988274288
16,2,0.04088733328178959
16,3,0.04632625952862086
16,4,0.0462948888934844
16,5,0.04335595840046582
16,6,0.040333861399749406
16,7,0.03188124853993617
16,8,0.03263087785697695
16,9,0.03625623950171086
16,10,0.03714596991879853
16,11,0.04552184462532464
16,12,0.044813952812779986
17,1,0.03405188553257216
17,2,0.034518737398530355
17,3,0.035803025414053356
17,4,0.03267916607491861
17,5,0.031369657183118446
17,6,0.030804712407134477
17,7,0.029088138845097058
17,8,0.029644744224712666
17,9,0.029708444621710267
17,10,0.030860590397834606
17,11,0.03448416059187656
17,12,0.03495524338901365
18,1,0.0457253983253145
18,2,0.04577494024404681
18,3,0.04740793101806179
18,4,0.04905563498566096
18,5,0.04745155292988024
18,6,0.04498556609850843
18,7,0.034250728854653543
18,8,0.0360637739711123
18,9,0.03869841037257981
18,10,0.03883980369208491
18,11,0.04397781107187814
18,12,0.04642590554660451
19,1,0.039301113846144806
19,2,0.038350417028266914
19,3,0.04318424325699884
19,4,0.04350738582416907
19,5,0.03867136293100363
19,6,0.03404329431687047
19,7,0.027418604935538844
19,8,0.028631396336067563
19,9,0.031368986630348136
19,10,0.034939922011810585
19,11,0.039969274271131054
19,12,0.04032372241541873
20,1,0.036746430650811394
20,2,0.035606513538253094
20,3,0.03974803735036333
20,4,0.040798812675017664
20,5,0.03919879694968769
20,6,0.037640666003434464
20,7,0.029741594681887973
20,8,0.03137735352510123
20,9,0.034148981555838655
20,10,0.03312431408282153
20,11,0.03707257600014312
20,12,0.03703717396624577
21,1,0.04636221517495429
21,2,0.04392434044929592
21,3,0.04941615716233358
21,4,0.0520137389062604
21,5,0.04327886035229655
21,6,0.04195106973979669
21,7,0.03017632510269483
21,8,0.03213982525761697
21,9,0.03378664980531911
21,10,0.03824064298206975
21,11,0.0425073639780779
21,12,0.04501753552485158
22,1,0.03986338763441792
22,2,0.04015968882089879
22,3,0.04376369645299092
22,4,0.04260270702215921
22,5,0.03873282263260256
22,6,0.03245927462929388
22,7,0.027882576785681207
22,8,0.028378539867730916
22,9,0.029995144569967377
22,10,0.03616719021262918
22,11,0.038315475856122626
22,12,0.04032086917739035
23,1,0.03750034611803036
23,2,0.03878779017132099
23,3,0.042606379045226274
23,4,0.0422845843565643
23,5,0.037825334139965194
23,6,0.032327324812717884
23,7,0.026441272246835863
23,8,0.027678935118166815
23,9,0.03052037911269808
23,10,0.034209090625007876
23,11,0.03898023718017897
23,12,0.03876144351670029
24,1,0.038033832205050015
24,2,0.03667773966320944
24,3,0.04069244776340181
24,4,0.04038221331507472
24,5,0.039765130751629164
24,6,0.03777325063570639
24,7,0.030254583347781274
24,8,0.0318645707673568
24,9,0.0352992069555315
24,10,0.03423583819861577
24,11,0.03867430263001015
24,12,0.03833848306302957
25,1,0.036783222238097595
25,2,0.03755082439945313
25,3,0.04105485902481587
25,4,0.03891562210682082
25,5,0.035557930441867995
25,6,0.029128570909603694
25,7,0.024832255248978054
25,8,0.0257415589099242
25,9,0.027344630087149595
25,10,0.03358473798633233
25,11,0.03574953943825855
25,12,0.03704926871573646
26,1,0.03936363972243006
26,2,0.04143584172821981
26,3,0.04911806012269781
26,4,0.046664031090063195
26,5,0.03333932683056811
26,6,0.033310620517434116
26,7,0.024479112169245174
26,8,0.025790922361998536
26,9,0.02724148506155822
26,10,0.033896526009587084
26,11,0.0422424124102641
26,12,0.04262967073160467
27,1,0.035787816021736696
27,2,0.03578810771977447
27,3,0.039609930587991185
27,4,0.03531498896515874
27,5,0.03360369166881862
27,6,0.033017348846059544
27,7,0.030286165573392438
27,8,0.029721581477566195
27,9,0.0330522371436775
27,10,0.033675490903018954
27,11,0.03712099131099955
27,12,0.03756686298229068
28,1,0.03641152077616947
28,2,0.036418676193563225
28,3,0.03729770077418356
28,4,0.03685367224292142
28,5,0.028701527706529187
28,6,0.02382380743328393
28,7,0.02333201350938757
28,8,0.023625502471310577
28,9,0.025720930398367484
28,10,0.029065556204763497
28,11,0.03202287502967372
28,12,0.034889121481218005
29,1,0.03575924328604435
29,2,0.0349348996436687
29,3,0.03955683102315557
29,4,0.034705895134721554
29,5,0.03197441209869351
29,6,0.03250675523183421
29,7,0.0280083434978026
29,8,0.02837618309725476
29,9,0.03171443112191995
29,10,0.033074799442307526
29,11,0.036681837766689464
29,12,0.03632613754091837
30,1,0.04761924559693904
30,2,0.04386610823815392
30,3,0.045266522887229384
30,4,0.04449300789143894
30,5,0.04803719857386564
30,6,0.04653559214216658
30,7,0.034138559635058
30,8,0.035930607902942294
30,9,0.03955495059854467
30,10,0.04018558375369753
30,11,0.046366112092374324
30,12,0.04789483568605774
31,1,0.04712799707001181
31,2,0.044554348976523085
31,3,0.04518555122411296
31,4,0.0452221461913602
31,5,0.04767765083077938
31,6,0.04661683026174192
31,7,0.034664106279981705
31,8,0.03699911240470613
31,9,0.040358044104787855
31,10,0.041046743575415504
31,11,0.04724830665958652
31,12,0.04857644265854486
32,1,0.03835927878369499
32,2,0.03898612563966234
32,3,0.04094472800015577
32,4,0.03845961704929491
32,5,0.04030261064296458
32,6,0.036553682318375656
32,7,0.03466106977611931
32,8,0.033317800115874326
32,9,0.03607616870094555
32,10,0.03866671660948079
32,11,0.04007186951991661
32,12,0.03830185654364988
33,1,0.03494104971472255
33,2,0.03536952950935986
33,3,0.03732304492405004
33,4,0.03249443561386276
33,5,0.03220486341527832
33,6,0.03224463473778376
33,7,0.02959919237572907
33,8,0.030123331496694623
33,9,0.032013720225698476
33,10,0.031863213207714534
33,11,0.03541891886322535
33,12,0.036048964581827395
34,1,0.03517867261300647
34,2,0.03458696233205756
34,3,0.038404181085846985
34,4,0.039316302509380084
34,5,0.03809453674594382
34,6,0.037116380554749744
34,7,0.02919671000667356
34,8,0.03045854597170963
34,9,0.03368793215692665
34,10,0.03277219637184131
34,11,0.036215155700217626
34,12,0.03559840282178368
35,1,0.035574676220834656
35,2,0.03538319779998291
35,3,0.038081062811552345
35,4,0.03465379552934127
35,5,0.03294849862620604
35,6,0.033158064759965626
35,7,0.02981665921505319
35,8,0.02988430574998526
35,9,0.03283712413617603
35,10,0.03314878630744015
35,11,0.03656995701213068
35,12,0.03699546352533595
36,1,0.039539972457419165
36,2,0.039667562122645786
36,3,0.04414257714456497
36,4,0.043175920713861546
36,5,0.03842572861954685
36,6,0.032299131876113454
36,7,0.02684142101351753
36,8,0.0277858187800004
36,9,0.03080662298385801
36,10,0.03577564713164423
36,11,0.03874922603850783
36,12,0.04020227135829492
37,1,0.041314457133071976
37,2,0.0400118730044659
37,3,0.044263983264558375
37,4,0.04480982812129149
37,5,0.03940264793330966
37,6,0.03504670634546281
37,7,0.028987172387799368
37,8,0.0299600667263263
37,9,0.033222164121935856
37,10,0.036074325904818065
37,11,0.0418717134975085
37,12,0.042268893251024404
38,1,0.03947827997398196
38,2,0.03959327305866213
38,3,0.04307599571569522
38,4,0.04270053782391249
38,5,0.03711058339823319
38,6,0.03238967540295996
38,7,0.027483765136551562
38,8,0.02880301108254246
38,9,0.031502918061217716
38,10,0.03539402853491381
38,11,0.039917674041253313
38,12,0.039810401403249686
39,1,0.04076241128889972
39,2,0.03981000166723003
39,3,0.048496835731040036
39,4,0.048166466745145686
39,5,0.041731605815311386
39,6,0.039879214976362265
39,7,0.02952757891401925
39,8,0.03061486478995615
39,9,0.03411092472889201
39,10,0.035741348262804395
39,11,0.04093856435120999
39,12,0.042244286575186335
40,1,0.0387497336835469
40,2,0.042025327566723655
40,3,0.0502456755076761
40,4,0.0483374592337897
40,5,0.04407550794213735
40,6,0.040618780091362584
40,7,0.03167502896435449
40,8,0.033006128236054304
40,9,0.03597505966205713
40,10,0.03600452887390776
40,11,0.03437884542968613
40,12,0.0375270237892852
41,1,0.036587547837953316
41,2,0.035426837041632304
41,3,0.04008944118833017
41,4,0.034791178763664034
41,5,0.03302037762402521
41,6,0.03226738446066805
41,7,0.028612905830820965
41,8,0.0294285820507967
41,9,0.03238447439257949
41,10,0.03317547257832287
41,11,0.03698926916336836
41,12,0.037628084791958206
42,1,0.045909585777476614
42,2,0.04347799104301698
42,3,0.04337726616154032
42,4,0.04458849094335211
42,5,0.04773226940794009
42,6,0.04548502381903803
42,7,0.03553908569749876
42,8,0.03666100809357293
42,9,0.039432098730706966
42,10,0.04034701077374882
42,11,0.05206685015804882
42,12,0.04659356098034394
43,1,0.037836910212415864
43,2,0.038681509835707756
43,3,0.042587746098907704
43,4,0.04164679045468681
43,5,0.037714091546780966
43,6,0.03223222756208956
43,7,0.026623343482863198
43,8,0.027471343830330452
43,9,0.029724012988102098
43,10,0.03432913289460105
43,11,0.038956559811064696
43,12,0.03896734383007981
44,1,0.041545018439602274
44,2,0.04037336931346359
44,3,0.044956058288572534
44,4,0.04569524491211385
44,5,0.03971116621779586
44,6,0.035317807230432915
44,7,0.02963287372253492
44,8,0.02997277327079902
44,9,0.033011524326882515
44,10,0.03626322024087995
44,11,0.04213815009891972
44,12,0.04195601216970214
45,1,0.04430510247810604
45,2,0.042885122423253055
45,3,0.04719598798211457
45,4,0.04923901872159918
45,5,0.04321098896893766
45,6,0.03773626604954613
45,7,0.030019826961339303
45,8,0.030632032982131487
45,9,0.033615716114571245
45,10,0.03873384739653648
45,11,0.044405698400830695
45,12,0.046164254640626755
46,1,0.037710578739933436
46,2,0.03677794944012696
46,3,0.0425829683914019
46,4,0.04111709104471019
46,5,0.033730121027930576
46,6,0.03347370130709388
46,7,0.026982701799479605
46,8,0.026673785489360755
46,9,0.030227594783487292
46,10,0.03271533937955475
46,11,0.03807640600339029
46,12,0.03905109922372122
47,1,0.04136332569758842
47,2,0.03977800912562437
47,3,0.049530933513634634
47,4,0.046936573121303185
47,5,0.043799346087036145
47,6,0.04153846076083173
47,7,0.029550946796215692
47,8,0.03148990139648825
47,9,0.034354025022594936
47,10,0.03582916821586304
47,11,0.04154402833444705
47,12,0.04228415721341141
48,1,0.04300767488534147
48,2,0.04211912458813994
48,3,0.04654454591235531
48,4,0.04773673380725655
48,5,0.04066662802329656
48,6,0.038117776274707
48,7,0.029319257718810356
48,8,0.030726753377624684
48,9,0.03214433382217584
48,10,0.03740368317479416
48,11,0.040650587136165026
48,12,0.04297361260063332
49,1,0.03754564739694934
49,2,0.03741094676933092
49,3,0.03817205679333257
49,4,0.035653565050239054
49,5,0.03679682927050816
49,6,0.03545656619204919
49,7,0.03464090676167486
49,8,0.03278667838826928
49,9,0.03441099845745032
49,10,0.03406347376732989
49,11,0.03555757898469883
49,12,0.035341108013814904
50,1,0.042547965254357605
50,2,0.044604606745764434
50,3,0.04974015407727222
50,4,0.048001865922720786
50,5,0.04542416103588499
50,6,0.04193937800844658
50,7,0.03242929970942776
50,8,0.03394315983566013
50,9,0.03696348044926081
50,10,0.036888948136949984
50,11,0.03600320460845289
50,12,0.03969663202991379
51,1,0.04292618637718033
51,2,0.04099337548890159
51,3,0.04499522046095419
51,4,0.04545260493501675
51,5,0.043388488386942335
51,6,0.04160805698866438
51,7,0.03119858334168353
51,8,0.03307690014593919
51,9,0.03680051390532736
51,10,0.0368100546421348
51,11,0.042707023910530835
51,12,0.043817768601984546
52,1,0.041850767257344934
52,2,0.04140873601789294
52,3,0.04664398435513052
52,4,0.04806118654789713
52,5,0.04131544897637554
52,6,0.03736434555830341
52,7,0.0289870193151067
52,8,0.030637272619633334
52,9,0.03232617259468691
52,10,0.03693547840636688
52,11,0.0409839678512504
52,12,0.0427434652294484
53,1,0.03599019898623158
53,2,0.03631351871587795
53,3,0.03805789789216109
53,4,0.03354518065253837
53,5,0.03259504741398476
53,6,0.03229613515329273
53,7,0.030010220300063617
53,8,0.030471141017045403
53,9,0.032088061382484295
53,10,0.03290942164541775
53,11,0.03587220726222009
53,12,0.0371100345950503
54,1,0.03821987850176785
54,2,0.038273071986283665
54,3,0.04398653950243315
54,4,0.04271202716302299
54,5,0.03892215309455596
54,6,0.03325399405120645
54,7,0.02643286315121818
54,8,0.027637445298107997
54,9,0.030095153417255438
54,10,0.03499648482867535
54,11,0.03877257058153802
54,12,0.039514155555873565
55,1,0.04096920650307226
55,2,0.03959360280597846
55,3,0.04493369878337646
55,4,0.04521915870461442
55,5,0.040411001175922674
55,6,0.03527650342403032
55,7,0.027535610781418845
55,8,0.02909287431321535
55,9,0.032564110557013276
55,10,0.03598602570534966
55,11,0.04227492636724361
55,12,0.04139572057174276
56,1,0.03889218439646004
56,2,0.042290409588557024
56,3,0.04900739363734395
56,4,0.05116262981627666
56,5,0.043543619621160996
56,6,0.04321000200924956
56,7,0.03355294985328845
56,8,0.035735036244532475
56,9,0.03763747774994896
56,10,0.03513984666250246
56,11,0.03304304281135246
56,12,0.035770031703099996
57,1,0.04242105955412528
57,2,0.04121000227355892
57,3,0.041509806019564936
57,4,0.04000228378476615
57,5,0.042116581218284814
57,6,0.03738845648140093
57,7,0.03557900812479873
57,8,0.0344584148666043
57,9,0.037274521626262984
57,10,0.04186048586190667
57,11,0.04342742492933779
57,12,0.04094725890165177
58,1,0.04439822338962258
58,2,0.0463231172100687
58,3,0.05099945693945176
58,4,0.0508301758672715
58,5,0.04579345967582085
58,6,0.04297985324952373
58,7,0.03351183252106785
58,8,0.03613778840569427
58,9,0.038412842770015734
58,10,0.037113240619548626
58,11,0.036061367415466256
58,12,0.040526681876326666
59,1,0.036277515103562495
59,2,0.035424014158269464
59,3,0.039959463761051646
59,4,0.035457934756254056
59,5,0.03190950372069871
59,6,0.031712932894342585
59,7,0.028956173987063988
59,8,0.028730847976789285
59,9,0.030974761876029513
59,10,0.03416744963490417
59,11,0.038026627146493464
59,12,0.03834326988530008
60,1,0.034446663856484754
60,2,0.03506775796810691
60,3,0.03742180961437213
60,4,0.03337357162981022
60,5,0.03231067694208003
60,6,0.03198972984105803
60,7,0.029135409038702608
60,8,0.02995895840841485
60,9,0.031047273579690872
60,10,0.03244561546291757
60,11,0.035667405729708626
60,12,0.03687267078527034
61,1,0.04015352123937924
61,2,0.03945029529249833
61,3,0.047631713732571745
61,4,0.04630970461115706
61,5,0.04084589063429956
61,6,0.03853366434567983
61,7,0.029298708685598855
61,8,0.030694487264276125
61,9,0.033636041818053034
61,10,0.035388951756523825
61,11,0.04087198185515477
61,12,0.04252566882039989
62,1,0.035242189564666584
62,2,0.03605048218843639
62,3,0.038227157565661675
62,4,0.033914106849727114
62,5,0.03207111933959955
62,6,0.03260026247082359
62,7,0.029361794078198306
62,8,0.029330350083615165
62,9,0.03233558565789884
62,10,0.03242556806777595
62,11,0.03568377864169977
62,12,0.03663145664038602
63,1,0.036419063908773516
63,2,0.03619692881699166
63,3,0.038241431140401606
63,4,0.033564539281371854
63,5,0.03277138453737469
63,6,0.03212857877104583
63,7,0.029846585985416726
63,8,0.030214574599849577
63,9,0.03231125207808969
63,10,0.03287881882189684
63,11,0.03694430695887124
63,12,0.03707635848150863
64,1,0.036757575185307374
64,2,0.03574921208377134
64,3,0.04209017501748638
64,4,0.03715640717284729
64,5,0.03182676816496454
64,6,0.03264550979689744
64,7,0.02719745731849243
64,8,0.027805055120770222
64,9,0.030794331624997312
64,10,0.032998585625929576
64,11,0.03864464835229861
64,12,0.03867637839171752
65,1,0.04102786253394857
65,2,0.039800608014968174
65,3,0.04450891359076827
65,4,0.044462751669457755
65,5,0.039514233949579196
65,6,0.034192691980007774
65,7,0.028840667035992733
65,8,0.02976336338126044
65,9,0.03343603545258686
65,10,0.03648233145783832
65,11,0.042396111373701695
65,12,0.04150836321814256
66,1,0.03779134643063035
66,2,0.038784137228585855
66,3,0.04532031770213523
66,4,0.0445157323995482
66,5,0.03608343518860283
66,6,0.03389255114991343
66,7,0.026654572130707245
66,8,0.02770405227385647
66,9,0.030387710303282627
66,10,0.03393842511693267
66,11,0.03667358962026865
66,12,0.037532409858378774
67,1,0.038271205441538475
67,2,0.03999278446287962
67,3,0.045521251858815365
67,4,0.043509055859105236
67,5,0.03869286839223715
67,6,0.032453841185723815
67,7,0.026562136770609486
67,8,0.02768732246875755
67,9,0.030824474899325043
67,10,0.03564368220657118
67,11,0.03823268652063228
67,12,0.03957187285523768
68,1,0.043284366672282915
68,2,0.041529582143306404
68,3,0.04623473887105006
68,4,0.04829603252034535
68,5,0.04230303234823011
68,6,0.037662217966998195
68,7,0.030076336160270004
68,8,0.031085003051941874
68,9,0.03375404620824706
68,10,0.03791472686949648
68,11,0.043603783427933786
68,12,0.04519394197115797
69,1,0.04257119767477118
69,2,0.04582143788674548
69,3,0.049484168742501694
69,4,0.05113480440830617
69,5,0.046162442914612696
69,6,0.04472557527119595
69,7,0.03321265618820603
69,8,0.03562748022756557
69,9,0.03806801423978337
69,10,0.036662748915593055
69,11,0.03480412230071869
69,12,0.03858570575211557
70,1,0.03698092394089215
70,2,0.03692453154128177
70,3,0.04201527688273576
70,4,0.03820925108268153
70,5,0.033250989416147736
70,6,0.03445176774094254
70,7,0.02900926703535272
70,8,0.027631046257003244
70,9,0.03237617266519621
70,10,0.033021090239573586
70,11,0.03773791929676495
70,12,0.03776506073574546
71,1,0.02487189840208139
71,2,0.02613197427389305
71,3,0.03134655898615048
71,4,0.03213357521320426
71,5,0.031830377876407176
71,6,0.030721774929677443
71,7,0.024752564110255896
71,8,0.02536271220825569
71,9,0.027244255073388415
71,10,0.02557670379799427
71,11,0.024400258688411478
71,12,0.025460174781108187
72,1,0.04333614510909613
72,2,0.04276675305360787
72,3,0.04673846285718232
72,4,0.04731250687790889
72,5,0.040962785224900475
72,6,0.0385305151119098
72,7,0.029300736344913748
72,8,0.030562156718550604
72,9,0.03248101488586714
72,10,0.03710368439488149
72,11,0.041078522267607484
72,12,0.043347970662914924
73,1,0.0431826332151672
73,2,0.04151411479692879
73,3,0.045785378531583036
73,4,0.045773904815537426
73,5,0.04180544023868032
73,6,0.036416769422548734
73,7,0.028698470759725914
73,8,0.029789571159805187
73,9,0.03197926752210943
73,10,0.037502085289830026
73,11,0.04147460027825537
73,12,0.04358604101985444
74,1,0.034509455118781854
74,2,0.03514326718285976
74,3,0.03808501960460562
74,4,0.033664762799458625
74,5,0.031192815926623957
74,6,0.031073201666936792
74,7,0.02875058611849798
74,8,0.029427562543476393
74,9,0.030360889337894714
74,10,0.03246084697809196
74,11,0.03524319201792176
74,12,0.03587168467508198
75,1,0.04378116072084731
75,2,0.040261450885806384
75,3,0.04325843533616223
75,4,0.04232942388714463
75,5,0.04469477164125131
75,6,0.04194449729805868
75,7,0.03320174243446384
75,8,0.034668533858917515
75,9,0.03793983137855524
75,10,0.038095945658183535
75,11,0.04524599757018775
75,12,0.044406768570472425
76,1,0.038033330454118004
76,2,0.03899879473515365
76,3,0.04307439060510327
76,4,0.04079876493113312
76,5,0.037505634253068264
76,6,0.029372806667807765
76,7,0.025060598728167748
76,8,0.026191294527934065
76,9,0.028110930161730826
76,10,0.03454383048861119
76,11,0.03728400284737301
76,12,0.038108290857255894
77,1,0.03507557425857412
77,2,0.03497888351212145
77,3,0.039741877324798974
77,4,0.03523105239511196
77,5,0.031845086374948824
77,6,0.03171492259168147
77,7,0.027653426975544893
77,8,0.02731787975992265
77,9,0.03123665991753279
77,10,0.03292044367717626
77,11,0.03629118106812333
77,12,0.03639568720729754
78,1,0.047321034684372314
78,2,0.045326032544791194
78,3,0.04504503183247074
78,4,0.04610120146165114
78,5,0.04836222883049414
78,6,0.0459144678310287
78,7,0.035990969204847685
78,8,0.03708606181911645
78,9,0.04030364692557543
78,10,0.040987501518449015
78,11,0.050371167034565116
78,12,0.0486861822972224
79,1,0.03855411840365316
79,2,0.038918622474609345
79,3,0.04730739326152738
79,4,0.04664521926733256
79,5,0.039997211318365686
79,6,0.03763656417805183
79,7,0.028239831242820486
79,8,0.0291187703754261
79,9,0.032569933389760705
79,10,0.03399323522700443
79,11,0.03874311791112705
79,12,0.03929300972722767
80,1,0.042547709800569655
80,2,0.04431567823944952
80,3,0.05226438290218627
80,4,0.05087891462463503
80,5,0.046789953683083134
80,6,0.04516104139561387
80,7,0.0335156988043685
80,8,0.03572116155940766
80,9,0.03826779003331043
80,10,0.03624314235989182
80,11,0.035728323128102965
80,12,0.0392420368264909
81,1,0.03986937573609402
81,2,0.039660638725307895
81,3,0.04497657704311336
81,4,0.044614369191778316
81,5,0.039838041105607014
81,6,0.03319165109163987
81,7,0.02784145290063043
81,8,0.028924147952002884
81,9,0.03129254660714859
81,10,0.0362833432486004
81,11,0.040560175688986955
81,12,0.04134570307221211
82,1,0.044959128371772086
82,2,0.04092138384775016
82,3,0.0432499439388353
82,4,0.04332057006546216
82,5,0.04637638172028895
82,6,0.042707430135746564
82,7,0.034105269339388275
82,8,0.0361939128806842
82,9,0.039469082679868824
82,10,0.04010363274427357
82,11,0.0479661152207727
82,12,0.04666513221887127
83,1,0.03735148046711935
83,2,0.03617916811460179
83,3,0.04102437735149276
83,4,0.03633839613581538
83,5,0.033492140620629454
83,6,0.03360529797116202
83,7,0.028624172627237512
83,8,0.02928889409705448
83,9,0.032467929591360745
83,10,0.03370722347758971
83,11,0.038619670028994794
83,12,0.038549304037946326
84,1,0.04666409031346331
84,2,0.04307438662414233
84,3,0.04456400071567822
84,4,0.04378350591485175
84,5,0.04753183957591271
84,6,0.044864591864017055
84,7,0.03467903450938423
84,8,0.0362430884414153
84,9,0.03944778161461743
84,10,0.04091593900686523
84,11,0.05033228468542023
84,12,0.047636075850347
85,1,0.038075853300421736
85,2,0.038262311998414136
85,3,0.04265647342765869
85,4,0.03884524741463685
85,5,0.034003308852423426
85,6,0.0350496380323812
85,7,0.029245632328126214
85,8,0.029192084269538354
85,9,0.03326220695359087
85,10,0.03450931790778385
85,11,0.038529511859406736
85,12,0.04009402596371904
86,1,0.039177458062228956
86,2,0.04028936193585516
86,3,0.04267131306922652
86,4,0.041696201186630234
86,5,0.034251110684093096
86,6,0.027181725243802506
86,7,0.024532704605655428
86,8,0.02522884018607604
86,9,0.02765854519103379
86,10,0.032634959944854595
86,11,0.03520422357673042
86,12,0.0380041240106247
87,1,0.04452220049146708
87,2,0.041167214817311205
87,3,0.047871445469081286
87,4,0.04668541190771289
87,5,0.04309453885380041
87,6,0.04047243439178512
87,7,0.030131060136772338
87,8,0.031260260141535184
87,9,0.03538498517058318
87,10,0.03678103541876902
87,11,0.04589379899316094
87,12,0.04857371175464946
88,1,0.038099711043487146
88,2,0.036737099666123346
88,3,0.0405318388817482
88,4,0.039963806495920254
88,5,0.03972919578351002
88,6,0.0382309597543844
88,7,0.03141301886650703
88,8,0.03212216892384126
88,9,0.035835371936353104
88,10,0.03565962912327395
88,11,0.04048891537867011
88,12,0.0385473748708466
89,1,0.03561693368800011
89,2,0.03620260363215616
89,3,0.04003870462508965
89,4,0.03697161906108098
89,5,0.03337389706969059
89,6,0.03402211629650616
89,7,0.028706820061198766
89,8,0.028521986036644627
89,9,0.03300748418563005
89,10,0.03396076807809233
89,11,0.03635002217152346
89,12,0.03903209756164709
90,1,0.04243958686138142
90,2,0.0442624315415533
90,3,0.05240592467498093
90,4,0.05103320982230081
90,5,0.04596802192261112
90,6,0.04469966655483264
90,7,0.03404866185588567
90,8,0.03638984429030304
90,9,0.03857417973744968
90,10,0.036552246387500056
90,11,0.03541944178408967
90,12,0.038622622930583606
91,1,0.03860976509561875
91,2,0.03914243036315511
91,3,0.04352387587956848
91,4,0.04281199210017111
91,5,0.03948308772715647
91,6,0.03408756520187221
91,7,0.02710870705574104
91,8,0.028079854916494455
91,9,0.030541997424370852
91,10,0.0348608219430924
91,11,0.03934212036681414
91,12,0.03927010020232545
92,1,0.042339678536911375
92,2,0.043607608082085476
92,3,0.044709133139788075
92,4,0.049949221042587
92,5,0.046063571427041844
92,6,0.045140041914091725
92,7,0.035911087878003775
92,8,0.03581857641431311
92,9,0.038752357353487386
92,10,0.03756723264814578
92,11,0.04266812428933603
92,12,0.04142517249043813
93,1,0.04217407642548116
93,2,0.04124912969324234
93,3,0.045063163850799046
93,4,0.044568314142437344
93,5,0.040153477810133856
93,6,0.035154250888350926
93,7,0.02788044036405475
93,8,0.028569679863587494
93,9,0.031108001053447756
93,10,0.03707831837199615
93,11,0.04027635394148928
93,12,0.04212368105275202
94,1,0.03723531759898531
94,2,0.037104261440624085
94,3,0.04057087008683237
94,4,0.03829792046907618
94,5,0.041660239665410936
94,6,0.036888700436855756
94,7,0.03546114859024572
94,8,0.033713751707719716
94,9,0.03467520615635413
94,10,0.038659675419173194
94,11,0.03933902711398127
94,12,0.03495593746273758
95,1,0.035648065865695557
95,2,0.03492666235212867
95,3,0.03916927869047424
95,4,0.03966273088314248
95,5,0.038982410203624786
95,6,0.03792738446714152
95,7,0.02939207253299292
95,8,0.03121288513097432
95,9,0.03393372558315682
95,10,0.03321641099352619
95,11,0.036679279059454256
95,12,0.035427889602574134
96,1,0.04068169204908221
96,2,0.03918041845040196
96,3,0.044942201478731424
96,4,0.044905877363634376
96,5,0.040534023000010765
96,6,0.03787846976499118
96,7,0.030226150344061373
96,8,0.031279654910291034
96,9,0.03480465865939293
96,10,0.03574621765297445
96,11,0.04152029677324596
96,12,0.04263484284077143
97,1,0.037103575124859914
97,2,0.037925183926140534
97,3,0.04113523613747659
97,4,0.0370282291847911
97,5,0.034045863097370656
97,6,0.03455998414337043
97,7,0.029712726783673662
97,8,0.0288315662547654
97,9,0.03329313742951104
97,10,0.034493775523326754
97,11,0.03823746954325886
97,12,0.039698809573906084
98,1,0.04399875379177285
98,2,0.04604324622460185
98,3,0.05186664741765046
98,4,0.049461721960674665
98,5,0.04495843165101645
98,6,0.042930220184186
98,7,0.03342468432042035
98,8,0.03555655097295779
98,9,0.03812752218296186
98,10,0.036815190034611193
98,11,0.035963367044222726
98,12,0.03991062814787029
99,1,0.036549066792440556
99,2,0.037083309357224654
99,3,0.04036638440885877
99,4,0.03890824119117422
99,5,0.03559210853300079
99,6,0.028227579938237796
99,7,0.024959949918169
99,8,0.02589249771878044
99,9,0.02755131083240188
99,10,0.03357751831634047
99,11,0.03577094805978681
99,12,0.036975957062224604
100,1,0.039731573596429426
100,2,0.040194656960059916
100,3,0.04581496553993685
100,4,0.04469033321656334
100,5,0.039695623863000316
100,6,0.03246390452886782
100,7,0.02719061815307507
100,8,0.02744491546911495
100,9,0.03041938992773245
100,10,0.0357804478313658
100,11,0.04018530858361735
100,12,0.04027043288868922
101,1,0.03548789884220575
101,2,0.03705670960709368
101,3,0.0400189519831642
101,4,0.03829728619177609
101,5,0.035510926716417736
101,6,0.02859983846038972
101,7,0.024673690030528654
101,8,0.025831737889084563
101,9,0.02744568620213825
101,10,0.032917513722813777
101,11,0.034909577647020996
101,12,0.03646903655031221
102,1,0.03862246056206854
102,2,0.03881348953056477
102,3,0.04237074712309416
102,4,0.04191932840538984
102,5,0.03781654013402054
102,6,0.030572368025464085
102,7,0.02647521640384391
102,8,0.0273298734707514
102,9,0.028661136917527714
102,10,0.03493261500589447
102,11,0.037295613870050336
102,12,0.03925259990984769
103,1,0.03946567730468131
103,2,0.039754330525011636
103,3,0.04335766684363136
103,4,0.04383405874153073
103,5,0.038806790954693644
103,6,0.033369736756901414
103,7,0.02761860885585328
103,8,0.028573661760342397
103,9,0.0313584309950967
103,10,0.03550773572577255
103,11,0.0403484333245135
103,12,0.04148068871833398
104,1,0.04066750011114348
104,2,0.04260263883938319
104,3,0.0506547626226597
104,4,0.047526384183698686
104,5,0.043413220992192185
104,6,0.040276454850684554
104,7,0.03194044757158926
104,8,0.03425258269276683
104,9,0.03622743764388757
104,10,0.035487026701361675
104,11,0.03488849510411553
104,12,0.03815870499791171
105,1,0.04360247935860665
105,2,0.04180293369165885
105,3,0.0487425250400372
105,4,0.04841017708748648
105,5,0.04472711563956606
105,6,0.042187070729753404
105,7,0.031136902465580277
105,8,0.03228434416221377
105,9,0.03576946687748648
105,10,0.03684907379794461
105,11,0.042170013638165624
105,12,0.04439046512314196
106,1,0.04253594781002237
106,2,0.04045394249183229
106,3,0.0452258227862708
106,4,0.04593237616127459
106,5,0.041645004349593194
106,6,0.037319597965882086
106,7,0.028796566484567455
106,8,0.030245845510098224
106,9,0.0328458020161168
106,10,0.036452489473633144
106,11,0.04207701492862429
106,12,0.04362524305594194
107,1,0.03766261384150803
107,2,0.03743160164974469
107,3,0.038214065926497794
107,4,0.0360723729721177
107,5,0.0360255370455147
107,6,0.03380617871692174
107,7,0.03292866648678978
107,8,0.0323124439316886
107,9,0.03431052850266644
107,10,0.0340019924949754
107,11,0.03564829034290294
107,12,0.03487070579140382
108,1,0.03843077360430426
108,2,0.03849727025624705
108,3,0.040464727582815406
108,4,0.038938327674811944
108,5,0.04081699271030216
108,6,0.037430614195822255
108,7,0.03654924157755197
108,8,0.033456311090388643
108,9,0.03553398354917415
108,10,0.03886153521005836
108,11,0.039247433711670936
108,12,0.037644547225850276
109,1,0.03644640485878451
109,2,0.03565566103522593
109,3,0.038600847880945074
109,4,0.03401917529206469
109,5,0.032485827071762466
109,6,0.03216405978130965
109,7,0.029372366903214434
109,8,0.030630663706197898
109,9,0.032084336474431575
109,10,0.03353232352562886
109,11,0.03747318428551211
109,12,0.03713157167561269
110,1,0.04681414234330993
110,2,0.04474859211387665
110,3,0.04978298748870634
110,4,0.052665157620772785
110,5,0.043948611122196335
110,6,0.042416462995571995
110,7,0.0312565487659358
110,8,0.03247934337909926
110,9,0.03352769821067581
110,10,0.03837422687695157
110,11,0.04401640036562853
110,12,0.04618357186397864
111,1,0.03220672343004656
111,2,0.034360862613820715
111,3,0.03864557979552496
111,4,0.043472571387086524
111,5,0.03824945782777398
111,6,0.03671157455994344
111,7,0.030129873861226404
111,8,0.031107359423369597
111,9,0.03173434934907627
111,10,0.03053250936117393
111,11,0.0294790112683153
111,12,0.03101066776169233
112,1,0.03833523667635305
112,2,0.03823952438376018
112,3,0.041571373027880346
112,4,0.03984382690897713
112,5,0.04440591046573689
112,6,0.04060225256205081
112,7,0.03654504356155698
112,8,0.03560937726946959
112,9,0.03611549256748331
112,10,0.03543501049753072
112,11,0.038505617133606056
112,12,0.03675770171892237
113,1,0.040745885793953406
113,2,0.04045099201411844
113,3,0.04396212812256178
113,4,0.04437901054414432
113,5,0.03917381418972182
113,6,0.033576257091338005
113,7,0.027325957812465336
113,8,0.028924005003860557
113,9,0.03190006346701281
113,10,0.0358964633793424
113,11,0.04254192934072712
113,12,0.041122584648609205
114,1,0.04306751410923204
114,2,0.04174743148015674
114,3,0.047217781399628955
114,4,0.04811284468861648
114,5,0.04134367246483024
114,6,0.036236094910214345
114,7,0.029939433236062858
114,8,0.030940139651360672
114,9,0.03370120201723079
114,10,0.03826338022304974
114,11,0.043839105454797064
114,12,0.04463800011815309
115,1,0.04386091860311412
115,2,0.0417083801420813
115,3,0.048235284477503235
115,4,0.04917245000707934
115,5,0.045056469888513466
115,6,0.042152305971538934
115,7,0.030784892801170576
115,8,0.03252048431265074
115,9,0.035760653689470165
115,10,0.03841258463674112
115,11,0.043733302970917064
115,12,0.04518304500260521
116,1,0.03470408049795896
116,2,0.03455222780480859
116,3,0.03981996258564443
116,4,0.03557330881799716
116,5,0.03170105063474504
116,6,0.031823434994404334
116,7,0.028230914377034774
116,8,0.027926890508669387
116,9,0.03219099310706051
116,10,0.033238277586801354
116,11,0.03733210432329712
116,12,0.037154820786878186
117,1,0.04025572117348916
117,2,0.03858741999929719
117,3,0.041749532687733605
117,4,0.04198595006073706
117,5,0.04192888058793647
117,6,0.04058555369999674
117,7,0.03132606702558058
117,8,0.033341931130372045
117,9,0.036376380548976524
117,10,0.03631498270478772
117,11,0.04122423070530546
117,12,0.040629116526959705
118,1,0.0412360597974642
118,2,0.04055172490762757
118,3,0.04478682321924596
118,4,0.0458578704888022
118,5,0.040365006745792686
118,6,0.03521297893522761
118,7,0.02887156063901144
118,8,0.03000572475763496
118,9,0.032561284542139246
118,10,0.03696796697258671
118,11,0.043078409012940154
118,12,0.04160014254925794
119,1,0.04010099676078112
119,2,0.03911224670608304
119,3,0.0488819522957968
119,4,0.04698435585024083
119,5,0.04181820912529236
119,6,0.04024783688271222
119,7,0.028946143321447085
119,8,0.030266654086630873
119,9,0.03360727837125324
119,10,0.03501456939922606
119,11,0.040628561467617036
119,12,0.041003324380080634
120,1,0.03542059972093006
120,2,0.036055676025991995
120,3,0.039324902787673574
120,4,0.03433106415591434
120,5,0.03139897935442854
120,6,0.031122071276369588
120,7,0.029160234505289567
120,8,0.02955837671054645
120,9,0.031071655752083333
120,10,0.03348540051857332
120,11,0.0372414499817872
120,12,0.037369195981508604
121,1,0.042552118494600846
121,2,0.044208071968196296
121,3,0.04951821288824901
121,4,0.04800060775803427
121,5,0.0450192375107576
121,6,0.04148895667424345
121,7,0.032802385676498874
121,8,0.03361310732053591
121,9,0.03698617585776992
121,10,0.037100586702530025
121,11,0.03629193556338337
121,12,0.04022574935793406
122,1,0.0354662348996495
122,2,0.03556342882597251
122,3,0.04019629091828639
122,4,0.03686225635296709
122,5,0.03337207602647124
122,6,0.03408054145000368
122,7,0.02851996643318668
122,8,0.02838158192945298
122,9,0.03309612282127757
122,10,0.033055084387417354
122,11,0.036284867000395
122,12,0.038727062533489315
123,1,0.042118241476760444
123,2,0.043785639732669954
123,3,0.05058885529106612
123,4,0.050550566266598644
123,5,0.045550051250638886
123,6,0.04370910889962298
123,7,0.03332132133696184
123,8,0.036302356145187294
123,9,0.03771747622295595
123,10,0.03576593785501522
123,11,0.035115650623363276
123,12,0.03820023926412374
124,1,0.03901675129618633
124,2,0.04111909658174607
124,3,0.04819320274445285
124,4,0.04603712883614852
124,5,0.04159869061605057
124,6,0.03849365399927521
124,7,0.030657454649149547
124,8,0.033268961936795335
124,9,0.03659070746436283
124,10,0.03456404823658917
124,11,0.03390299191897817
124,12,0.0369328044438714
125,1,0.03769135457986159
125,2,0.03745520373470047
125,3,0.04353591103728374
125,4,0.041230583542315756
125,5,0.033808100097327314
125,6,0.034464982618530364
125,7,0.026543526907349225
125,8,0.027540672177176054
125,9,0.03233611184448615
125,10,0.03300953875315702
125,11,0.03902703040489586
125,12,0.03904949580219015
126,1,0.03669789746106875
126,2,0.038781099150150024
126,3,0.04614598829896657
126,4,0.04333580967804135
126,5,0.04094092443417766
126,6,0.03799203268120299
126,7,0.030661855899962065
126,8,0.03216748634183683
126,9,0.03426765633571581
126,10,0.033740236290206935
126,11,0.03281131053169107
126,12,0.0353417921632763
127,1,0.03252212741049742
127,2,0.03366773296432562
127,3,0.03864716486880005
127,4,0.04245724108334641
127,5,0.03756838359889514
127,6,0.036172517781410216
127,7,0.029813351206770474
127,8,0.03049619215133529
127,9,0.03183379477269397
127,10,0.03055508782909593
127,11,0.029771282458651724
127,12,0.03173899499511267
128,1,0.0399539327739195
128,2,0.039524932691688566
128,3,0.04399399897160694
128,4,0.04279918549116962
128,5,0.03854798915559369
128,6,0.032583946474665615
128,7,0.026553630949715454
128,8,0.027926080632291444
128,9,0.030079736726334457
128,10,0.036351525375555485
128,11,0.03853531238075357
128,12,0.0400676269359947
129,1,0.03592694156399593
129,2,0.0360513493446432
129,3,0.03714157296464514
129,4,0.033101877277371385
129,5,0.03235051410279009
129,6,0.03243936991421923
129,7,0.030479717801975618
129,8,0.03060056179086096
129,9,0.03227452834640872
129,10,0.032804016179853526
129,11,0.035494322414864894
129,12,0.03565807886953901
130,1,0.045597951246781704
130,2,0.04676291775661043
130,3,0.05127008443000544
130,4,0.051115047520240944
130,5,0.04723123339748991
130,6,0.043105199034937196
130,7,0.03389609388024642
130,8,0.03630930332593786
130,9,0.03869676181886076
130,10,0.03716034906121089
130,11,0.03722973516933239
130,12,0.04128015693541197
131,1,0.047716647116785256
131,2,0.04596441564085321
131,3,0.048011894150651
131,4,0.048692755366761015
131,5,0.0486449061833903
131,6,0.04601353307374958
131,7,0.0349492218389459
131,8,0.03657822349680384
131,9,0.039315830371045926
131,10,0.039407110825415585
131,11,0.042269439287274536
131,12,0.04726556839316629
132,1,0.03822240171361319
132,2,0.04221270270242456
132,3,0.04901780910757371
132,4,0.052398182883371947
132,5,0.04378244477585346
132,6,0.04161910403048251
132,7,0.03351770517039006
132,8,0.035117587530425494
132,9,0.03750062622044267
132,10,0.03533977727513082
132,11,0.03298947246685288
132,12,0.03590192055600109
133,1,0.03824563392371184
133,2,0.036715832935033096
133,3,0.04072582751687075
133,4,0.04119583755427579
133,5,0.04017419420672525
133,6,0.03901371866264873
133,7,0.030833430591612112
133,8,0.03189249117440249
133,9,0.03503294105439408
133,10,0.03467116702695618
133,11,0.0390445496721774
133,12,0.038484419918566506
134,1,0.035744651226349344
134,2,0.0353098611808014
134,3,0.036616211803426696
134,4,0.03304039856487273
134,5,0.03148292167266006
134,6,0.031718321231707904
134,7,0.02954594574127495
134,8,0.030374157374548957
134,9,0.03111950943646159
134,10,0.03193778898386005
134,11,0.03583179123561431
134,12,0.036114804489072325
135,1,0.044405516107027365
135,2,0.04580103264275894
135,3,0.05084779978478661
135,4,0.0509878177014278
135,5,0.04665730373174498
135,6,0.04256608384696008
135,7,0.03321749398977312
135,8,0.03531077443979415
135,9,0.03716022971735025
135,10,0.03724540993292017
135,11,0.03610277288621478
135,12,0.04025023175340862
136,1,0.04656139017440491
136,2,0.04181838537373837
136,3,0.043239541247639096
136,4,0.04383032603625006
136,5,0.04707948334562941
136,6,0.043577598686497944
136,7,0.033860654398601524
136,8,0.035272190135397945
136,9,0.03907459949112385
136,10,0.03975119267975275
136,11,0.04862834632021971
136,12,0.046993840863241945
137,1,0.039475313852034254
137,2,0.039599588028466415
137,3,0.04469430719146823
137,4,0.044385438013386666
137,5,0.03993399752472461
137,6,0.03235165086396298
137,7,0.02740284120020885
137,8,0.028090171075321795
137,9,0.03012839189332135
137,10,0.03596054452353802
137,11,0.03952033735445425
137,12,0.04030777259444098
138,1,0.03740936295934989
138,2,0.037210099789380495
138,3,0.04185523647119483
138,4,0.03755963118778483
138,5,0.033172406349611994
138,6,0.03454127676023621
138,7,0.02899939483214415
138,8,0.029066437408791224
138,9,0.033476619988715046
138,10,0.03474157082313445
138,11,0.03868172752128604
138,12,0.03972594414140447
139,1,0.03941258637785852
139,2,0.03910723004601488
139,3,0.04392315323961576
139,4,0.04387777493022655
139,5,0.03944082670775178
139,6,0.033926149574055514
139,7,0.027041257504807154
139,8,0.028200206374873565
139,9,0.03035026966057709
139,10,0.03545289367551697
139,11,0.03927783935566323
139,12,0.04027520062060087
140,1,0.04326791412565688
140,2,0.04207941822208796
140,3,0.04664466099711075
140,4,0.046047839285255646
140,5,0.04199288111525887
140,6,0.0365672622917058
140,7,0.02867452024459716
140,8,0.029719876677504985
140,9,0.031586969101643
140,10,0.03716454203205246
140,11,0.04147210077698775
140,12,0.0428307777923474
141,1,0.04137161376233005
141,2,0.04120178223253313
141,3,0.04402235571604073
141,4,0.044517138262819514
141,5,0.040036149988603616
141,6,0.03398374289586954
141,7,0.029386584280006078
141,8,0.029078740061571077
141,9,0.030181687041217438
141,10,0.03769623248844465
141,11,0.040736158790715744
141,12,0.041743639004796156
142,1,0.04632512213859028
142,2,0.047933455549629245
142,3,0.05101940318324265
142,4,0.05064236770503296
142,5,0.046680086796102055
142,6,0.04539766777156746
142,7,0.03382679662574216
142,8,0.03638292790651857
142,9,0.03888947678658826
142,10,0.038171244711236466
142,11,0.03706565534593539
142,12,0.04114589456814876
143,1,0.03956479475227486
143,2,0.041435658394459916
143,3,0.04432725740800507
143,4,0.04240914326267002
143,5,0.034691098939105894
143,6,0.027810259425667592
143,7,0.025287071206186795
143,8,0.0266614530729927
143,9,0.02915098032896987
143,10,0.03408922980279904
143,11,0.03589797248164927
143,12,0.03819453629256662
144,1,0.04828321958691401
144,2,0.0431682338687097
144,3,0.044145249324098794
144,4,0.0445056265043933
144,5,0.047889620626177756
144,6,0.04525008418729517
144,7,0.03416163975609346
144,8,0.036343778290557814
144,9,0.0391100550478975
144,10,0.03981546522495557
144,11,0.04770033626488148
144,12,0.04836513596110746
145,1,0.03907536616042293
145,2,0.04305790443523242
145,3,0.04800907623879818
145,4,0.05237298748114335
145,5,0.044051607997216115
145,6,0.04189579508461186
145,7,0.03409988396949509
145,8,0.035502997500103266
145,9,0.03807699455392472
145,10,0.03496377723076694
145,11,0.03427673886275802
145,12,0.036577288183678995
146,1,0.0381926180962846
146,2,0.03763368989102654
146,3,0.03959709923249672
146,4,0.03840478187810432
146,5,0.040373024973103265
146,6,0.0367497621848078
146,7,0.036470063744444996
146,8,0.03303535323561142
146,9,0.03526843839624101
146,10,0.0398952760358162
146,11,0.03946539025582866
146,12,0.03720105084539973
147,1,0.046224234533228346
147,2,0.042341420676519234
147,3,0.044221487590493366
147,4,0.043438131697414395
147,5,0.047051360708906725
147,6,0.043485674010614796
147,7,0.03480832814024695
147,8,0.03609483026990312
147,9,0.03943872807249006
147,10,0.04044254613161664
147,11,0.049447416758015804
147,12,0.049192669241837704
148,1,0.044590488735675726
148,2,0.046591868175033295
148,3,0.04551069823686903
148,4,0.04922114209697055
148,5,0.04734681274907808
148,6,0.046117441095089216
148,7,0.036122980306062924
148,8,0.036648198880220376
148,9,0.03923132508688588
148,10,0.03913542708837368
148,11,0.04607799458671793
148,12,0.0451043739043421
149,1,0.04292155381916047
149,2,0.04231304142393842
149,3,0.04926731005729392
149,4,0.05033241012013206
149,5,0.042657704399922156
149,6,0.0420995930903147
149,7,0.028928695273867724
149,8,0.030475194384010786
149,9,0.03244383948537412
149,10,0.03697940779679775
149,11,0.04099328113888404
149,12,0.042261601350737484
150,1,0.03659554109705962
150,2,0.03521530567179755
150,3,0.039782606771304664
150,4,0.03902256234963673
150,5,0.038286092579773175
150,6,0.036522247183483014
150,7,0.030300611813963735
150,8,0.03132834837062876
150,9,0.03494223717241426
150,10,0.03409485551748093
150,11,0.03754614193187126
150,12,0.036788411268551084
151,1,0.035221306308128884
151,2,0.03892994001484619
151,3,0.04387808859338872
151,4,0.05019970306083604
151,5,0.042596898195385785
151,6,0.03953281446532598
151,7,0.03237185148065567
151,8,0.0331693627959198
151,9,0.03455576352141946
151,10,0.03377642763423932
151,11,0.03250584489786891
151,12,0.03406900445708254
152,1,0.040121772099995706
152,2,0.041408583469327014
152,3,0.045729221417995555
152,4,0.04396824267579125
152,5,0.03938370706872488
152,6,0.032812717226707845
152,7,0.025609436931491838
152,8,0.027151322460690915
152,9,0.02956097704482786
152,10,0.03585971128039196
152,11,0.038880338081429086
152,12,0.04108558644209439
153,1,0.04039995090126642
153,2,0.04069486889425798
153,3,0.04534433293066042
153,4,0.043371479370489005
153,5,0.039259031029990114
153,6,0.03198244878694598
153,7,0.026727175576382448
153,8,0.028519087684124797
153,9,0.03037481523266369
153,10,0.03716444931127922
153,11,0.03977466668112666
153,12,0.04104758811222239
154,1,0.03783223551809155
154,2,0.04035548641817064
154,3,0.049948519757290935
154,4,0.04656300751969144
154,5,0.043311518980392566
154,6,0.039365325580557935
154,7,0.03145445934859862
154,8,0.03318508861303598
154,9,0.03593803460171559
154,10,0.03468338219259213
154,11,0.033684819528068045
154,12,0.03620529353650543
155,1,0.03548007490445258
155,2,0.03486072532524203
155,3,0.0405103880521749
155,4,0.03547028829987674
155,5,0.0317765481781938
155,6,0.03204404225634192
155,7,0.027530759165432052
155,8,0.02740500186512556
155,9,0.03047758969292706
155,10,0.03270249988964906
155,11,0.03713038862865187
155,12,0.036889436985804186
156,1,0.04602897055554855
156,2,0.048405443280522605
156,3,0.050627316635941826
156,4,0.05158307567666804
156,5,0.04717926465826565
156,6,0.04509136517745103
156,7,0.03462040524908716
156,8,0.03695054566767644
156,9,0.03953090671814782
156,10,0.037990478966390864
156,11,0.03739859866176588
156,12,0.041518423925448696
157,1,0.03849501177937964
157,2,0.03941483403134997
157,3,0.042998953128045164
157,4,0.03812996111841235
157,5,0.03371058544069604
157,6,0.03444413539335127
157,7,0.02907466734417075
157,8,0.02910540004431177
157,9,0.033229733175923856
157,10,0.035217314993317345
157,11,0.0406907930279841
157,12,0.041122420124122365
158,1,0.0417718666945316
158,2,0.040448381442478844
158,3,0.04547880552523037
158,4,0.045526446510570584
158,5,0.0411924161184212
158,6,0.0369047992905188
158,7,0.028675111755099254
158,8,0.02926124136968719
158,9,0.03151461364390584
158,10,0.03658524388517562
158,11,0.04186268816177887
158,12,0.04271629976550597
159,1,0.041285721273199065
159,2,0.04253404502912128
159,3,0.04916296538186723
159,4,0.046549897067145185
159,5,0.04348567802675932
159,6,0.04039609116146045
159,7,0.03226949817752572
159,8,0.03455845846969344
159,9,0.035861446684882864
159,10,0.03538169953115375
159,11,0.034689005152182345
159,12,0.038119426383661024
160,1,0.04187968436383536
160,2,0.0399818533037889
160,3,0.046818919941515054
160,4,0.04660888246962423
160,5,0.04412109800477008
160,6,0.04249839603710049
160,7,0.03096154734849722
160,8,0.03289386749898645
160,9,0.035516529914268985
160,10,0.036419976328858565
160,11,0.041887039027093356
160,12,0.041725554265967225
161,1,0.04334271764893583
161,2,0.043062283634049986
161,3,0.0495006359744205
161,4,0.05061380638572985
161,5,0.041937733737076835
161,6,0.040137252554998795
161,7,0.028976602680139827
161,8,0.030733186268394067
161,9,0.032349574643097796
161,10,0.036923884570558035
161,11,0.04130599736891953
161,12,0.042699484784482884
162,1,0.040174988508834476
162,2,0.040073347646502916
162,3,0.04331678730686401
162,4,0.04275723796276785
162,5,0.03962011214868936
162,6,0.03300823143940716
162,7,0.02709901311633313
162,8,0.02816337640208997
162,9,0.030889776853778913
162,10,0.03579764083435005
162,11,0.04057893000940412
162,12,0.041755367542826806
163,1,0.04607260794543214
163,2,0.04151841444548723
163,3,0.04296227936836034
163,4,0.0446307224819001
163,5,0.04642834333236871
163,6,0.043628282954326136
163,7,0.0336269377744037
163,8,0.0354132265157464
163,9,0.03850933098575489
163,10,0.039654039934678274
163,11,0.04799904415542868
163,12,0.04630746237738438
164,1,0.038293098642151
164,2,0.0384479154166585
164,3,0.04308051604159147
164,4,0.04291309103119207
164,5,0.0385610685858194
164,6,0.033646651965617176
164,7,0.02710201263964893
164,8,0.028086202225620634
164,9,0.03015850140148874
164,10,0.034546735733605276
164,11,0.038241897298826814
164,12,0.039186708055380236
165,1,0.03777083959960178
165,2,0.03790212211230305
165,3,0.040244377874791126
165,4,0.040028692551906095
165,5,0.04200525878618742
165,6,0.0369426795105914
165,7,0.03529932661331712
165,8,0.03348297194076715
165,9,0.03539831658579385
165,10,0.03886715476116648
165,11,0.04236195058223823
165,12,0.03594540365666658
166,1,0.04379397143256413
166,2,0.04195017036471523
166,3,0.04616271099396425
166,4,0.04900962331876739
166,5,0.042304498995371226
166,6,0.03770601006201261
166,7,0.03009750222570691
166,8,0.03143634212280292
166,9,0.03430418961650362
166,10,0.038089766099803045
166,11,0.04391843539319288
166,12,0.04488881526021545
167,1,0.043682837393654105
167,2,0.04212365050379369
167,3,0.046374382018411195
167,4,0.047505196781276744
167,5,0.04304938074817567
167,6,0.03723610052499886
167,7,0.029243056702462685
167,8,0.03067261247817232
167,9,0.03316967168021807
167,10,0.03809880934747308
167,11,0.043898211329403074
167,12,0.04593625941818012
168,1,0.04804643109679307
168,2,0.045938640038287834
168,3,0.04633445469813268
168,4,0.04819637951083546
168,5,0.048505085998651845
168,6,0.04606666984995656
168,7,0.03441249575078616
168,8,0.035880379764314935
168,9,0.039402591423948176
168,10,0.04010659256721528
168,11,0.045380992273846316
168,12,0.04884694358181803
169,1,0.04166769478171164
169,2,0.04089842036335351
169,3,0.047362467268625315
169,4,0.04611833384080393
169,5,0.04120930920799522
169,6,0.035986203924979865
169,7,0.02933983825236513
169,8,0.03066792956251178
169,9,0.03253582998095861
169,10,0.03743282855244752
169,11,0.0436641400608722
169,12,0.042837470873516796
170,1,0.04283321045406424
170,2,0.042113003354128264
170,3,0.04628466457368475
170,4,0.04712194146431875
170,5,0.04133490168826367
170,6,0.037775586889649215
170,7,0.028361219563715363
170,8,0.030475379265815818
170,9,0.03275581492534814
170,10,0.037267253053482975
170,11,0.04161039379236882
170,12,0.043355082425149925
171,1,0.039238454644264904
171,2,0.04318226954972649
171,3,0.048834724421521085
171,4,0.05050612388825925
171,5,0.0445686086582472
171,6,0.04343828872223189
171,7,0.03302415644564693
171,8,0.035696434473927494
171,9,0.037002465717284806
171,10,0.03510182799101252
171,11,0.03379272210013109
171,12,0.03697663074674178
172,1,0.0467704208024301
172,2,0.04196847960967121
172,3,0.04355094836261416
172,4,0.04368412717653916
172,5,0.04750714279438078
172,6,0.043929670879978074
172,7,0.0343162017124853
172,8,0.0358085233876374
172,9,0.03898958877765549
172,10,0.0400363962921159
172,11,0.049217710933536704
172,12,0.04737659512779037
173,1,0.047343622085264825
173,2,0.04320666699749726
173,3,0.045457323875166926
173,4,0.04520958237025821
173,5,0.047185948078099116
173,6,0.04635944352061375
173,7,0.033579422834794745
173,8,0.03564129258769333
173,9,0.039341099593859896
173,10,0.0399898944454686
173,11,0.04543837317432267
173,12,0.04620990055348483
174,1,0.045051670051660796
174,2,0.04369581229324141
174,3,0.04390307777672892
174,4,0.04383292344229086
174,5,0.04753930513291871
174,6,0.04479954239141167
174,7,0.03509302988578573
174,8,0.036566981648518404
174,9,0.03946745405266872
174,10,0.04077078282082941
174,11,0.05124748943550614
174,12,0.047138650075777604
175,1,0.04039754606632805
175,2,0.03883888559395406
175,3,0.04056925039701931
175,4,0.03986090224043651
175,5,0.041796349847512015
175,6,0.03769985143324046
175,7,0.03681677660830513
175,8,0.03327845802556489
175,9,0.035777366210799105
175,10,0.039249097938772216
175,11,0.041142632117184885
175,12,0.03817127424086766
176,1,0.03655305507171982
176,2,0.0361704916896052
176,3,0.03860677098895172
176,4,0.03386066217497407
176,5,0.032124519775086846
176,6,0.03292680634903802
176,7,0.029294755091080357
176,8,0.02996693571813674
176,9,0.03213599311126383
176,10,0.03361417360171325
176,11,0.03596748022206867
176,12,0.037584296177290116
177,1,0.035302781866472024
177,2,0.034679484277838034
177,3,0.041147429112173416
177,4,0.035774266017379194
177,5,0.03181452235615729
177,6,0.03189807860680405
177,7,0.027401511133026933
177,8,0.027412994080511757
177,9,0.030340980644358664
177,10,0.03222417768672909
177,11,0.037792120290392896
177,12,0.036962109482780975
178,1,0.036633440846962115
178,2,0.03537489460410556
178,3,0.04005595756335059
178,4,0.03615774617011013
178,5,0.03270526349246314
178,6,0.032740638352993574
178,7,0.028255490757437447
178,8,0.028301540200676982
178,9,0.03128124658833596
178,10,0.03329578700024414
178,11,0.037311993896104796
178,12,0.03776705740247197
179,1,0.04010438114879872
179,2,0.040092965448459826
179,3,0.04496479379120109
179,4,0.04453706295671675
179,5,0.04038651475487666
179,6,0.03317140092764083
179,7,0.02762634594438687
179,8,0.028225526945070422
179,9,0.030789104129071106
179,10,0.03612121315667318
179,11,0.03997506192899886
179,12,0.040518390923442
180,1,0.04561981074906523
180,2,0.04683631288737955
180,3,0.05122068500186688
180,4,0.05126713113842358
180,5,0.04633189386925001
180,6,0.0437228327259232
180,7,0.03360626918233342
180,8,0.035798424531255174
180,9,0.038199777347843446
180,10,0.03721137862514881
180,11,0.0365773523509718
180,12,0.040586549003370165
181,1,0.03431800244213198
181,2,0.034450286342458364
181,3,0.036075901149408736
181,4,0.03278621361678001
181,5,0.031066335046659118
181,6,0.031169081742352726
181,7,0.028885210986175983
181,8,0.029606818755725114
181,9,0.029896189748452442
181,10,0.031163450676918624
181,11,0.034952854417860786
181,12,0.035251853026480665
182,1,0.04431487087257197
182,2,0.04207087894725397
182,3,0.04747828687308832
182,4,0.04865709705783196
182,5,0.042084331672423314
182,6,0.03725618308339786
182,7,0.030033024745560206
182,8,0.030566677481807695
182,9,0.03363520916894876
182,10,0.038369502129142585
182,11,0.044273729425042
182,12,0.04549140338712733
183,1,0.04672349991447989
183,2,0.046853400616472314
183,3,0.04921619926128999
183,4,0.049311988665354085
183,5,0.04645407939406081
183,6,0.04341981011138003
183,7,0.03284511327317123
183,8,0.03525284885341069
183,9,0.03881438735666813
183,10,0.03839815116394975
183,11,0.037680482693076826
183,12,0.042560722817513656
184,1,0.039991248807635375
184,2,0.03999098204809383
184,3,0.04450289266815323
184,4,0.044029501889619384
184,5,0.03938696326829934
184,6,0.03271015076830236
184,7,0.027016781559290298
184,8,0.028117265293348553
184,9,0.030549314920212144
184,10,0.03579395385963623
184,11,0.04085688548217098
184,12,0.04127224964043003
185,1,0.040441866037740394
185,2,0.03961378517290196
185,3,0.0446241455578234
185,4,0.04337020518340234
185,5,0.03893573636923784
185,6,0.03295704990848929
185,7,0.027228877032002455
185,8,0.028156982085892367
185,9,0.030461643199790514
185,10,0.03653522986410651
185,11,0.03959322443420225
185,12,0.04103459142588116
186,1,0.039916397669789744
186,2,0.03875600515522741
186,3,0.04283295020222915
186,4,0.040039934148221226
186,5,0.03411716531119319
186,6,0.03572636052665178
186,7,0.02798032749260207
186,8,0.028529287605779136
186,9,0.03361217622804275
186,10,0.03456022408355949
186,11,0.04047045339924933
186,12,0.040953380910426176
187,1,0.04343827108810329
187,2,0.04075257351593753
187,3,0.046233028725044596
187,4,0.04892209989467763
187,5,0.041399170100103314
187,6,0.03787197969878117
187,7,0.030326183662841958
187,8,0.031112708933786128
187,9,0.03354464714522364
187,10,0.03755106176891734
187,11,0.04313520027005187
187,12,0.0447422910697737
188,1,0.0387960303211238
188,2,0.03784907767107627
188,3,0.0429609100239936
188,4,0.04285849483769263
188,5,0.03944068751368734
188,6,0.03766251987314046
188,7,0.029597963589440616
188,8,0.03076945009114347
188,9,0.03426386752497307
188,10,0.03505933316694423
188,11,0.039109390387336074
188,12,0.04011628677673481
189,1,0.041145559781664585
189,2,0.04033089212824557
189,3,0.04379742871441796
189,4,0.04490593621665485
189,5,0.04022948579408182
189,6,0.03592729678565119
189,7,0.028822286759231725
189,8,0.029740194887529273
189,9,0.03263077688102567
189,10,0.03636969505545396
189,11,0.041672220790047704
189,12,0.041882732488121494
190,1,0.038221676208579115
190,2,0.03688977924802347
190,3,0.04096078637885956
190,4,0.04180118999917452
190,5,0.04044411931388948
190,6,0.039284177556373645
190,7,0.030678310944145665
190,8,0.0321772824656958
190,9,0.03520187891168227
190,10,0.034810606533453387
190,11,0.03927023868239976
190,12,0.0386264529429254
191,1,0.037558697978374765
191,2,0.041730527405066116
191,3,0.04720744051293032
191,4,0.047426647525024346
191,5,0.04183076865379254
191,6,0.0402971103608021
191,7,0.03188100202259536
191,8,0.03482111393900786
191,9,0.03645796079539114
191,10,0.034341985261864535
191,11,0.032837615943769986
191,12,0.03636852585571381
192,1,0.04049031679265124
192,2,0.041287817204210556
192,3,0.04572373246748891
192,4,0.043632783038225265
192,5,0.03918917333839464
192,6,0.03268987960916938
192,7,0.026468238368137047
192,8,0.02807727568675325
192,9,0.030524430390337583
192,10,0.03605347083755436
192,11,0.03886116042977527
192,12,0.04095516145628502
193,1,0.03949394456870605
193,2,0.04275772127862665
193,3,0.048728921755872734
193,4,0.05016470816147651
193,5,0.044404699082710664
193,6,0.04284040903466904
193,7,0.033474338763903363
193,8,0.035666938894139
193,9,0.03722335355824867
193,10,0.03534708413682963
193,11,0.03371017213182369
193,12,0.036985285260933976
194,1,0.03734287519186175
194,2,0.036063865760621
194,3,0.03948908421794879
194,4,0.03409102248216258
194,5,0.032648821492310826
194,6,0.03297506925182165
194,7,0.029283858201601703
194,8,0.028597430420152482
194,9,0.03242130834199837
194,10,0.033622256241789814
194,11,0.037611749222496105
194,12,0.03880468519923565
195,1,0.041087066122431494
195,2,0.040333129429901596
195,3,0.04467580420399058
195,4,0.04415727366226882
195,5,0.039809758122068176
195,6,0.03485429288746363
195,7,0.027980968691944223
195,8,0.029087262807611532
195,9,0.03205002130928456
195,10,0.037046033026831876
195,11,0.04061615149108579
195,12,0.04199184581210568
196,1,0.03606081129283972
196,2,0.03715526975623822
196,3,0.04230359528584805
196,4,0.0444598550918589
196,5,0.0365431779593557
196,6,0.03435739679093544
196,7,0.02668207343060569
196,8,0.02817978837087307
196,9,0.0295261566231945
196,10,0.03295231582950588
196,11,0.035503619757741495
196,12,0.036856767521525585
197,1,0.04559427122499192
197,2,0.04272123865431332
197,3,0.043970483442752645
197,4,0.043151775854603454
197,5,0.04679245757531045
197,6,0.044390969405522986
197,7,0.03482883099389139
197,8,0.03669998741775328
197,9,0.039075789805640526
197,10,0.04057019579305941
197,11,0.05024623931879699
197,12,0.04785918993069425
198,1,0.04040240569060087
198,2,0.04074792595164281
198,3,0.04514073975035845
198,4,0.043181837827887544
198,5,0.03920331351968167
198,6,0.031765513004870405
198,7,0.025748701872090114
198,8,0.027506110482321888
198,9,0.029674592879466995
198,10,0.03608272367057877
198,11,0.03933536265426838
198,12,0.04074224983045071
199,1,0.043383912550789265
199,2,0.04142691951982329
199,3,0.04824122548499739
199,4,0.046513134474813894
199,5,0.042444645932456795
199,6,0.04043812129511695
199,7,0.029811509090605544
199,8,0.03101171942079814
199,9,0.03504388517835952
199,10,0.03672647816237537
199,11,0.04409529299035337
199,12,0.046786212698351634
200,1,0.039929720572469365
200,2,0.039146243000361104
200,3,0.043271611748779006
200,4,0.04421143567962113
200,5,0.03936188642576179
200,6,0.03430842434687315
200,7,0.02754624158562969
200,8,0.02915023858540395
200,9,0.03136165642358299
200,10,0.03475917370081191
200,11,0.04070514739477794
200,12,0.04097098710924565
201,1,0.039105100611825906
201,2,0.03794445324473989
201,3,0.04402155208809308
201,4,0.04391432352814633
201,5,0.04119903441818958
201,6,0.03836111121564284
201,7,0.03081103541356804
201,8,0.032254365920345855
201,9,0.035479742948638926
201,10,0.035555687505215955
201,11,0.039966492121421164
201,12,0.0393558602397277
202,1,0.0406465872862364
202,2,0.04382184114656507
202,3,0.05007734101376077
202,4,0.05125668913578682
202,5,0.045609895677654784
202,6,0.0447743989129789
202,7,0.0342927085248617
202,8,0.036578896717497894
202,9,0.03796063320240227
202,10,0.035800373789582694
202,11,0.03471364713124411
202,12,0.03794453550809347
203,1,0.04309096784812143
203,2,0.04115372834381911
203,3,0.04606343375249105
203,4,0.04602234858817492
203,5,0.042348455321211086
203,6,0.037290677127779344
203,7,0.02935955499868111
203,8,0.030794281295762966
203,9,0.03306289392954561
203,10,0.03727365671452475
203,11,0.043147091516772304
203,12,0.04416960708692853
204,1,0.043247650670225964
204,2,0.04129338873623511
204,3,0.04722259801553316
204,4,0.0477210221016409
204,5,0.043503046865918264
204,6,0.04123880368954647
204,7,0.03197659405397193
204,8,0.03230022053831809
204,9,0.036099496709351454
204,10,0.03778717483341081
204,11,0.04473231299394061
204,12,0.04568268931880635
205,1,0.04768151187904237
205,2,0.04342830725784073
205,3,0.04544002530412652
205,4,0.04517432531039808
205,5,0.04805690166601684
205,6,0.04582233136797111
205,7,0.03405386570326701
205,8,0.03538502238850367
205,9,0.03909576926231921
205,10,0.03986270400394086
205,11,0.04535677339842202
205,12,0.04755623386366772
206,1,0.048186334796841604
206,2,0.045009568692726445
206,3,0.045583591488973056
206,4,0.04625692601839639
206,5,0.04834383265326055
206,6,0.04586484086292188
206,7,0.034570979247342384
206,8,0.03663367239927445
206,9,0.03996191861772131
206,10,0.040740901478157523
206,11,0.0468065799551223
206,12,0.04960418549813757
207,1,0.038909196074247594
207,2,0.03944890387639922
207,3,0.043380530026182376
207,4,0.039635648192813094
207,5,0.03368591965047228
207,6,0.03491094847035954
207,7,0.028846008084414253
207,8,0.029128306809333714
207,9,0.033145201734799484
207,10,0.03447532297867722
207,11,0.03905646361745908
207,12,0.040424891121745805
208,1,0.03868875209446413
208,2,0.03952787768619832
208,3,0.0428543137359497
208,4,0.04052872327877172
208,5,0.03730685652909839
208,6,0.029609894772273795
208,7,0.02482890978357613
208,8,0.026406308774968884
208,9,0.028433782680513085
208,10,0.03473439104838418
208,11,0.03700036774742477
208,12,0.038491801843890214
209,1,0.0381378174040683
209,2,0.036817328695527445
209,3,0.04048959664684658
209,4,0.04119599935460284
209,5,0.04068399997234737
209,6,0.038710096889074154
209,7,0.03082521467116596
209,8,0.03236358325653063
209,9,0.03509813131458611
209,10,0.03470923071224362
209,11,0.039031525935285694
209,12,0.03817757249999135
210,1,0.03972485100573367
210,2,0.04045771080209824
210,3,0.045285714954323326
210,4,0.043972453951506896
210,5,0.040067363513458285
210,6,0.03271628526399544
210,7,0.02753973963566305
210,8,0.02851470036057223
210,9,0.03022724497287153
210,10,0.036708282070393325
210,11,0.03965192126529794
210,12,0.04054735400047551
211,1,0.03484747926363308
211,2,0.034826596563601875
211,3,0.03701433529018999
211,4,0.033099481972619194
211,5,0.03130735441989077
211,6,0.03129834810968491
211,7,0.028919097617581564
211,8,0.030029625678439767
211,9,0.030438527528683413
211,10,0.0319112503673835
211,11,0.03531554566471212
211,12,0.036166075395455875
212,1,0.03617451114179917
212,2,0.03656189280654311
212,3,0.038371967497750153
212,4,0.033460152047958255
212,5,0.032240509827173164
212,6,0.03271838445969858
212,7,0.02955941566716543
212,8,0.029572273438162898
212,9,0.032178354077362144
212,10,0.03337501807864495
212,11,0.03594385369504273
212,12,0.037297649688175206
213,1,0.03969949651390454
213,2,0.03989130486758956
213,3,0.043655339120032936
213,4,0.04198295571486509
213,5,0.03891699367241225
213,6,0.03257548552547435
213,7,0.026366296777250924
213,8,0.02775857986372969
213,9,0.0294001886787461
213,10,0.035970718305443114
213,11,0.038444998941205885
213,12,0.03976770501270427
214,1,0.03876948511873393
214,2,0.038738618310535634
214,3,0.04274040772118387
214,4,0.03903597053541574
214,5,0.03395040985979618
214,6,0.03537364648072137
214,7,0.029003674989958404
214,8,0.028492104238751884
214,9,0.03277751040554445
214,10,0.03402863410855587
214,11,0.03923354861378328
214,12,0.040129494861108166
215,1,0.042453144053416804
215,2,0.04165344481898645
215,3,0.0451435137211441
215,4,0.045155004477695576
215,5,0.040962614219247746
215,6,0.036367843321262854
215,7,0.02888885739559812
215,8,0.028834434664695485
215,9,0.03144752503839321
215,10,0.03791709363845717
215,11,0.04177225888602963
215,12,0.04341096788936909
216,1,0.03899989390502395
216,2,0.03868428425474228
216,3,0.0464373550265482
216,4,0.04912241929398944
216,5,0.04078918181524946
216,6,0.03794941134150898
216,7,0.027928103914894576
216,8,0.028944543589117452
216,9,0.0320492162014914
216,10,0.03450603722829103
216,11,0.03926777035499524
216,12,0.039965165917828914
217,1,0.03797935700213307
217,2,0.03702254910081049
217,3,0.04231615623468417
217,4,0.04283704113247721
217,5,0.04056013580595209
217,6,0.04001866881822667
217,7,0.029861225574392733
217,8,0.03148676116159046
217,9,0.03501621741791249
217,10,0.03478382685370336
217,11,0.03880479755842299
217,12,0.03797060334745327
218,1,0.037384224198794835
218,2,0.038121178204457803
218,3,0.041084005007922995
218,4,0.03749444817505161
218,5,0.034259799475748205
218,6,0.03416768047698996
218,7,0.02973196765949904
218,8,0.030140812945777497
218,9,0.03362420665462232
218,10,0.03427409029963586
218,11,0.03867465405864987
218,12,0.03869808068272252
219,1,0.03832478311852341
219,2,0.03720310375501664
219,3,0.03963773966929498
219,4,0.03976376931354625
219,5,0.041518446358770424
219,6,0.038205878848501185
219,7,0.03530247375140633
219,8,0.034087507252521194
219,9,0.035538928260469685
219,10,0.037832794423521006
219,11,0.03882792113527843
219,12,0.03548347401829194
220,1,0.04733908835547891
220,2,0.04471827956853828
220,3,0.04479514532734438
220,4,0.045143572277372264
220,5,0.04749913772137111
220,6,0.04535388583936085
220,7,0.035263040950449
220,8,0.03654920702754795
220,9,0.04006739354543823
220,10,0.04062511211208782
220,11,0.04968153050080034
220,12,0.04846909298994707
221,1,0.0369583034244351
221,2,0.03762145420350523
221,3,0.041500787637824214
221,4,0.03761086868485766
221,5,0.03387522708135601
221,6,0.035252788725065556
221,7,0.029712528037938345
221,8,0.028494407544902036
221,9,0.03312487675098882
221,10,0.034565713576855846
221,11,0.038117473069382624
221,12,0.03948861567549481
222,1,0.03837171984507755
222,2,0.038597978330920324
222,3,0.046603811016171566
222,4,0.04753506655373575
222,5,0.03942924232908644
222,6,0.03696927786182572
222,7,0.02753111479859696
222,8,0.02852845653049453
222,9,0.031103354065482543
222,10,0.033766355324539664
222,11,0.03870033996891256
222,12,0.039256519623142444
223,1,0.03935497998408385
223,2,0.03990111398738147
223,3,0.04365534460540535
223,4,0.04330146232338305
223,5,0.03816164373076244
223,6,0.0332596277452316
223,7,0.027467469294153432
223,8,0.02887005627764235
223,9,0.031145267192058304
223,10,0.035998029976149024
223,11,0.040803164622442406
223,12,0.04129273043215519
224,1,0.036377384138743245
224,2,0.036085472849056326
224,3,0.039176550267413596
224,4,0.03418272960292773
224,5,0.03223487831848958
224,6,0.032045642355395636
224,7,0.02937522631784082
224,8,0.030433416735453116
224,9,0.03168838841739884
224,10,0.03370034402110796
224,11,0.03722113978716857
224,12,0.0372426687505679
225,1,0.039368608006741794
225,2,0.03978814419121765
225,3,0.040956196567075435
225,4,0.03889327985920314
225,5,0.039412676503521364
225,6,0.03612249860219873
225,7,0.03463093842119472
225,8,0.03424044049830712
225,9,0.03590676583119715
225,10,0.040165870294955004
225,11,0.04043767730026382
225,12,0.038531222327525025
226,1,0.0449383014814984
226,2,0.04617712430570615
226,3,0.05177757917814571
226,4,0.052792528932997095
226,5,0.04691110338976116
226,6,0.04204517253068526
226,7,0.03337335918251997
226,8,0.035004369829587885
226,9,0.037533393703419474
226,10,0.03694015350310185
226,11,0.03662589014535842
226,12,0.040975725591074055
227,1,0.04063304474892826
227,2,0.03966467667284874
227,3,0.048357990175427745
227,4,0.04794502737244448
227,5,0.04122921588678746
227,6,0.03842275498817223
227,7,0.029265142733673366
227,8,0.029904587278544663
227,9,0.03374474538325645
227,10,0.035651157547264015
227,11,0.0408801827361755
227,12,0.04191039185979131
228,1,0.040768572140261444
228,2,0.038579635946852014
228,3,0.04150763334430376
228,4,0.04165684580289285
228,5,0.04219182611702608
228,6,0.04065915808629742
228,7,0.031956620224993806
228,8,0.03372577316152192
228,9,0.036459576714598874
228,10,0.03691865321528066
228,11,0.04271074018652087
228,12,0.04169987711862189
229,1,0.040907015282695816
229,2,0.03847721052538052
229,3,0.04141578374190193
229,4,0.04103410973297137
229,5,0.04303165635774433
229,6,0.041026043293046724
229,7,0.03283961814063581
229,8,0.03458445513491886
229,9,0.03770126722380456
229,10,0.036537985078975876
229,11,0.04248603103370412
229,12,0.04165840309547664
230,1,0.042543726696145194
230,2,0.04557933724236727
230,3,0.05337770826753578
230,4,0.0497943861522323
230,5,0.04501927651007728
230,6,0.042845330323096974
230,7,0.0332829629445543
230,8,0.03538962615042436
230,9,0.03776286327981655
230,10,0.03694756812088941
230,11,0.0351502108393282
230,12,0.0387014109062675
231,1,0.04538666299444207
231,2,0.041381410862785455
231,3,0.043402447848971015
231,4,0.04528315334293928
231,5,0.0470197318212335
231,6,0.043732018327368734
231,7,0.034231254535496795
231,8,0.03609067734229642
231,9,0.03915479009579977
231,10,0.039796662652111195
231,11,0.04816030702170873
231,12,0.04922891205946205
232,1,0.0414644011467324
232,2,0.04127164271847549
232,3,0.04453286559348693
232,4,0.04350772705288944
232,5,0.039399455482663916
232,6,0.03235567797710602
232,7,0.026568959381833967
232,8,0.02953551438866589
232,9,0.03083070721802679
232,10,0.03699042798871884
232,11,0.039576226442166976
232,12,0.04136466684208681
233,1,0.037317521461250634
233,2,0.03763487268881293
233,3,0.038828746017467226
233,4,0.03971104352199631
233,5,0.04098843077945306
233,6,0.036515255606773454
233,7,0.03476674320233203
233,8,0.03339092374735851
233,9,0.0351959497783736
233,10,0.03918804523993972
233,11,0.04041886200669444
233,12,0.035636839651599174
234,1,0.039772983179953
234,2,0.039136778911163926
234,3,0.04712495153733819
234,4,0.047829329609094695
234,5,0.04104914473633749
234,6,0.03838398432597961
234,7,0.028883896821624674
234,8,0.029862795057104544
234,9,0.033353899762910574
234,10,0.034688462944038316
234,11,0.040101246201605024
234,12,0.040867506775013294
235,1,0.03827057106434208
235,2,0.03850854978162911
235,3,0.0432040568841061
235,4,0.04257761321685113
235,5,0.038552728069430234
235,6,0.03237063838470992
235,7,0.026928476829038154
235,8,0.027478879183417758
235,9,0.03014291361810984
235,10,0.03481267443210847
235,11,0.03840507034888026
235,12,0.03936016304572261
236,1,0.04195933179399033
236,2,0.0401374815747362
236,3,0.04511960547638927
236,4,0.04563743124850356
236,5,0.041553900481750665
236,6,0.03660067831918022
236,7,0.028657346203857223
236,8,0.029959751914058322
236,9,0.032697105916267
236,10,0.0362647894285967
236,11,0.042026192333267216
236,12,0.043502557891573736
237,1,0.03799163991827685
237,2,0.03732086447152891
237,3,0.039754603538534126
237,4,0.03872816381356613
237,5,0.04053906763280691
237,6,0.03692477425129008
237,7,0.035254622723618984
237,8,0.03456263046735362
237,9,0.03488131965628212
237,10,0.039225862457452264
237,11,0.038514844380784105
237,12,0.035560243841628474
238,1,0.04427171566380289
238,2,0.04221343268160228
238,3,0.0467267526559635
238,4,0.04759839224694722
238,5,0.0413679644232632
238,6,0.037689155348256946
238,7,0.029726310213161283
238,8,0.03060101408683169
238,9,0.03342849637451378
238,10,0.03887416044685037
238,11,0.042351446414997745
238,12,0.04450888785199424
239,1,0.03856059655864617
239,2,0.03910647485881275
239,3,0.04281162442162093
239,4,0.04198914899960704
239,5,0.037140584554069475
239,6,0.03251196290140496
239,7,0.02660980566808629
239,8,0.027987081480725248
239,9,0.030865332714699975
239,10,0.034800996361804525
239,11,0.03955514150116538
239,12,0.03943457837151878
240,1,0.039084058345507273
240,2,0.03839381436959849
240,3,0.04815524546068238
240,4,0.04554374262121535
240,5,0.040314926513787375
240,6,0.03860544734355268
240,7,0.028613706655053132
240,8,0.03012866056280889
240,9,0.03263457162276465
240,10,0.03420096796355642
240,11,0.0389921597081413
240,12,0.039508076990904854
241,1,0.0374374341738809
241,2,0.03743760571448603
241,3,0.0427412185228313
241,4,0.04117109352439008
241,5,0.037585212008520955
241,6,0.032804596609411214
241,7,0.02626666612878019
241,8,0.026963911834769722
241,9,0.029610911452138667
241,10,0.03379379953540421
241,11,0.03727670909715778
241,12,0.03774286954427139
242,1,0.041060315891456624
242,2,0.04053899490917429
242,3,0.044336288944419766
242,4,0.043073964671864445
242,5,0.0396488911113794
242,6,0.032733557881250694
242,7,0.027079123316265493
242,8,0.028756151958554726
242,9,0.03027915875714255
242,10,0.0368980216354311
242,11,0.039027104688226864
242,12,0.04079666734117228
243,1,0.03720247654833814
243,2,0.03656876002209097
243,3,0.041620534741584385
243,4,0.03684879522839933
243,5,0.032014343371483164
243,6,0.03189061438594256
243,7,0.028484946147374453
243,8,0.0285294957195924
243,9,0.030455588495861722
243,10,0.034069989300206306
243,11,0.03888421570989899
243,12,0.03871716885326974
244,1,0.038175287198228436
244,2,0.03713513370397837
244,3,0.041050906932241116
244,4,0.036153676545409304
244,5,0.03360449847010328
244,6,0.03299564398623526
244,7,0.02893498214347854
244,8,0.029184064847488218
244,9,0.03214803087728714
244,10,0.03447722291817362
244,11,0.04039894908527273
244,12,0.04074951515639904
245,1,0.04386483588003289
245,2,0.041992785349290386
245,3,0.04876989455681817
245,4,0.05083138881002657
245,5,0.04212610842645174
245,6,0.03890788607004067
245,7,0.029894773391604297
245,8,0.031692860096034316
245,9,0.03434392301929079
245,10,0.03829027730922138
245,11,0.04380282146200408
245,12,0.04464251683009381
246,1,0.046580578389349814
246,2,0.04584593490957411
246,3,0.0458021842561405
246,4,0.047532197710693315
246,5,0.047568275634511485
246,6,0.045864667903096984
246,7,0.035871416681004756
246,8,0.036478700987196105
246,9,0.03934451194018595
246,10,0.03934379902469621
246,11,0.04725398488685701
246,12,0.04769477310622672
247,1,0.039378027505026565
247,2,0.04018097850251029
247,3,0.04284342882318069
247,4,0.042488743446399024
247,5,0.035073038591916635
247,6,0.02676199748792669
247,7,0.024137194417781654
247,8,0.025349647632887457
247,9,0.027042598600489895
247,10,0.03164636078710883
247,11,0.03613064877462412
247,12,0.03808770193885313
248,1,0.036202135929948004
248,2,0.03651045544147515
248,3,0.04244766878587722
248,4,0.046309222934302896
248,5,0.04041224333714976
248,6,0.036192378401121585
248,7,0.027276558808816066
248,8,0.02831387803629933
248,9,0.030913106251829203
248,10,0.03287208819460727
248,11,0.036810797621600645
248,12,0.03732384228150175
249,1,0.03658603215845492
249,2,0.035572183900055426
249,3,0.04070251146104931
249,4,0.03504606635203885
249,5,0.030901370736238335
249,6,0.03178068603981485
249,7,0.028124264982973376
249,8,0.0280803777077757
249,9,0.030363270734007738
249,10,0.03357071020997194
249,11,0.03797246017662193
249,12,0.038131584181988525
250,1,0.038340091054037045
250,2,0.03798022274200603
250,3,0.03955566721342046
250,4,0.03883956101947862
250,5,0.04033065306310859
250,6,0.03638916497666899
250,7,0.0368429730612607
250,8,0.033998056164583394
250,9,0.03541456263644446
250,10,0.03821761826000983
250,11,0.039289144319477116
250,12,0.03749831798531618
251,1,0.04479047743306971
251,2,0.04111867720803622
251,3,0.043115121596251964
251,4,0.04319390114012379
251,5,0.04603143987715981
251,6,0.043439915186278884
251,7,0.03294181633814822
251,8,0.034743960408954264
251,9,0.03810789485998504
251,10,0.03877295089405267
251,11,0.04611238714826652
251,12,0.04498896515360354
252,1,0.03755708484618107
252,2,0.03854895078303932
252,3,0.04367863038357265
252,4,0.04212703754867397
252,5,0.0373388282393326
252,6,0.031522461528689566
252,7,0.025402708104361155
252,8,0.02736519935539147
252,9,0.029045807248383307
252,10,0.03452506203923388
252,11,0.0370777538026043
252,12,0.038545754993401925
253,1,0.0444121208913576
253,2,0.04253748700560761
253,3,0.04763877423197725
253,4,0.048313504291971864
253,5,0.04565598780782131
253,6,0.043668284112908864
253,7,0.03186240641555561
253,8,0.0331878281038937
253,9,0.03680458288271503
253,10,0.038888193921602414
253,11,0.044243708734508135
253,12,0.044467976035607634
254,1,0.03849539791741944
254,2,0.038405817513803654
254,3,0.04586797060177233
254,4,0.04844695082326927
254,5,0.040441969752573415
254,6,0.036870942760773254
254,7,0.027713352405033746
254,8,0.028710239297274412
254,9,0.031573012091728844
254,10,0.03408786208623602
254,11,0.038307299358130535
254,12,0.039162417560062154
255,1,0.035178238618073565
255,2,0.03424572448224642
255,3,0.037915199601341584
255,4,0.03364694440489399
255,5,0.03136808853748513
255,6,0.03197304706167166
255,7,0.029122372925678472
255,8,0.029387294741853687
255,9,0.030287859678961915
255,10,0.03219205257109059
255,11,0.036130250787369964
255,12,0.03638186722121396
256,1,0.046515091049769766
256,2,0.04213806177367885
256,3,0.04332560480287884
256,4,0.0440013553676719
256,5,0.04736094227282489
256,6,0.04472647665597619
256,7,0.03370070896941912
256,8,0.03608553302453337
256,9,0.0385372535187899
256,10,0.039956491357810674
256,11,0.04788000628882575
256,12,0.046798132650949655
257,1,0.04151806157898518
257,2,0.04081234579802797
257,3,0.04427484395349397
257,4,0.04354198412567516
257,5,0.040038914832280094
257,6,0.033744191342970895
257,7,0.027736713450944857
257,8,0.028438516612957515
257,9,0.03045086171614212
257,10,0.0372881914014781
257,11,0.03920671809768284
257,12,0.041539499968457114
258,1,0.04795650877559286
258,2,0.04547493598641127
258,3,0.045879644482933434
258,4,0.04649536667964146
258,5,0.048611267986623866
258,6,0.04631013526613134
258,7,0.03493808038662045
258,8,0.036994812639163294
258,9,0.04021935875109363
258,10,0.04099946608910433
258,11,0.04768441750753567
258,12,0.05045684235787405
259,1,0.03525934026757002
259,2,0.034723525527867
259,3,0.03665096907272649
259,4,0.03333049287438001
259,5,0.030957463392564666
259,6,0.03074932399341327
259,7,0.02869960146230909
259,8,0.029684089772632784
259,9,0.02974676798741847
259,10,0.031629450888700866
259,11,0.034679411614240103
259,12,0.03526703572606261
260,1,0.04792593368551671
260,2,0.04488174644835499
260,3,0.05301332669962474
260,4,0.04969829737780783
260,5,0.04671110157239899
260,6,0.044720951444920935
260,7,0.031578871044852075
260,8,0.03323078953614743
260,9,0.036870072767733894
260,10,0.03974620070468897
260,11,0.04719017732612621
260,12,0.04805179806770184
261,1,0.04542215336745295
261,2,0.04402795495895028
261,3,0.04412999856551093
261,4,0.04381955365507167
261,5,0.04748927552651387
261,6,0.04522848215021087
261,7,0.035602563891340276
261,8,0.03659854951732619
261,9,0.0395372562743727
261,10,0.040794291357960005
261,11,0.051978737215143886
261,12,0.04686953058088918
262,1,0.036930193033916835
262,2,0.037383113991958865
262,3,0.04344327249026506
262,4,0.04480035278408107
262,5,0.03819397654560268
262,6,0.03620602778851228
262,7,0.027641682454970586
262,8,0.028681193442959347
262,9,0.03021629362224492
262,10,0.03300469670490278
262,11,0.03631245789755848
262,12,0.03764246834117389
263,1,0.03889599222752152
263,2,0.038998036345869
263,3,0.042899088129368906
263,4,0.04175204370779387
263,5,0.03801901288024739
263,6,0.032023576209013326
263,7,0.025832566921236255
263,8,0.027019326463290652
263,9,0.029011071459603043
263,10,0.03541359828277708
263,11,0.03833139842365946
263,12,0.0390025565375291
264,1,0.028229243790756562
264,2,0.02937616567507955
264,3,0.030950992757164952
264,4,0.03606974564795038
264,5,0.03389126381861608
264,6,0.03161187227727958
264,7,0.026814333843065478
264,8,0.027324891982763257
264,9,0.028073449396314395
264,10,0.027405665018279894
264,11,0.026085438919818398
264,12,0.027484490312961938
265,1,0.03563888530910278
265,2,0.03565458744647261
265,3,0.038535677831708234
265,4,0.034148742525352306
265,5,0.03198838385141483
265,6,0.03233108382421738
265,7,0.028678069290700957
265,8,0.028104847588003908
265,9,0.031901312877149715
265,10,0.032824643978203796
265,11,0.03646024872820765
265,12,0.03732865298865897
266,1,0.03856607608690666
266,2,0.04087123948007278
266,3,0.048820299140684
266,4,0.04678167176116839
266,5,0.04206949783865088
266,6,0.03852683198535294
266,7,0.030996501480189845
266,8,0.03248705302943934
266,9,0.03461087475888108
266,10,0.03421441080601758
266,11,0.03330481880681393
266,12,0.03677433797157461
267,1,0.038214574393602374
267,2,0.03767107622054721
267,3,0.04588724787788545
267,4,0.046241455799420114
267,5,0.03973176094247822
267,6,0.037085163521347726
267,7,0.027887381252414797
267,8,0.028972603643829
267,9,0.03228917693493214
267,10,0.033708376556751914
267,11,0.03814544784988471
267,12,0.03840061176444962
268,1,0.046477546108320104
268,2,0.04632837513954809
268,3,0.04694304738949196
268,4,0.04940848139758191
268,5,0.048248211926512706
268,6,0.04586334687882773
268,7,0.03500230600173756
268,8,0.03629311400834822
268,9,0.03904664184401474
268,10,0.03926096283266616
268,11,0.042915648573138905
268,12,0.04601181025219303
269,1,0.041411585484944065
269,2,0.039867502727975894
269,3,0.04449903269542026
269,4,0.0453697035471955
269,5,0.04082607354358402
269,6,0.035708154056818694
269,7,0.028865123783047505
269,8,0.02938294874182753
269,9,0.03263941355026142
269,10,0.03630268186329226
269,11,0.04198721491879057
269,12,0.04316413115266619
270,1,0.038849073783967146
270,2,0.03933372987706026
270,3,0.044060371602492536
270,4,0.04379041467753449
270,5,0.039388024121686044
270,6,0.030995895945747098
270,7,0.026478961005708
270,8,0.027008446633395487
270,9,0.029395742715827868
270,10,0.03550733070918534
270,11,0.039199648362126735
270,12,0.039586480265410735
271,1,0.0384974361054674
271,2,0.03745969621513686
271,3,0.03968232543581757
271,4,0.03777348420574291
271,5,0.037978165918338906
271,6,0.036145008567018196
271,7,0.035403533708871684
271,8,0.03286592561326811
271,9,0.035600245697408925
271,10,0.03438214909165975
271,11,0.03798934343482426
271,12,0.03594275795286457
272,1,0.0370723514186576
272,2,0.03731060732019525
272,3,0.04382221403557692
272,4,0.048560985472067816
272,5,0.03955874055514211
272,6,0.03642163058903991
272,7,0.027909463198470662
272,8,0.028926918931902853
272,9,0.03207861560227003
272,10,0.03337613641705364
272,11,0.03756834453022456
272,12,0.038297325304161654
273,1,0.0453062972618474
273,2,0.0434256451103901
273,3,0.046756763299549156
273,4,0.04752237495354034
273,5,0.04152362021957968
273,6,0.03774587153997477
273,7,0.02957642973869464
273,8,0.031030313660125753
273,9,0.03246598928080526
273,10,0.038921042326703924
273,11,0.042917473387944924
273,12,0.04419740781094776
274,1,0.04186105559334683
274,2,0.04139782530843845
274,3,0.04440616917230561
274,4,0.04436462001499464
274,5,0.040341819176882364
274,6,0.034225811197670326
274,7,0.028233097383436604
274,8,0.029253995233216503
274,9,0.0304992201851637
274,10,0.03791380100136114
274,11,0.041389710709744565
274,12,0.04225244219198985
275,1,0.03748598890044804
275,2,0.03736709975842519
275,3,0.041535722432968464
275,4,0.03681142542225296
275,5,0.03296716179301525
275,6,0.03431054817297269
275,7,0.028778003463370692
275,8,0.02845793332366999
275,9,0.03286621659998829
275,10,0.0340270038065952
275,11,0.03898682214327921
275,12,0.04031297654817246
276,1,0.043188169625209716
276,2,0.04199083156238195
276,3,0.04586756963827183
276,4,0.04617552559919743
276,5,0.04190197254818892
276,6,0.036454580032223856
276,7,0.028896640320051382
276,8,0.029548199648022962
276,9,0.03188998913001006
276,10,0.038206427855126526
276,11,0.04137898762037676
276,12,0.04315459560809919
277,1,0.03557009249833749
277,2,0.03468848392587784
277,3,0.04028470961360546
277,4,0.035204551627532873
277,5,0.03189187324826939
277,6,0.032354618036982585
277,7,0.027876585979851515
277,8,0.027815505004530294
277,9,0.03163134050339526
277,10,0.032929820405000976
277,11,0.037345238620382075
277,12,0.036298597896424846
278,1,0.036154579779517804
278,2,0.035160860786935755
278,3,0.0391231032899081
278,4,0.03423088780574501
278,5,0.031680719146342746
278,6,0.03211707988022075
278,7,0.028616968569989257
278,8,0.028349932602750757
278,9,0.031148412175732294
278,10,0.033391619624764286
278,11,0.03767797959343432
278,12,0.03807611846994588
279,1,0.04722636803235209
279,2,0.04432698015872055
279,3,0.04505313859396024
279,4,0.045236017006199725
279,5,0.04751452116926072
279,6,0.04463699053611307
279,7,0.03530583417935839
279,8,0.036629673762975386
279,9,0.03992207718597861
279,10,0.04052376717455416
279,11,0.049694877144957864
279,12,0.048393570626542703
280,1,0.037858356987901326
280,2,0.040078623084945336
280,3,0.04312952697760888
280,4,0.041679643607015954
280,5,0.03786115078900338
280,6,0.03186297860341813
280,7,0.026736757812932277
280,8,0.02708025076850099
280,9,0.030374199298069032
280,10,0.03423257408553042
280,11,0.0371335196068646
280,12,0.03897470077722684
281,1,0.04129123953512167
281,2,0.04092532314805729
281,3,0.04761581854595488
281,4,0.046909434492791495
281,5,0.040015933713159285
281,6,0.036952461021206
281,7,0.028436309079004077
281,8,0.030189578563024747
281,9,0.032401419248318186
281,10,0.03635902330279945
281,11,0.040787078775458945
281,12,0.0421371979826733
282,1,0.03836459797164269
282,2,0.04093900011526857
282,3,0.047133593557997795
282,4,0.04937537310006428
282,5,0.04367568760805796
282,6,0.04142793131038064
282,7,0.032818179182049156
282,8,0.03434408253705483
282,9,0.036409574354743054
282,10,0.034697261792450224
282,11,0.03421388340520917
282,12,0.036440306696208756
283,1,0.03886842753109565
283,2,0.03933576332106118
283,3,0.04265877562856515
283,4,0.04207930559252543
283,5,0.03687485994533476
283,6,0.032159300746658286
283,7,0.02717615862556799
283,8,0.028395713573406714
283,9,0.030932978418793746
283,10,0.03508289317303911
283,11,0.039224619243513004
283,12,0.03995321853560256
284,1,0.046075319193632155
284,2,0.041743852448970595
284,3,0.043648169777723206
284,4,0.04498550197202586
284,5,0.04695540461154295
284,6,0.04408063633942005
284,7,0.03386043735608612
284,8,0.03594119940511702
284,9,0.03917201171162353
284,10,0.03984839023379044
284,11,0.04823541382310412
284,12,0.04758164312558155
285,1,0.037296468216972134
285,2,0.03900320998463454
285,3,0.04673453548734645
285,4,0.046838403907687065
285,5,0.04114961904539536
285,6,0.038613125332151894
285,7,0.030242385515550613
285,8,0.03170550132976537
285,9,0.03436387708469863
285,10,0.03321736228485929
285,11,0.03297122354054766
285,12,0.03575740372039119
286,1,0.026890076728591315
286,2,0.0286590531384853
286,3,0.03289867326667575
286,4,0.03443153387432995
286,5,0.032326344670505415
286,6,0.032562264093917624
286,7,0.02537534625405284
286,8,0.026320919893149507
286,9,0.027760504455551453
286,10,0.02696978615269444
286,11,0.026078104384860863
286,12,0.026947019871189106
287,1,0.043278410160037244
287,2,0.04186078883390708
287,3,0.04647305002266255
287,4,0.046336484619160886
287,5,0.04270922103477126
287,6,0.03773899233983902
287,7,0.029392239157186455
287,8,0.03048720732855923
287,9,0.03326931131388107
287,10,0.03809875161464442
287,11,0.04378905491532422
287,12,0.0453356125494536
288,1,0.03946603641355891
288,2,0.04194009284582465
288,3,0.049618617267484295
288,4,0.051468754801202714
288,5,0.04475053421724762
288,6,0.04298225816535546
288,7,0.033520483461857854
288,8,0.036324685743804555
288,9,0.037615173192510905
288,10,0.036236974066683206
288,11,0.034160580503787806
288,12,0.036663918528470146
289,1,0.04680543072238857
289,2,0.044305624505650766
289,3,0.04504704624651177
289,4,0.045250982538864566
289,5,0.04719646840814888
289,6,0.0457141913334993
289,7,0.03559723322886323
289,8,0.03649103951374204
289,9,0.03961432084353085
289,10,0.039774050060466935
289,11,0.04888985012995457
289,12,0.048214504825073716
290,1,0.04173030415612297
290,2,0.04091257718065881
290,3,0.04544053894527079
290,4,0.04460447198814718
290,5,0.0404969601269007
290,6,0.033801355501403174
290,7,0.02815507389179193
290,8,0.02876998206584009
290,9,0.031492987422578896
290,10,0.03774921214883771
290,11,0.041230140795139446
290,12,0.04245083745184591
291,1,0.038222698134258874
291,2,0.04007574471104274
291,3,0.04811969031430177
291,4,0.04701171372990334
291,5,0.04200866641107291
291,6,0.03974038240073029
291,7,0.03073907777801579
291,8,0.03340565952166115
291,9,0.03563169055485168
291,10,0.034243790986498074
291,11,0.033725459302139195
291,12,0.03613546972059941
292,1,0.046375252183170505
292,2,0.0458364077287292
292,3,0.04506788157719883
292,4,0.046956570754063086
292,5,0.047825153432688346
292,6,0.045794833183127596
292,7,0.035608639070217656
292,8,0.036662845126984894
292,9,0.039535607676596335
292,10,0.03991748942724399
292,11,0.048063629024522034
292,12,0.046935117092197866
293,1,0.047040349004980386
293,2,0.04635646412632933
293,3,0.04742285247535818
293,4,0.04861817435930598
293,5,0.04811466959855106
293,6,0.04593234528446575
293,7,0.03515485723381321
293,8,0.036758873572702674
293,9,0.039609722575050486
293,10,0.03923414238968978
293,11,0.043600908256854524
293,12,0.046564747570218855
294,1,0.04611781768040051
294,2,0.04712268342034432
294,3,0.050263066432056344
294,4,0.05105501639594243
294,5,0.04681660076519981
294,6,0.04507678923303531
294,7,0.034329352849800224
294,8,0.036054222404375266
294,9,0.038983394473270455
294,10,0.037980956392691785
294,11,0.037232992423374536
294,12,0.04205556553520162
295,1,0.03714470609535567
295,2,0.037532555704622175
295,3,0.041340732907110815
295,4,0.040414243350202564
295,5,0.036537468661649745
295,6,0.029473728844878654
295,7,0.02543074278050085
295,8,0.026147648311169964
295,9,0.02775347449018426
295,10,0.03479603578876564
295,11,0.036542315059532954
295,12,0.03777590477516129
296,1,0.03505254100148364
296,2,0.034809164102722466
296,3,0.03974050880648091
296,4,0.03586040525355693
296,5,0.0319066414186685
296,6,0.03210470211867451
296,7,0.028736580369267378
296,8,0.028055738239099293
296,9,0.031455898111057985
296,10,0.033323728883513114
296,11,0.03673381932654178
296,12,0.03683429753960513
297,1,0.038461503969806674
297,2,0.03726982678878937
297,3,0.0423029188327729
297,4,0.042192722369776794
297,5,0.03933706388194938
297,6,0.037374364649808124
297,7,0.030439120399723272
297,8,0.031009488143909615
297,9,0.03452975200154807
297,10,0.03480580377207581
297,11,0.03846126160439304
297,12,0.039243183776404074
298,1,0.04069408746798143
298,2,0.040643553451673815
298,3,0.05032398892883355
298,4,0.04933476044937453
298,5,0.0414879716094914
298,6,0.03760838447895928
298,7,0.028290922904020927
298,8,0.029592206986562293
298,9,0.032261169465709526
298,10,0.03581819427701762
298,11,0.04042473454055452
298,12,0.04138972000553519
299,1,0.045224148675351995
299,2,0.046291316532426914
299,3,0.0446793029451494
299,4,0.048164939294292386
299,5,0.04679997189953769
299,6,0.04629095705877916
299,7,0.035877085832049196
299,8,0.036120484170575194
299,9,0.039110095326435584
299,10,0.03904284249444203
299,11,0.0460428722266406
299,12,0.04414746025427729
300,1,0.040157690034416056
300,2,0.039198352681143744
300,3,0.04189631201875684
300,4,0.0393820321561157
300,5,0.04141862099936347
300,6,0.037023582582092034
300,7,0.035049093728450074
300,8,0.033965634217623206
300,9,0.036448913005416646
300,10,0.0391619228517246
300,11,0.04079157969650016
300,12,0.03916904507439741
301,1,0.04299222780174122
301,2,0.0412531911070957
301,3,0.0458564193135323
301,4,0.046197643074453676
301,5,0.04356709496673441
301,6,0.0414054934942862
301,7,0.03164687434201914
301,8,0.032775080162577644
301,9,0.036386876071007816
301,10,0.03725415938539443
301,11,0.04445501801136511
301,12,0.04492353198676654
302,1,0.04094947733988822
302,2,0.03865335432504945
302,3,0.04122546021014022
302,4,0.04090180859766617
302,5,0.0431473229614378
302,6,0.04057656999959485
302,7,0.032686506348438754
302,8,0.033752131660772275
302,9,0.03726758552973371
302,10,0.037650240785924924
302,11,0.04376510759959572
302,12,0.042382219870775284
303,1,0.04222862322584347
303,2,0.04151693093690937
303,3,0.051274966890311226
303,4,0.05041196391507103
303,5,0.04329770324397207
303,6,0.040685568887638
303,7,0.029837275659557606
303,8,0.03072333457467951
303,9,0.0338304719346173
303,10,0.03617449255869817
303,11,0.04182385905899753
303,12,0.04270036411657652
304,1,0.04128429084986246
304,2,0.04036644057339042
304,3,0.0452975826123773
304,4,0.04573588913858304
304,5,0.04089598799993613
304,6,0.03587106535903298
304,7,0.028307232979884415
304,8,0.02923514692891712
304,9,0.03204596628482458
304,10,0.036756284170905686
304,11,0.041633895340496226
304,12,0.04244390817764819
305,1,0.03682662809442881
305,2,0.03689489776822563
305,3,0.04025900990939158
305,4,0.03654252331515109
305,5,0.033847313913429725
305,6,0.03403813232005558
305,7,0.030173518227217165
305,8,0.029878210750738037
305,9,0.03339101254303583
305,10,0.034468337182511626
305,11,0.038538580734990883
305,12,0.03850837420428166
306,1,0.03978594927947646
306,2,0.03819007498874938
306,3,0.04291928207098175
306,4,0.043610564737102245
306,5,0.04163566192639762
306,6,0.04072580422304224
306,7,0.03027092095866554
306,8,0.03208864258522371
306,9,0.03481349631377977
306,10,0.03492274770873542
306,11,0.03980531916733742
306,12,0.03900534059015989
307,1,0.035131890889558724
307,2,0.03521565127524874
307,3,0.03715396392650661
307,4,0.03371158103047992
307,5,0.032086793541187694
307,6,0.03271813522526123
307,7,0.029574305889318322
307,8,0.029504617244026747
307,9,0.03204156902277425
307,10,0.032948200346381164
307,11,0.03580023738425014
307,12,0.036199817574858684
308,1,0.034817099587448795
308,2,0.035651115109265316
308,3,0.03673586591988664
308,4,0.03253730788938195
308,5,0.031131866846798275
308,6,0.031039240242865276
308,7,0.028885435601202894
308,8,0.02968241323533384
308,9,0.029891201429082023
308,10,0.031018799533678303
308,11,0.03532369911082265
308,12,0.035537073243925736
309,1,0.04329486464439544
309,2,0.04182569433599058
309,3,0.04854797758748413
309,4,0.04792625537525484
309,5,0.04516887127290079
309,6,0.04313246109150471
309,7,0.030504009964436567
309,8,0.03221652297713456
309,9,0.035461369162470856
309,10,0.037149079507254434
309,11,0.04390035975766651
309,12,0.0462883654917203
310,1,0.04186525354370165
310,2,0.04103128839764942
310,3,0.045679016380727175
310,4,0.04643135517066478
310,5,0.04146492499410776
310,6,0.03631483773315975
310,7,0.02865915825287338
310,8,0.030110487805253675
310,9,0.033030355171779484
310,10,0.03763787653787684
310,11,0.042693073119255485
310,12,0.04298988859669127
311,1,0.04150305164875342
311,2,0.041073300802553316
311,3,0.04552843363183325
311,4,0.0447601283267876
311,5,0.040371821277437395
311,6,0.034895945481397586
311,7,0.027774265986517208
311,8,0.028566491840241733
311,9,0.03112734557346118
311,10,0.03654986882879614
311,11,0.040819445483099855
311,12,0.04215020468670728
312,1,0.03673960250400129
312,2,0.03783611488814682
312,3,0.04062359794078655
312,4,0.03682484632043811
312,5,0.03366865698976346
312,6,0.033925249551385664
312,7,0.030176610510982072
312,8,0.029847821658732707
312,9,0.0336236523185848
312,10,0.034617947157800595
312,11,0.03723454628261114
312,12,0.0389166031154201
313,1,0.03703963719948125
313,2,0.037446466430908563
313,3,0.04148869096077998
313,4,0.03880268531436872
313,5,0.03562179732697039
313,6,0.02862242961050743
313,7,0.025456614578611984
313,8,0.025780132601923182
313,9,0.02792995843672676
313,10,0.03429053943808107
313,11,0.03614153975844338
313,12,0.03769116238888489
314,1,0.04265403092974796
314,2,0.04060374240591702
314,3,0.04810016281145035
314,4,0.048191107971784136
314,5,0.04459114342136189
314,6,0.04237129514962774
314,7,0.030117133850511967
314,8,0.03250184537127907
314,9,0.03500403460961574
314,10,0.03620269453363675
314,11,0.04226293778898136
314,12,0.04437693246532889
315,1,0.03911050375458393
315,2,0.03784545302480338
315,3,0.04144447096895235
315,4,0.04193102625183342
315,5,0.04130655107039602
315,6,0.03978736440195905
315,7,0.03085018908233311
315,8,0.03269646918980295
315,9,0.03552046464714137
315,10,0.03544374505500944
315,11,0.039871393485444655
315,12,0.039029586521094256
316,1,0.046895752387443194
316,2,0.047363682418813335
316,3,0.049560222321455134
316,4,0.05038216446312907
316,5,0.04773165763374028
316,6,0.044820567051861104
316,7,0.033395964348198325
316,8,0.03556325580098857
316,9,0.03916916864408561
316,10,0.03845123579915746
316,11,0.03748589885239227
316,12,0.04256157348413323
317,1,0.04112793609501122
317,2,0.039926453210119096
317,3,0.04381492815297587
317,4,0.044684106823262196
317,5,0.03949152967337553
317,6,0.03523032599579377
317,7,0.028841087324714236
317,8,0.029870777607007848
317,9,0.03293427801685133
317,10,0.037081772696617124
317,11,0.042791988936674075
317,12,0.04237973818298672
318,1,0.04254405958849352
318,2,0.041398348678687184
318,3,0.04821409684465809
318,4,0.050271781436774354
318,5,0.042320013351890985
318,6,0.039587235038629036
318,7,0.02966173422455055
318,8,0.031044261253449106
318,9,0.032962361617395505
318,10,0.03721257494390814
318,11,0.0409194083220372
318,12,0.0427421464211322
319,1,0.043474295953482345
319,2,0.04271957048457585
319,3,0.048223601128861086
319,4,0.051064711017298724
319,5,0.04192186097738694
319,6,0.0388306983770007
319,7,0.02997681185072156
319,8,0.03109740249331428
319,9,0.0334934883727335
319,10,0.03753953885430945
319,11,0.04350954293427198
319,12,0.04414928989731819
320,1,0.04721696271178078
320,2,0.04662569542353204
320,3,0.04606400156972246
320,4,0.04774937148606003
320,5,0.0480407476526869
320,6,0.04591125472116689
320,7,0.035557187497840634
320,8,0.036857527076994655
320,9,0.040170864674057505
320,10,0.040657779571435834
320,11,0.047672154649436395
320,12,0.04970915969164608
321,1,0.04196708115768815
321,2,0.041072606454924325
321,3,0.045931114905860625
321,4,0.04628275560109096
321,5,0.040881288913377715
321,6,0.037073611000610684
321,7,0.02898227703591748
321,8,0.03010109028721069
321,9,0.03252403596622567
321,10,0.03623295101011772
321,11,0.04149257290111708
321,12,0.042666038873267975
322,1,0.03761489142366541
322,2,0.037295241697347985
322,3,0.03865624843775077
322,4,0.03655827190134931
322,5,0.03788100051295344
322,6,0.035760510826934946
322,7,0.03385764451290819
322,8,0.033479058435767796
322,9,0.034960176460762125
322,10,0.038247724257703196
322,11,0.03853440642885004
322,12,0.03571323856950807
323,1,0.039859970296717846
323,2,0.040065389122708905
323,3,0.04498239181782462
323,4,0.04395007482663907
323,5,0.04043368940906579
323,6,0.03258773089147321
323,7,0.02751291811846982
323,8,0.028105092019895923
323,9,0.03040214707260075
323,10,0.036366623616238825
323,11,0.03985528796232937
323,12,0.04047197634489588
324,1,0.0464741002369211
324,2,0.04269000482307743
324,3,0.047684243370992155
324,4,0.04684328840223104
324,5,0.044577929283003005
324,6,0.04434477093018654
324,7,0.031218512020214792
324,8,0.032957770329993016
324,9,0.03664513104389673
324,10,0.03826985947513863
324,11,0.044486119194688575
324,12,0.04617313915795439
325,1,0.04602169983857491
325,2,0.04239923745381079
325,3,0.044056590611727064
325,4,0.04319521033301082
325,5,0.04725032185633944
325,6,0.044316190532078956
325,7,0.03437400322866821
325,8,0.03589506181031849
325,9,0.03882993522326163
325,10,0.04028161414488618
325,11,0.04984030315914889
325,12,0.04718427461758688
326,1,0.03610905069505061
326,2,0.035969481664264606
326,3,0.03796173985518971
326,4,0.03331258133124945
326,5,0.03261711476282421
326,6,0.032614769335091436
326,7,0.030016738957401708
326,8,0.030618252176943153
326,9,0.03209235292791988
326,10,0.033200491089107664
326,11,0.03626226351489487
326,12,0.03676947714552906
327,1,0.03872466503419842
327,2,0.038464286326286075
327,3,0.04584528674803268
327,4,0.04926594422858354
327,5,0.04183778533490188
327,6,0.03774992866145308
327,7,0.02830619612474946
327,8,0.02859137591732913
327,9,0.03172459193645912
327,10,0.03404151236562709
327,11,0.03882104893756645
327,12,0.03950391512595487
328,1,0.03665411313351183
328,2,0.03717407935857816
328,3,0.04063112201516699
328,4,0.0389425358241129
328,5,0.035735857074727914
328,6,0.02776164221499631
328,7,0.024717020278320834
328,8,0.02569508819694883
328,9,0.027393752142727167
328,10,0.034235635660019664
328,11,0.035752424142412025
328,12,0.036990946234913426
329,1,0.040953255927532996
329,2,0.04075384334902048
329,3,0.045237340096519786
329,4,0.04333250600358304
329,5,0.0398716665798661
329,6,0.03289342751780024
329,7,0.027378976640256292
329,8,0.028361804898945183
329,9,0.030814132441154496
329,10,0.03662209570576256
329,11,0.03910767098649707
329,12,0.04164369452267979
330,1,0.0422638862337538
330,2,0.04528678377661506
330,3,0.05127558568297352
330,4,0.05123028398501012
330,5,0.04573672322407226
330,6,0.04295117980394841
330,7,0.03374283236949032
330,8,0.03640950714191277
330,9,0.03821217312750057
330,10,0.03649472208554521
330,11,0.03516856134918884
330,12,0.03852611043007512
331,1,0.041527200668818355
331,2,0.03975800094202713
331,3,0.045708808790338604
331,4,0.044923076999124546
331,5,0.04066749962150435
331,6,0.03940514165076626
331,7,0.030038082506423418
331,8,0.030686528416275106
331,9,0.03452731745038904
331,10,0.03582339731781781
331,11,0.04128514297469955
331,12,0.04327172746914019
332,1,0.04400232259952933
332,2,0.04593267971543831
332,3,0.05023385508028764
332,4,0.050423413041912384
332,5,0.045519718541974695
332,6,0.043514293629799965
332,7,0.03355339580070429
332,8,0.03620062103504625
332,9,0.03826497598443024
332,10,0.036649539514681424
332,11,0.03481035242676739
332,12,0.03931422146576154
333,1,0.03473420619264851
333,2,0.03435780069404554
333,3,0.039052751399548405
333,4,0.034579734325505505
333,5,0.03192108609246705
333,6,0.03202091588062124
333,7,0.028616439038373347
333,8,0.028055103474803094
333,9,0.031172283706566724
333,10,0.03297603337269264
333,11,0.03628020248003375
333,12,0.03656859785760447
334,1,0.04361562889993918
334,2,0.043433494881399005
334,3,0.04898068292846892
334,4,0.05117086842918938
334,5,0.04099175478059263
334,6,0.03989894236842165
334,7,0.028385116898979688
334,8,0.03035855306500635
334,9,0.0326071804855509
334,10,0.03761122870715586
334,11,0.04138877089097717
334,12,0.04330425813175066
335,1,0.035484317870570194
335,2,0.0355988526946644
335,3,0.037168967791461206
335,4,0.03299912931342547
335,5,0.03100041124156589
335,6,0.03151385151177764
335,7,0.0297419312387057
335,8,0.0301308148764064
335,9,0.03184613434743068
335,10,0.033221985304128725
335,11,0.03531694046430213
335,12,0.03605704992860859
336,1,0.042266398075173524
336,2,0.040481081490621726
336,3,0.04506341735815926
336,4,0.04581496395066836
336,5,0.04198288040073384
336,6,0.03707581497760352
336,7,0.02921289863487217
336,8,0.0302193282991077
336,9,0.03335095100743855
336,10,0.03735516260335531
336,11,0.043169122473408976
336,12,0.044420251206761394
337,1,0.04232559060715082
337,2,0.041324607006619385
337,3,0.04560793109889
337,4,0.04542780743972916
337,5,0.04110703270132565
337,6,0.03456418540904813
337,7,0.027769490341118013
337,8,0.02971081722677219
337,9,0.031525968397151334
337,10,0.038260462909301705
337,11,0.04229786391865314
337,12,0.042718789861100476
338,1,0.041038846523711724
338,2,0.039348338840769194
338,3,0.04428294153015182
338,4,0.04625125846064174
338,5,0.04080193286944847
338,6,0.03504094417205027
338,7,0.028583054877289935
338,8,0.029633603083308164
338,9,0.03224174941457569
338,10,0.03698976421106427
338,11,0.04369380415975952
338,12,0.04181829738042579
339,1,0.03862995585049545
339,2,0.04035775170816974
339,3,0.04391196579868393
339,4,0.04125926926108936
339,5,0.03816839494431144
339,6,0.030288337016214414
339,7,0.025922187102157702
339,8,0.027383203449174977
339,9,0.029320270061817335
339,10,0.03579721621243453
339,11,0.03825604374690848
339,12,0.039245396998738774
340,1,0.043844206278691664
340,2,0.04090908999924867
340,3,0.04944942621245968
340,4,0.048221089144007065
340,5,0.044605099552082396
340,6,0.04335813299944973
340,7,0.030330629487593085
340,8,0.03224755275076131
340,9,0.03570543319667431
340,10,0.03659801130219132
340,11,0.04332697774478929
340,12,0.04555203654804672
341,1,0.04069325693434182
341,2,0.0405195383298475
341,3,0.04680787819040242
341,4,0.04938567704718635
341,5,0.03960422648934007
341,6,0.03634253549405607
341,7,0.028472848317533668
341,8,0.029370914292017578
341,9,0.031193161720293267
341,10,0.03572575423306147
341,11,0.03909158528689391
341,12,0.04106059509984442
342,1,0.03516165825882896
342,2,0.03552964644919667
342,3,0.03770749607607899
342,4,0.03374511097079615
342,5,0.031596235824195754
342,6,0.03129979988541766
342,7,0.02974171515052233
342,8,0.03054853025953437
342,9,0.029729521850211063
342,10,0.03132185870998365
342,11,0.03570378090587996
342,12,0.036094145859154804
343,1,0.037639838267212046
343,2,0.03658129071955975
343,3,0.041561183505521425
343,4,0.03656719610919755
343,5,0.03325647599157757
343,6,0.034499441395215186
343,7,0.02975438358170142
343,8,0.028747843095983105
343,9,0.03346782620771028
343,10,0.033968766445343815
343,11,0.03867050761448331
343,12,0.03944096104525882
344,1,0.03560528381845677
344,2,0.037255055142424776
344,3,0.044548953928161855
344,4,0.04243290715742236
344,5,0.039683163783748476
344,6,0.038014256983272245
344,7,0.02977734325281468
344,8,0.031205206348411917
344,9,0.03301156687452502
344,10,0.03222372513904876
344,11,0.03159491057499392
344,12,0.034473893624007636
345,1,0.03875575558408342
345,2,0.03768077013841335
345,3,0.04460129324610327
345,4,0.044356696437655344
345,5,0.04128923856247444
345,6,0.03864698122848076
345,7,0.03099162604901808
345,8,0.03227959902490345
345,9,0.035706830334891776
345,10,0.03496458967494634
345,11,0.039819852228644696
345,12,0.039237566855677364
346,1,0.04081558571552775
346,2,0.03942475493051238
346,3,0.04668322787573094
346,4,0.04634660915418642
346,5,0.043316361470007836
346,6,0.04186888890503717
346,7,0.030616645891152833
346,8,0.03231518519129993
346,9,0.0347857679774181
346,10,0.03582431369599138
346,11,0.0405789645190345
346,12,0.040573935576561436
347,1,0.03956967383454755
347,2,0.0376997750139319
347,3,0.042660040193545405
347,4,0.04229037098661175
347,5,0.04143727796764695
347,6,0.03883222007603555
347,7,0.031224081853069227
347,8,0.03310216062671458
347,9,0.035988130439458026
347,10,0.03557108550501526
347,11,0.04030041418525885
347,12,0.03930152353579811
348,1,0.042112007098776515
348,2,0.04124008906614773
348,3,0.04467556109274622
348,4,0.04418872024026714
348,5,0.03983718263041775
348,6,0.034142798266495834
348,7,0.02784106843929586
348,8,0.02966129288641699
348,9,0.031039512265530093
348,10,0.03764611685985942
348,11,0.04088594224951442
348,12,0.04170327336987363
349,1,0.03758973375568864
349,2,0.03760746416729049
349,3,0.040448972911550925
349,4,0.03689184939256498
349,5,0.03389172641063843
349,6,0.03440974305862051
349,7,0.03029172930206911
349,8,0.029627397259732947
349,9,0.03353249209869511
349,10,0.03460860156618243
349,11,0.038083912789163524
349,12,0.03944002244226187
350,1,0.039981955959468005
350,2,0.038714836309089784
350,3,0.04483974988700391
350,4,0.04732626438246166
350,5,0.04317613376271432
350,6,0.04143816295048826
350,7,0.03095870686462495
350,8,0.032959114407053375
350,9,0.036069548802145794
350,10,0.03597463541382494
350,11,0.04066725505968246
350,12,0.04009582259182363
351,1,0.03868232245647603
351,2,0.03938860311060846
351,3,0.04363235419565213
351,4,0.04340297582604483
351,5,0.03844109866942271
351,6,0.032549549841879064
351,7,0.026965540797664476
351,8,0.028360490961111227
351,9,0.030701074855027665
351,10,0.035058445561992654
351,11,0.039177072092321054
351,12,0.039808180667178034
352,1,0.0412283521795696
352,2,0.03995062193781828
352,3,0.04442101004538284
352,4,0.04398302066525507
352,5,0.039356188002661864
352,6,0.035290548325685615
352,7,0.029000900335731217
352,8,0.02998687618609643
352,9,0.032760442641112344
352,10,0.03641577693059338
352,11,0.04225231460283884
352,12,0.04182302321211051
353,1,0.03836004923838315
353,2,0.03917884197975757
353,3,0.044366157743849444
353,4,0.03909912943416261
353,5,0.03328720879502897
353,6,0.03480926531718979
353,7,0.028343881324667693
353,8,0.028889970489269504
353,9,0.03379793916512425
353,10,0.03422215100834216
353,11,0.03995343608139113
353,12,0.0406509791505739
354,1,0.04560520205732213
354,2,0.041119153238962314
354,3,0.04394423441933539
354,4,0.04388395315587643
354,5,0.04677784839785692
354,6,0.04337666210721211
354,7,0.034565727549064375
354,8,0.03663091718883627
354,9,0.039504374487750085
354,10,0.039687636885395776
354,11,0.04952545010988508
354,12,0.048885324201001785
355,1,0.0418746312314109
355,2,0.040200340685217655
355,3,0.044847803048420405
355,4,0.04504172825346583
355,5,0.039959252411819496
355,6,0.03555231614242542
355,7,0.02924833591842473
355,8,0.02987442518521721
355,9,0.03328537554772062
355,10,0.036705261527679944
355,11,0.04248625908514644
355,12,0.042628736610557494
356,1,0.04282759340884964
356,2,0.044995859540630165
356,3,0.045213195010116315
356,4,0.051513069409777394
356,5,0.047138833539260815
356,6,0.04577908683070955
356,7,0.03577911137295312
356,8,0.035972042089665535
356,9,0.03869297293473153
356,10,0.038050238148621754
356,11,0.043277521639008304
356,12,0.042350865242716196
357,1,0.046706268643844966
357,2,0.042675302349417875
357,3,0.04684180527192069
357,4,0.04654976701242215
357,5,0.04424552312901393
357,6,0.04324355403772126
357,7,0.031218861155390697
357,8,0.032437871394859645
357,9,0.03657594514011405
357,10,0.037973614977854044
357,11,0.044468731123658414
357,12,0.046445402509689225
358,1,0.04700402233954266
358,2,0.042231435144120866
358,3,0.046468163126672186
358,4,0.04689054401850009
358,5,0.044447221275866595
358,6,0.04476467976890617
358,7,0.03132248157403237
358,8,0.03335675977944885
358,9,0.0371570638431361
358,10,0.038143390316037286
358,11,0.044386167162020526
358,12,0.04652029707088218
359,1,0.038882220990620636
359,2,0.038860420114515966
359,3,0.043873009408154987
359,4,0.04235610365629886
359,5,0.03872317412594243
359,6,0.03154864834259986
359,7,0.026203848701547693
359,8,0.027138171943353284
359,9,0.029187329640622615
359,10,0.03523623787436201
359,11,0.03811769457300228
359,12,0.03945596250085405
360,1,0.04242101996773305
360,2,0.041788784542169305
360,3,0.04605146535531911
360,4,0.04676711376436875
360,5,0.04220763361821172
360,6,0.0367110170157038
360,7,0.02823318868362475
360,8,0.03010171712314884
360,9,0.03239727192615022
360,10,0.0363198721457784
360,11,0.04166935673381431
360,12,0.043289256224144854
361,1,0.03982793380009997
361,2,0.04008196405293891
361,3,0.0442048714972038
361,4,0.041449135355308614
361,5,0.03316499546106734
361,6,0.035010208069215704
361,7,0.02855419668560159
361,8,0.028793085225346335
361,9,0.03362448466871316
361,10,0.03436186292268049
361,11,0.04037560052165183
361,12,0.0415959649230454
362,1,0.03892081901403316
362,2,0.0392741145695851
362,3,0.043516121602696814
362,4,0.04345792825120737
362,5,0.03904082670044127
362,6,0.03249416379907502
362,7,0.026922743358805342
362,8,0.027967490948367014
362,9,0.030375072175901144
362,10,0.035074354155136094
362,11,0.03894822267665851
362,12,0.039964538457529356
363,1,0.04429031982177213
363,2,0.0460509570691144
363,3,0.05138034085612334
363,4,0.050022859780543084
363,5,0.046618803492393786
363,6,0.04365796285832801
363,7,0.03305225870194579
363,8,0.03545806308009647
363,9,0.03727202170723547
363,10,0.036934352832978586
363,11,0.03577921260943524
363,12,0.04017957609600916
364,1,0.0377792876866379
364,2,0.03808559573091717
364,3,0.03847637528841696
364,4,0.03680094639109188
364,5,0.03763938135545023
364,6,0.03507326921621745
364,7,0.033458384051605145
364,8,0.03393664069655869
364,9,0.0351654167654745
364,10,0.03751890686845373
364,11,0.039079633494733305
364,12,0.03677852545321611
365,1,0.048747484463428296
365,2,0.04636650482342927
365,3,0.04670063978481036
365,4,0.04770604620545205
365,5,0.04845117883537844
365,6,0.04544142874723116
365,7,0.03425935560838334
365,8,0.03638317949063116
365,9,0.039464090636714494
365,10,0.04021470271471479
365,11,0.04423223911447773
365,12,0.0496926791038491
366,1,0.03734884838556128
366,2,0.03723222132420121
366,3,0.039432472350825344
366,4,0.03956279534912122
366,5,0.04135363897875472
366,6,0.036536918176905825
366,7,0.03491487430156602
366,8,0.03337062321005791
366,9,0.03524229169794561
366,10,0.039533559019546215
366,11,0.039771377038569415
366,12,0.03594232829269765
367,1,0.039601478959011595
367,2,0.039615206892815134
367,3,0.044984895580282416
367,4,0.04427989643395198
367,5,0.039464441996783915
367,6,0.032067035574905825
367,7,0.027034458154294973
367,8,0.02770858936398946
367,9,0.03060464843587079
367,10,0.035726132180835396
367,11,0.039980758846933896
367,12,0.04007162099351497
368,1,0.03623996730575809
368,2,0.035483670186798315
368,3,0.04056678458958055
368,4,0.03558472783689376
368,5,0.03188403207921598
368,6,0.03199063739340418
368,7,0.027990247948355435
368,8,0.02806771449152421
368,9,0.03162024429461424
368,10,0.03301214284880445
368,11,0.03747736850224573
368,12,0.03747430530739608
369,1,0.03809400865445099
369,2,0.03881549379450774
369,3,0.042050255112890574
369,4,0.03816850487972199
369,5,0.033637992286555306
369,6,0.03415881149445462
369,7,0.0295258694805202
369,8,0.029357205246467382
369,9,0.033772290174600615
369,10,0.03520338527687782
369,11,0.039890045256014584
369,12,0.04043603834785028
370,1,0.04597880723565769
370,2,0.04449920511970107
370,3,0.048854319375056264
370,4,0.051756918855007585
370,5,0.04299416131562264
370,6,0.04305811864815326
370,7,0.03108846084668802
370,8,0.031987998488839285
370,9,0.033940281384785255
370,10,0.038862345163757375
370,11,0.043680669806381314
370,12,0.04525791790160217
371,1,0.039152442732326355
371,2,0.03955363059628095
371,3,0.042726071543972344
371,4,0.041738281810409665
371,5,0.03705186984615874
371,6,0.03069674000918312
371,7,0.025822563207352475
371,8,0.026989504069488413
371,9,0.02840736948764775
371,10,0.03550335611172172
371,11,0.037449608510766765
371,12,0.039419710165076643
372,1,0.041249989131630534
372,2,0.040649430982933714
372,3,0.04429769104222345
372,4,0.04309445829091293
372,5,0.03965735927866885
372,6,0.03312337073830741
372,7,0.026693919219328708
372,8,0.028448896737063988
372,9,0.030064593895693572
372,10,0.03695461059724333
372,11,0.03952111007584913
372,12,0.04138043651203003
373,1,0.04227995898203637
373,2,0.041677198699436147
373,3,0.04540371312871849
373,4,0.04453621484914249
373,5,0.040159425360342615
373,6,0.03429436442739699
373,7,0.02831552908973229
373,8,0.029169079956109418
373,9,0.03129209399899071
373,10,0.038368589303632995
373,11,0.041683965621520075
373,12,0.04249732846247091
374,1,0.03967367572624126
374,2,0.040746168027745715
374,3,0.04643465684663625
374,4,0.0443390854037125
374,5,0.03974184845050336
374,6,0.033011573387950806
374,7,0.026324036628484412
374,8,0.02747501574141965
374,9,0.029490424054237015
374,10,0.03634427671037801
374,11,0.039415804693240755
374,12,0.04043909901131486
375,1,0.04616287840374463
375,2,0.041657175861195515
375,3,0.044236494516866585
375,4,0.04460040354988322
375,5,0.04682352938822367
375,6,0.04470134357632816
375,7,0.03341475627117999
375,8,0.03509535956559936
375,9,0.03796192761079015
375,10,0.03954190355606279
375,11,0.0454274767622434
375,12,0.045260641977773
376,1,0.03794586031462148
376,2,0.036603073618679705
376,3,0.041020129484188705
376,4,0.04097045730871708
376,5,0.04046780507000218
376,6,0.03781348277229954
376,7,0.0306658385117974
376,8,0.03229744774151655
376,9,0.03516754483483152
376,10,0.03435828598615724
376,11,0.03900607712432203
376,12,0.03768880444411171
377,1,0.037709675304588075
377,2,0.038658168421001206
377,3,0.04149387403467107
377,4,0.03821460517417225
377,5,0.03353403581017769
377,6,0.03382130582530557
377,7,0.029082265677029557
377,8,0.028992992938989312
377,9,0.03284399618506288
377,10,0.03493305265520731
377,11,0.03980345941636198
377,12,0.04005787353749
378,1,0.0462644380507225
378,2,0.04495835118609936
378,3,0.04536576817006954
378,4,0.0462083018673085
378,5,0.047305136303731427
378,6,0.045302802198757756
378,7,0.035486058519966036
378,8,0.036323088598815216
378,9,0.039130971729794475
378,10,0.0392942234131657
378,11,0.04719197869083858
378,12,0.047333974460607754
379,1,0.040573449617680765
379,2,0.04299204832452355
379,3,0.047957134025951954
379,4,0.04657683219512216
379,5,0.04408766461807698
379,6,0.04048751181698471
379,7,0.03162950207286762
379,8,0.03321301577059515
379,9,0.03622937511998409
379,10,0.03587707197040496
379,11,0.03482624429528946
379,12,0.038350872521265705
380,1,0.041374807369425205
380,2,0.04472150752604758
380,3,0.05310875559566073
380,4,0.049847077992137064
380,5,0.04521793572135124
380,6,0.04300334826862314
380,7,0.03263970863402476
380,8,0.035548064410388366
380,9,0.038117087034753805
380,10,0.03620354199065731
380,11,0.03514430844783126
380,12,0.037900956171868234
381,1,0.04415646106749022
381,2,0.0428079022127317
381,3,0.04950080492279811
381,4,0.04929270759006509
381,5,0.04483308194583458
381,6,0.04297752712653613
381,7,0.03144928662707326
381,8,0.032576738525857116
381,9,0.036166642755231786
381,10,0.03773679145530443
381,11,0.0441549530626854
381,12,0.04624677984195955
382,1,0.04020977933233538
382,2,0.041254033635073344
382,3,0.04580737699582582
382,4,0.043918783832338736
382,5,0.03980388423712644
382,6,0.03279092556370947
382,7,0.02726154525149904
382,8,0.02859290321072775
382,9,0.030595681690458475
382,10,0.03720718521197891
382,11,0.03976398604454553
382,12,0.04131808444919316
383,1,0.03815794098994951
383,2,0.03717466130112966
383,3,0.04026574885606539
383,4,0.03836071864805033
383,5,0.04041159691519326
383,6,0.036441038667963534
383,7,0.03585536068969476
383,8,0.034049148813243106
383,9,0.03580944534885816
383,10,0.03705756261374326
383,11,0.0403116459092511
383,12,0.036279014311215746
384,1,0.03558118696478794
384,2,0.03606635444617865
384,3,0.037447894725952
384,4,0.03341202390714221
384,5,0.03222322725890145
384,6,0.03215742132175224
384,7,0.029836996749407256
384,8,0.030189094765539295
384,9,0.03234767221783577
384,10,0.03301539055064311
384,11,0.03609913804814472
384,12,0.03628963045893981
385,1,0.0386800413893867
385,2,0.03907947418457572
385,3,0.0472491911989437
385,4,0.04810798810013646
385,5,0.0401561613671837
385,6,0.03644768785005411
385,7,0.028327771249865085
385,8,0.029035981297415255
385,9,0.03200032976896661
385,10,0.034669794399883956
385,11,0.03946177581694574
385,12,0.040386499002419696
386,1,0.04603352434724097
386,2,0.04545647716663602
386,3,0.049308403566657076
386,4,0.05186041788035328
386,5,0.04275191524118155
386,6,0.041065837928993806
386,7,0.03103705846527975
386,8,0.031496095175709074
386,9,0.03396742544261196
386,10,0.03849232026234451
386,11,0.04262888246561872
386,12,0.04442939072948609
387,1,0.0376111975788187
387,2,0.03823767205789176
387,3,0.041875069132927475
387,4,0.037761032532390965
387,5,0.03352400592506864
387,6,0.034029369335516944
387,7,0.03029166140071014
387,8,0.029410513495138048
387,9,0.03331900719112173
387,10,0.03474092950169296
387,11,0.038950583328838106
387,12,0.03965400163087523
388,1,0.03837631179620902
388,2,0.038820795029408536
388,3,0.044045725510524436
388,4,0.04206191221976159
388,5,0.038259825604204746
388,6,0.031402958004965106
388,7,0.02630367654385412
388,8,0.02705878988290981
388,9,0.028929123281195946
388,10,0.03489461653047065
388,11,0.03803270390661732
388,12,0.038649758237499124
389,1,0.04717648711490238
389,2,0.04432811779797288
389,3,0.04504877828498135
389,4,0.0450449713382395
389,5,0.047553352751585516
389,6,0.0453806080366213
389,7,0.03533116015073487
389,8,0.03666647023925943
389,9,0.03977953127426364
389,10,0.03972038224787312
389,11,0.048793398625026595
389,12,0.04801745132990395
390,1,0.03858810871399982
390,2,0.03765294209299134
390,3,0.041069344013304074
390,4,0.03824262742699882
390,5,0.040500539749530315
390,6,0.03611263022301323
390,7,0.035417251794990785
390,8,0.033964225954121116
390,9,0.035417800899974816
390,10,0.03592891358477028
390,11,0.040897100999190424
390,12,0.03670019640370979
391,1,0.03593356439040151
391,2,0.0348662684698307
391,3,0.03922107838050966
391,4,0.040221022036963365
391,5,0.03881211378639791
391,6,0.03736073137675769
391,7,0.029270637218568703
391,8,0.030973395134136106
391,9,0.03339907201195947
391,10,0.033027268490285304
391,11,0.03672453248241699
391,12,0.03591725591029157
392,1,0.039167854297110095
392,2,0.03892480475525245
392,3,0.04401344973253881
392,4,0.04297512574888341
392,5,0.03874799551448756
392,6,0.034037182651746774
392,7,0.026790956480026374
392,8,0.0279539199249152
392,9,0.030451897605730974
392,10,0.0350092975078977
392,11,0.038878355793594666
392,12,0.039858063292035645
393,1,0.04328077108193551
393,2,0.0413540714429883
393,3,0.046635357576881954
393,4,0.04644025770331165
393,5,0.04418321208363304
393,6,0.04265428665846193
393,7,0.03158823789887051
393,8,0.03259007407975488
393,9,0.03640035123289664
393,10,0.03747030974157416
393,11,0.04452614222361911
393,12,0.045206151072120164
394,1,0.03918655908971878
394,2,0.04242393686670496
394,3,0.04922006576567181
394,4,0.05080875279271981
394,5,0.045309456342559194
394,6,0.04210399068529353
394,7,0.03337865148240297
394,8,0.03572052142746611
394,9,0.03746713801932963
394,10,0.034866860593147316
394,11,0.034143965936757094
394,12,0.03640694608690393
395,1,0.04196173210104091
395,2,0.04519358166588684
395,3,0.04967746594412234
395,4,0.05159334911386005
395,5,0.045170453386452966
395,6,0.0431356438731318
395,7,0.03322084351061317
395,8,0.03497750599494533
395,9,0.0371373868954473
395,10,0.0358503784990431
395,11,0.034227186111522874
395,12,0.0382203433082106
396,1,0.03843685413638411
396,2,0.03704907421215017
396,3,0.03997475855447587
396,4,0.037401849179006894
396,5,0.038589736270840495
396,6,0.03601276202998994
396,7,0.036564091846618796
396,8,0.033807864491222105
396,9,0.03472132305533785
396,10,0.03513413534917544
396,11,0.03932544116754375
396,12,0.03575629918671882
397,1,0.03618228270576457
397,2,0.03697040835073657
397,3,0.03887306347481574
397,4,0.03394736088174653
397,5,0.03243384302065363
397,6,0.03302022074348092
397,7,0.0298287592684958
397,8,0.02951633591098957
397,9,0.032275684298375226
397,10,0.033632216160108974
397,11,0.03658007449160714
397,12,0.03782096624550701
398,1,0.03779996241682813
398,2,0.0382128122388976
398,3,0.04001121140235074
398,4,0.03912123331913153
398,5,0.04385779773022113
398,6,0.041833834040027856
398,7,0.03614545945403315
398,8,0.035057353052784096
398,9,0.035220261759842525
398,10,0.03396368315526742
398,11,0.03579966765215363
398,12,0.0353691314578398
399,1,0.04368508066493616
399,2,0.04250354535517218
399,3,0.04570733759841271
399,4,0.046269024608280314
399,5,0.04142316307495275
399,6,0.03969193917086844
399,7,0.028772735423357475
399,8,0.030627615513816205
399,9,0.03227631044607687
399,10,0.0385474665252445
399,11,0.04231567790957457
399,12,0.044155275811552944
400,1,0.0469793727212972
400,2,0.04238674364627092
400,3,0.04371452577481736
400,4,0.04480196753303946
400,5,0.0475940449599814
400,6,0.044403888941249546
400,7,0.034367913051219494
400,8,0.03601859494721252
400,9,0.039378709144055016
400,10,0.040348475788262804
400,11,0.04885848089095736
400,12,0.04744688574794627
401,1,0.03945579662715252
401,2,0.03863844189504408
401,3,0.042727806216790266
401,4,0.04341220540227071
401,5,0.041836478843589
401,6,0.04025583649917892
401,7,0.03147877941267794
401,8,0.03364099205630208
401,9,0.03637745009947127
401,10,0.035916044113850555
401,11,0.040980334866522014
401,12,0.040532260949042845
402,1,0.042493909446461316
402,2,0.04081760972867014
402,3,0.04543471317423175
402,4,0.046002121491939614
402,5,0.041247211839198446
402,6,0.03677213877617177
402,7,0.028783013049637592
402,8,0.030525568059789
402,9,0.03339699056806891
402,10,0.03768260391298763
402,11,0.04359016535422304
402,12,0.044644335378174305
403,1,0.035704512481284485
403,2,0.03576522094736369
403,3,0.03893024997744053
403,4,0.03410632090700675
403,5,0.03171716369683139
403,6,0.03204141712973608
403,7,0.02907216041722185
403,8,0.029378196877293674
403,9,0.03162011912102842
403,10,0.032972910817666456
403,11,0.03662112391966109
403,12,0.03746877811899719
404,1,0.04248884133828892
404,2,0.044796984216117906
404,3,0.051876935986886
404,4,0.050029069780117
404,5,0.04493376938863113
404,6,0.04305383332706679
404,7,0.03294630749963342
404,8,0.034769366480463346
404,9,0.03769646220046518
404,10,0.03663087285495804
404,11,0.03531178021197987
404,12,0.03932879638825208
405,1,0.03555725281580922
405,2,0.03706321001869685
405,3,0.04084626489575688
405,4,0.03829896467449485
405,5,0.034766548710123
405,6,0.028596683641905964
405,7,0.024810624233283365
405,8,0.025757930467177982
405,9,0.027054073920022778
405,10,0.032681882322731656
405,11,0.035297612165163
405,12,0.03648662420577229
406,1,0.038375507668368884
406,2,0.038158007630164886
406,3,0.04648309671313964
406,4,0.0474132329459284
406,5,0.039760569785305275
406,6,0.03769109381335997
406,7,0.02811512702564966
406,8,0.028852043887901226
406,9,0.03224783775092128
406,10,0.033766441721604167
406,11,0.03859559164050789
406,12,0.03903535298027035
407,1,0.040951561386504735
407,2,0.040115430879032424
407,3,0.04831967384057866
407,4,0.05264444621859349
407,5,0.04150961811486734
407,6,0.03758379260222703
407,7,0.02938179810023371
407,8,0.03013081256423531
407,9,0.032836200467714544
407,10,0.035901678764485766
407,11,0.04141528799720693
407,12,0.04241436009884322
408,1,0.03642375197227051
408,2,0.03631957190224852
408,3,0.038262209785286744
408,4,0.033572114630265076
408,5,0.03283805371121075
408,6,0.03252183393572635
408,7,0.030198316149637562
408,8,0.02989254696892255
408,9,0.03228486532163695
408,10,0.03317177582806087
408,11,0.037215765088135774
408,12,0.037562141915547395
409,1,0.04275459433590597
409,2,0.04177772624614504
409,3,0.04790463658415158
409,4,0.04804402844097149
409,5,0.04215142916331032
409,6,0.03795089670111239
409,7,0.030328136101818823
409,8,0.030733117067418846
409,9,0.033194656946378125
409,10,0.0375104832947362
409,11,0.042240312434834996
409,12,0.043421079183763124
410,1,0.0392590458106932
410,2,0.03716294996370206
410,3,0.041198824720400734
410,4,0.04151895063814154
410,5,0.04069008547642767
410,6,0.039166329381969546
410,7,0.03049551162145139
410,8,0.03189380418278074
410,9,0.035387654790252444
410,10,0.03490463996209224
410,11,0.03944040536278039
410,12,0.039778220522384354
411,1,0.04489566692596374
411,2,0.046735772266788135
411,3,0.045924179176597184
411,4,0.051940814806874444
411,5,0.04836192053539353
411,6,0.04631236419394104
411,7,0.0364120042780562
411,8,0.03719530661878748
411,9,0.03964593473135637
411,10,0.03989549458754204
411,11,0.04583266059411847
411,12,0.04507284924559683
412,1,0.0433225579472579
412,2,0.04171556703433163
412,3,0.046782874953100614
412,4,0.04744086112625525
412,5,0.042334429640374774
412,6,0.03700021236692419
412,7,0.03004627297895331
412,8,0.031158916346879163
412,9,0.03338451212150657
412,10,0.038156936354970354
412,11,0.04408367967806667
412,12,0.04498209628047161
413,1,0.04668414570158593
413,2,0.04279276554946026
413,3,0.047900629255622
413,4,0.04715070021612966
413,5,0.044342285616733056
413,6,0.04422013841737225
413,7,0.031239023447923887
413,8,0.03338240861024514
413,9,0.03680741795776276
413,10,0.038015190165087136
413,11,0.04515640045144343
413,12,0.0466754940493195
414,1,0.03917632499321152
414,2,0.04112522942278925
414,3,0.04434983238620264
414,4,0.04137883896476716
414,5,0.03470593411776298
414,6,0.027810915811359423
414,7,0.024811422646306997
414,8,0.026049185761453958
414,9,0.028468877751675847
414,10,0.03365235837470593
414,11,0.035591790506051095
414,12,0.03810431492220033
415,1,0.03780594095975462
415,2,0.037903071105274834
415,3,0.04219780872189436
415,4,0.038677480862055975
415,5,0.033581322825327546
415,6,0.03509282107460657
415,7,0.029337946153417078
415,8,0.029350082917116566
415,9,0.03384775576342197
415,10,0.034738475698181774
415,11,0.038911693473112456
415,12,0.0397454783826919
416,1,0.04629834292785591
416,2,0.04591811231366982
416,3,0.04479087559982805
416,4,0.048968892907919614
416,5,0.04758440732953261
416,6,0.04592117085736789
416,7,0.035657679784727885
416,8,0.036909813154672164
416,9,0.03902173327797786
416,10,0.03894185152500657
416,11,0.04737480764579903
416,12,0.046672889744265866
417,1,0.04760387760245829
417,2,0.044202539750321325
417,3,0.04485879560881231
417,4,0.044750970921547985
417,5,0.04778962411214033
417,6,0.04533037614459886
417,7,0.034830881914487556
417,8,0.035948538307255154
417,9,0.039013943024645024
417,10,0.04097804817058674
417,11,0.04930346021713691
417,12,0.04844265047232631
418,1,0.03595568202940351
418,2,0.036545274787731424
418,3,0.03909267318825883
418,4,0.03511353473406437
418,5,0.033370198421642246
418,6,0.0337489973698831
418,7,0.030322065808135956
418,8,0.029703445705301434
418,9,0.03327532079530541
418,10,0.03381258691507693
418,11,0.03712360377758224
418,12,0.03784974235986673
419,1,0.03792698557556085
419,2,0.03747121421983589
419,3,0.041422846852412695
419,4,0.03668531998628012
419,5,0.03351607570480777
419,6,0.03314890426772211
419,7,0.028897106946792758
419,8,0.029112039496220442
419,9,0.03303575849789198
419,10,0.034104400310739344
419,11,0.040670074151883305
419,12,0.04061492485240875
420,1,0.04095577888917851
420,2,0.041022287660669204
420,3,0.0407391397297743
420,4,0.03796509463341949
420,5,0.03821910815698867
420,6,0.03331620582405663
420,7,0.031139203165161142
420,8,0.03116467280110211
420,9,0.033388583558543586
420,10,0.037022794734147345
420,11,0.045092499301960076
420,12,0.04370972950945657
421,1,0.040730590406778434
421,2,0.039460375275255595
421,3,0.047410164415014826
421,4,0.047621100279504586
421,5,0.04098725916003025
421,6,0.03934778375591376
421,7,0.02912554624317962
421,8,0.030536395018243546
421,9,0.03394345280165149
421,10,0.035638656945939276
421,11,0.04139748861583724
421,12,0.04264645515373223
422,1,0.04140760514419551
422,2,0.039800479635996325
422,3,0.041354687128243375
422,4,0.03949962641503905
422,5,0.041409143856947266
422,6,0.037791943904580946
422,7,0.03558781222215482
422,8,0.03403619325075223
422,9,0.03641966842392281
422,10,0.03976440251980008
422,11,0.04057894928462152
422,12,0.03930942332095851
423,1,0.04129934120001763
423,2,0.039906462330167966
423,3,0.04937344237733269
423,4,0.047896876301353045
423,5,0.04126932574382915
423,6,0.03849471138653502
423,7,0.029478068073458076
423,8,0.030055868626317185
423,9,0.034004916290810976
423,10,0.03598992603384995
423,11,0.04147429635093377
423,12,0.04237447207110316
424,1,0.04145547252968426
424,2,0.04049610378382855
424,3,0.04944954466171667
424,4,0.04986094356094944
424,5,0.04082093624054363
424,6,0.03732243380199915
424,7,0.028142994580488346
424,8,0.029197774958819773
424,9,0.03197949043522438
424,10,0.03611305900983252
424,11,0.04179316594272992
424,12,0.042015920037672086
425,1,0.040620552805587185
425,2,0.039376172106335865
425,3,0.047411527075006586
425,4,0.047276213678691364
425,5,0.04102080304184016
425,6,0.038559384734850766
425,7,0.029342808666950722
425,8,0.030072845707005143
425,9,0.03380685496293358
425,10,0.03494872341752745
425,11,0.04086621421320775
425,12,0.042422944738469484
426,1,0.0440930813982865
426,2,0.04382744614160897
426,3,0.046502133406574823
426,4,0.04835533876998418
426,5,0.04056550193713102
426,6,0.039026901079933604
426,7,0.029974173570722528
426,8,0.030643150528068003
426,9,0.032926423500730086
426,10,0.03758641837538213
426,11,0.04188177346716072
426,12,0.043812462954275586
427,1,0.04734543788086583
427,2,0.045019168060743506
427,3,0.044325902693570986
427,4,0.045902638617733985
427,5,0.04687623346077653
427,6,0.04515426997689525
427,7,0.03563505076241234
427,8,0.03624337993091225
427,9,0.039957533437792785
427,10,0.040838590367402124
427,11,0.05026368151432305
427,12,0.048158128577394245
428,1,0.036432477245126854
428,2,0.035308307839521
428,3,0.039539398269962014
428,4,0.03503865675109791
428,5,0.03236061745594041
428,6,0.03205724176407669
428,7,0.028465785658509053
428,8,0.028667521484318285
428,9,0.03188811019659333
428,10,0.03294900574061921
428,11,0.03688129498877941
428,12,0.03749723629881587
429,1,0.038261561606369766
429,2,0.03847132732713171
429,3,0.04304000652575007
429,4,0.0426345804002606
429,5,0.0385667272991018
429,6,0.03279237360005291
429,7,0.027205686314649025
429,8,0.027648588616219102
429,9,0.03037543106085141
429,10,0.03463631137978744
429,11,0.038843926728539466
429,12,0.03929795399909598
430,1,0.03852543214537048
430,2,0.038393179766963846
430,3,0.041387522675815865
430,4,0.0374128392638527
430,5,0.0337797216488104
430,6,0.03495530414604354
430,7,0.030078286084947534
430,8,0.029861377732887596
430,9,0.033784821031538535
430,10,0.034988401607117255
430,11,0.039875116284506885
430,12,0.03997519756627
431,1,0.0379113671679798
431,2,0.03708876032711695
431,3,0.04112775584021622
431,4,0.03707365447964666
431,5,0.03348814815197653
431,6,0.03281056215159678
431,7,0.029058854527335136
431,8,0.028700891560879006
431,9,0.03282801133462527
431,10,0.0340123291156623
431,11,0.039371991846080825
431,12,0.04004149663194373
432,1,0.03780640699762258
432,2,0.037362284356999634
432,3,0.039187433591330686
432,4,0.0383204666009882
432,5,0.0392568776392482
432,6,0.03716541860605628
432,7,0.03600189917417264
432,8,0.033768381752320706
432,9,0.03578518934078736
432,10,0.038900975479048965
432,11,0.03893587886824866
432,12,0.036215048416139435
433,1,0.04421574462654049
433,2,0.04128646833619251
433,3,0.04596685541222505
433,4,0.046337023079825436
433,5,0.0409887738091095
433,6,0.03706528935295297
433,7,0.030037894751423926
433,8,0.03158632646313555
433,9,0.03451164823187664
433,10,0.03880116395527281
433,11,0.04567316645497413
433,12,0.044819443716473874
434,1,0.043308910964073105
434,2,0.04141114995966878
434,3,0.04474216104383854
434,4,0.04473200206726472
434,5,0.04088517559311954
434,6,0.03689727697589051
434,7,0.028760930447354525
434,8,0.029751457282749375
434,9,0.03169434662944021
434,10,0.03808613889709593
434,11,0.04126834611840179
434,12,0.04349808187768009
435,1,0.03960129325950636
435,2,0.04032767341081531
435,3,0.045121073189859896
435,4,0.04427898997546522
435,5,0.03997276997157436
435,6,0.03391275995973834
435,7,0.02742803932318465
435,8,0.028532759705164123
435,9,0.031221007860013212
435,10,0.03643555715750825
435,11,0.04028158151637237
435,12,0.04148238587802219
436,1,0.03945675044957776
436,2,0.04003192526262243
436,3,0.044527650434649645
436,4,0.04233781515028967
436,5,0.03886964149431369
436,6,0.03132987249630824
436,7,0.02615908652598872
436,8,0.027371139168760553
436,9,0.02964214733303485
436,10,0.035398264036636096
436,11,0.038300454611670184
436,12,0.03946004825520519
437,1,0.03704891179407856
437,2,0.03784945656977807
437,3,0.043100128059593984
437,4,0.05082438716024708
437,5,0.0383716447381302
437,6,0.03463837041934256
437,7,0.02716958238286558
437,8,0.028314812310374932
437,9,0.030313163172325425
437,10,0.03398658362154564
437,11,0.03646100803311966
437,12,0.0380472747304055
438,1,0.044338781797460404
438,2,0.045998315881038365
438,3,0.050801675998467265
438,4,0.050170480118150736
438,5,0.04670877304847784
438,6,0.04197479031663807
438,7,0.03339701029040396
438,8,0.03549673088443255
438,9,0.03774439335079607
438,10,0.0367759370726586
438,11,0.03631250146644366
438,12,0.0403684017395712
439,1,0.04246469221316148
439,2,0.040230875201969496
439,3,0.0480855758899002
439,4,0.04808021737288925
439,5,0.044158126521629065
439,6,0.041923293521664656
439,7,0.030498148851294423
439,8,0.03189265217545924
439,9,0.034835605192328166
439,10,0.03625490670320652
439,11,0.042518881948644165
439,12,0.04532102103495325
440,1,0.03515485087615754
440,2,0.0340685211073509
440,3,0.03847531020948351
440,4,0.033791506840050514
440,5,0.031234951022832146
440,6,0.0318878964530788
440,7,0.028719971309399208
440,8,0.029083028442485153
440,9,0.029855549791777427
440,10,0.03251273178339369
440,11,0.036768054540522725
440,12,0.03679695418717473
441,1,0.045398255122437045
441,2,0.047132745708898006
441,3,0.051709781581465955
441,4,0.05093238762954032
441,5,0.04663646974573696
441,6,0.044760451148205205
441,7,0.03440833997374868
441,8,0.03702319536172326
441,9,0.03900322076392959
441,10,0.037675013681669416
441,11,0.036341380217948485
441,12,0.04049614694672004
442,1,0.04576299773539013
442,2,0.04562957893053811
442,3,0.044279060987727895
442,4,0.046146956477633665
442,5,0.046262083031026
442,6,0.04607884932935898
442,7,0.03549406432293541
442,8,0.036124300674108656
442,9,0.039200123475977115
442,10,0.03942393687095184
442,11,0.048043397989679076
442,12,0.04563018219382672
443,1,0.0404767968532091
443,2,0.039837368531761
443,3,0.04441473599563359
443,4,0.044368701163281794
443,5,0.0397606376625459
443,6,0.03344704500395411
443,7,0.02742514500718705
443,8,0.028705587707223177
443,9,0.031058956358522467
443,10,0.0354624977084371
443,11,0.04040857054496705
443,12,0.04131776154652878
444,1,0.04130999844841068
444,2,0.04325183760671746
444,3,0.051418458139816346
444,4,0.04982700021376288
444,5,0.045481569421995396
444,6,0.04302779139001809
444,7,0.03313189793240053
444,8,0.03649473898542612
444,9,0.03829264593511758
444,10,0.03554392203901491
444,11,0.03502273221934656
444,12,0.038199364485188035
445,1,0.04117823976635404
445,2,0.04072446304569962
445,3,0.045475961757112035
445,4,0.045764024554737964
445,5,0.04082323962963724
445,6,0.035911502776144744
445,7,0.02869788538516205
445,8,0.029638023828503408
445,9,0.03201630591509015
445,10,0.03688680074073817
445,11,0.041871737356188106
445,12,0.0422225430356035
446,1,0.04038781059554253
446,2,0.03934111164401688
446,3,0.044515210677465264
446,4,0.040796498558265844
446,5,0.03340889969703941
446,6,0.03443904495134373
446,7,0.02798202725878917
446,8,0.027307018016037094
446,9,0.03245844249967866
446,10,0.03416641937321794
446,11,0.03933973455417274
446,12,0.04150263088528146
447,1,0.03763483380456707
447,2,0.03783095133079784
447,3,0.03981925040900866
447,4,0.03890248904134756
447,5,0.03881697330141222
447,6,0.0359192475033319
447,7,0.03513443163450706
447,8,0.0332069388213177
447,9,0.03479378222744769
447,10,0.03530683476218164
447,11,0.04220534044405688
447,12,0.03645691329426852
448,1,0.03491791868605933
448,2,0.03643032424992048
448,3,0.039986224193938845
448,4,0.03830598315528257
448,5,0.03500255046273436
448,6,0.02813050224062714
448,7,0.024900475177584088
448,8,0.025582369869373334
448,9,0.02727728943537964
448,10,0.032762221094655895
448,11,0.03485130753600112
448,12,0.03626495284038969
449,1,0.03846210277100926
449,2,0.037286908401641616
449,3,0.039714536479693516
449,4,0.03699699944811855
449,5,0.037138383397428885
449,6,0.03520591576498023
449,7,0.036101522935888614
449,8,0.03308687961913222
449,9,0.034273915310907586
449,10,0.03507144037219777
449,11,0.039750030851736985
449,12,0.03561665758725635
450,1,0.03869367134741652
450,2,0.037889341781318
450,3,0.0433232236983068
450,4,0.043776968566190386
450,5,0.04129422143126552
450,6,0.040382556957048954
450,7,0.03035621439347861
450,8,0.0321393873600935
450,9,0.03527244359354725
450,10,0.03518260080338145
450,11,0.03969794953006465
450,12,0.03871535367835325
451,1,0.03572789764242782
451,2,0.03512256088427279
451,3,0.03978840127035756
451,4,0.04104436218415407
451,5,0.03888978117228664
451,6,0.03768177950790762
451,7,0.029523660801709012
451,8,0.030770308788483493
451,9,0.03397334487494726
451,10,0.03361521064883404
451,11,0.03673330611375566
451,12,0.03629564181358453
452,1,0.04613549708581052
452,2,0.04791093210412197
452,3,0.049862039157333046
452,4,0.05074516189162067
452,5,0.046607184429632964
452,6,0.04540255438094901
452,7,0.03428302304649245
452,8,0.03660062222156617
452,9,0.03969951000552533
452,10,0.038006551195462444
452,11,0.037714257545761035
452,12,0.04176589005908128
453,1,0.03884351614701575
453,2,0.03682966967652756
453,3,0.041220216610028934
453,4,0.040492825388570505
453,5,0.040190257574278694
453,6,0.03839454189731558
453,7,0.03159770781767834
453,8,0.03259368545110692
453,9,0.035953261663099124
453,10,0.03546391753806163
453,11,0.040747813206300616
453,12,0.03876202489079755
454,1,0.03704635792640881
454,2,0.037618230719528925
454,3,0.04377784504569757
454,4,0.046967334174732644
454,5,0.0412455904058412
454,6,0.03655483778244116
454,7,0.02766897405702224
454,8,0.02830126045710775
454,9,0.031202583794989698
454,10,0.03318911926455343
454,11,0.037518028617363884
454,12,0.03850886530570534
455,1,0.03803761214194069
455,2,0.03625936950445887
455,3,0.04011650246538586
455,4,0.03998111611907779
455,5,0.03946143267882359
455,6,0.037881910308167094
455,7,0.03125625668783664
455,8,0.03209817985690923
455,9,0.035716379231467726
455,10,0.03555541861730641
455,11,0.03986106846364034
455,12,0.03829578543593547
456,1,0.03768264301290737
456,2,0.0381913575230986
456,3,0.04115489361457708
456,4,0.03768705912563416
456,5,0.03281520066403626
456,6,0.033026830084369914
456,7,0.02913042051533699
456,8,0.028255203868877865
456,9,0.03253142585315612
456,10,0.0349603729848832
456,11,0.03970371602548567
456,12,0.04019537405004515
457,1,0.03824733239551552
457,2,0.03862179731044803
457,3,0.04415223639456488
457,4,0.04306481850793084
457,5,0.038735371833683106
457,6,0.03351031487462064
457,7,0.026771296574228432
457,8,0.027397360449386263
457,9,0.030454817540541725
457,10,0.034854542523607174
457,11,0.0388043450775845
457,12,0.03966499057357147
458,1,0.03826009088211156
458,2,0.03791038582734901
458,3,0.03845813651405408
458,4,0.03640447261608343
458,5,0.03885706279577433
458,6,0.035830024049411185
458,7,0.033751378317539535
458,8,0.03369190615971218
458,9,0.03475935429974942
458,10,0.03794855291938744
458,11,0.03733671571036409
458,12,0.03599822093957387
459,1,0.04676021416393548
459,2,0.04274532850804227
459,3,0.04538103271176111
459,4,0.04321103519166221
459,5,0.047119201139173346
459,6,0.04426101523790298
459,7,0.03465425154353654
459,8,0.03697958326094012
459,9,0.03980132213545145
459,10,0.040707279181034665
459,11,0.05014067326924165
459,12,0.04762805497858565
460,1,0.03579613443355572
460,2,0.0379424110252258
460,3,0.04566536287392964
460,4,0.04262573315169079
460,5,0.04021172542039709
460,6,0.03695129832889576
460,7,0.029595566920947204
460,8,0.031292478670300196
460,9,0.03335389271570484
460,10,0.033319166870083496
460,11,0.032459027184440464
460,12,0.03502648966940064
461,1,0.03770912405614969
461,2,0.03881448399613046
461,3,0.04030403172573573
461,4,0.041161380830631714
461,5,0.04385844535392734
461,6,0.03725170906672304
461,7,0.036098567464456645
461,8,0.034363149256697964
461,9,0.03591822853685179
461,10,0.04021761403834514
461,11,0.040309173221732914
461,12,0.037742427296324134
462,1,0.04794809709373403
462,2,0.043344806441664996
462,3,0.04462500438243091
462,4,0.04431540579665554
462,5,0.04840771561008187
462,6,0.0450273526333533
462,7,0.03496984753563432
462,8,0.03703152258789006
462,9,0.03983536008117808
462,10,0.0412864709627879
462,11,0.05076489988854075
462,12,0.04900230937970837
463,1,0.03815756182273747
463,2,0.03866012609087497
463,3,0.04303090654978974
463,4,0.04058648135433798
463,5,0.03881115234947552
463,6,0.030163722968007917
463,7,0.025666480011948965
463,8,0.02672015503822952
463,9,0.02906012748570318
463,10,0.03534923622860705
463,11,0.037211104365509125
463,12,0.03865825226043915
464,1,0.039076724055353056
464,2,0.04082851727940116
464,3,0.04447168957184511
464,4,0.0431251125269847
464,5,0.03905927052834152
464,6,0.03243148227317948
464,7,0.025843010070869015
464,8,0.02736154975352113
464,9,0.029641309471272047
464,10,0.036147815281791194
464,11,0.0387454735215714
464,12,0.04051043760669152
465,1,0.03785090315220449
465,2,0.036585484444782795
465,3,0.040308076483208645
465,4,0.034759154827584175
465,5,0.03316474967720768
465,6,0.03348473561737438
465,7,0.028981725730208612
465,8,0.028950919472604978
465,9,0.032558122259401044
465,10,0.03412283019464373
465,11,0.03853683278352761
465,12,0.03914838068376699
466,1,0.04130810424443918
466,2,0.0396240169638156
466,3,0.04443581076395684
466,4,0.04603229772734896
466,5,0.04040384247653881
466,6,0.03524330268191766
466,7,0.028782927882089103
466,8,0.03035196293898915
466,9,0.03301732426334501
466,10,0.03653443849414394
466,11,0.04328744861909945
466,12,0.04174722666067598
468,1,0.034916967266714345
468,2,0.03565738353793049
468,3,0.04122701677050414
468,4,0.039940685624366604
468,5,0.03533853134201219
468,6,0.03388968171787868
468,7,0.026370799400601747
468,8,0.027572587014498526
468,9,0.02971351951860066
468,10,0.03206544622801716
468,11,0.03494269744562881
468,12,0.035310425931060666
469,1,0.04389779416927367
469,2,0.042327016727495136
469,3,0.04730396793562661
469,4,0.0503363286179867
469,5,0.04267033255883558
469,6,0.03930117078847988
469,7,0.030322492635812773
469,8,0.03187996979139116
469,9,0.03363075370717673
469,10,0.03839585076749602
469,11,0.043330885804445864
469,12,0.045008271419541585
470,1,0.040314270798697066
470,2,0.040403566575821954
470,3,0.04538483990165083
470,4,0.04355727964503864
470,5,0.03977122496109011
470,6,0.03266982575480315
470,7,0.02678926037108538
470,8,0.02882577053327825
470,9,0.03053977950481017
470,10,0.037554847379828
470,11,0.03919318518568218
470,12,0.04110778585766824
471,1,0.046510854199180954
471,2,0.044859031865491485
471,3,0.045092028799842476
471,4,0.046447225534984864
471,5,0.04759619231668938
471,6,0.04528548824218424
471,7,0.035202800953922524
471,8,0.036522525443504594
471,9,0.03907966090402194
471,10,0.03916257067131464
471,11,0.04703710285246122
471,12,0.04788809802295502
472,1,0.03806872136101559
472,2,0.03820560808791886
472,3,0.04066033964727097
472,4,0.039807816621467984
472,5,0.04191092852910981
472,6,0.03816927502960645
472,7,0.035787050838910345
472,8,0.034277770718938574
472,9,0.03583851089839258
472,10,0.03706003977066784
472,11,0.038882802666368586
472,12,0.03572146239798378
473,1,0.03922885938660725
473,2,0.03878616656077733
473,3,0.04335568693249048
473,4,0.04287902227028167
473,5,0.03981920590695383
473,6,0.03333253751184135
473,7,0.027169517339845933
473,8,0.02781330078701405
473,9,0.03061637269148942
473,10,0.03520836208454035
473,11,0.03939896663471426
473,12,0.039881581878960896
474,1,0.03611459248833215
474,2,0.0350126894628487
474,3,0.03933553622788421
474,4,0.035163117219767996
474,5,0.0325236072935985
474,6,0.03143650428320134
474,7,0.02807029978807906
474,8,0.028434575439840033
474,9,0.031564249675428084
474,10,0.033118423869127854
474,11,0.037262627375921765
474,12,0.03739076782791731
475,1,0.03770160055827589
475,2,0.036153961791502355
475,3,0.041643784567193386
475,4,0.04153100558434079
475,5,0.03917246748595224
475,6,0.03700638708904245
475,7,0.03052544716466349
475,8,0.03112696508186079
475,9,0.03423366756091736
475,10,0.03435945609400667
475,11,0.03813742887812537
475,12,0.03832341404677098
476,1,0.04609144223956291
476,2,0.04320100324335271
476,3,0.05005340150740584
476,4,0.050012064141719055
476,5,0.046714838843035934
476,6,0.04352986396113373
476,7,0.031744790260326776
476,8,0.03348391280039264
476,9,0.03643039246152102
476,10,0.03789920671964969
476,11,0.04444729088095146
476,12,0.04563638254461513
477,1,0.03599968709071884
477,2,0.03462184108473063
477,3,0.03877117516747503
477,4,0.03396732039962474
477,5,0.03131174691262511
477,6,0.0318467963991373
477,7,0.028576522356963025
477,8,0.02868274452210166
477,9,0.029853009797648003
477,10,0.032015638220143486
477,11,0.037197296492246436
477,12,0.03682696898972783
478,1,0.04658149959842563
478,2,0.0447105637891598
478,3,0.04505682888732034
478,4,0.04485523733032346
478,5,0.047630163393925805
478,6,0.04512769363887721
478,7,0.0346385161227782
478,8,0.03653377911099341
478,9,0.03991371710962781
478,10,0.04031919858001206
478,11,0.04791574662472645
478,12,0.0485018343525756
479,1,0.046970764129477906
479,2,0.045398707094970354
479,3,0.0450278714342805
479,4,0.04622394249452715
479,5,0.047757629017975846
479,6,0.04567022606358411
479,7,0.03556318763805002
479,8,0.03595830867117278
479,9,0.0396548349661175
479,10,0.04005060087506061
479,11,0.04875612601262036
479,12,0.04840359109494876
480,1,0.043069525257692566
480,2,0.04123927492939044
480,3,0.04583209195703868
480,4,0.045774977875880245
480,5,0.04350163604994273
480,6,0.0425386743219194
480,7,0.03144455257877555
480,8,0.03278913954180892
480,9,0.03650850090826808
480,10,0.03721609749022515
480,11,0.04378795662686422
480,12,0.044781560105520764
481,1,0.03805332332180041
481,2,0.03737519416659818
481,3,0.03951244315594162
481,4,0.038551075923149186
481,5,0.0375761668438327
481,6,0.03562749613179972
481,7,0.03545528844592327
481,8,0.032935894588622665
481,9,0.03514097196973052
481,10,0.03472447429941218
481,11,0.041008169996176624
481,12,0.03578132749022963
482,1,0.04312643260626394
482,2,0.04084498401970099
482,3,0.046129971044061205
482,4,0.04554103960720171
482,5,0.04400218352872185
482,6,0.04249246975588104
482,7,0.03179338207099064
482,8,0.03304199911692248
482,9,0.03662235892233329
482,10,0.037454226689945906
482,11,0.04309365848470713
482,12,0.04467308496890896
483,1,0.03969279952986846
483,2,0.040594632385719996
483,3,0.045711131305404794
483,4,0.043696521050027144
483,5,0.03909393600861637
483,6,0.0327917129541516
483,7,0.02716256584106285
483,8,0.028253283837287885
483,9,0.030126758313381206
483,10,0.03626212290076901
483,11,0.03943007624232249
483,12,0.04075204072641745
484,1,0.047247642028656785
484,2,0.0445019745970942
484,3,0.04812160615497614
484,4,0.04872306255516777
484,5,0.041235089675499506
484,6,0.04013633539952768
484,7,0.03018474209376245
484,8,0.03174397770308012
484,9,0.03303265675749713
484,10,0.04002891841363007
484,11,0.045217308346564324
484,12,0.04591303450996965
485,1,0.04344414806661403
485,2,0.042204405754818305
485,3,0.04762483542088633
485,4,0.050084381594341816
485,5,0.04208078040191242
485,6,0.039423790436848224
485,7,0.029385675445712977
485,8,0.031014306582687154
485,9,0.03313232159531879
485,10,0.037602258117475786
485,11,0.04222571294090841
485,12,0.04403931039750814
486,1,0.04548619581662128
486,2,0.0444179678675975
486,3,0.04388179453704345
486,4,0.044742615104335144
486,5,0.046560162118560254
486,6,0.045574359734505625
486,7,0.03532827505646436
486,8,0.036102339466875334
486,9,0.03939725545208145
486,10,0.040218081741626624
486,11,0.049594873150777354
486,12,0.047277839889507955
487,1,0.037740776044196116
487,2,0.03793094874921875
487,3,0.04108580635545724
487,4,0.036691318413383786
487,5,0.033829366498903134
487,6,0.03491448784806657
487,7,0.030063275961929647
487,8,0.029701811497257157
487,9,0.03361677896441267
487,10,0.03511235714326828
487,11,0.03864817606159212
487,12,0.0392768891913923
488,1,0.043374942796910856
488,2,0.04194384932767765
488,3,0.045826598087051605
488,4,0.04449483336095266
488,5,0.04219974075694974
488,6,0.03625310322490361
488,7,0.028151847911099846
488,8,0.029451439675752346
488,9,0.030893455288403555
488,10,0.03801784212673038
488,11,0.04105279384259287
488,12,0.043873027737141496
489,1,0.04394323585319076
489,2,0.04574675497546008
489,3,0.05023967729611428
489,4,0.05091069754146696
489,5,0.04564107916755238
489,6,0.044630019337762915
489,7,0.033768659167939974
489,8,0.03564310344487928
489,9,0.03815437387870038
489,10,0.036839458082276955
489,11,0.03554442477138869
489,12,0.03929856284551486
490,1,0.040586375709568016
490,2,0.04024185774710816
490,3,0.045384245175662793
490,4,0.04549533102034662
490,5,0.040135918424121404
490,6,0.035518547224099306
490,7,0.02817438587270155
490,8,0.029616788194226286
490,9,0.03215665877317413
490,10,0.03643184599516819
490,11,0.04129454595553033
490,12,0.04195068771087307
491,1,0.03855513808856831
491,2,0.038136557365187534
491,3,0.04281485893543174
491,4,0.040580885866643115
491,5,0.03379176353916378
491,6,0.03506121038331215
491,7,0.027502407856812173
491,8,0.028556482870919782
491,9,0.03330839155272834
491,10,0.033546668950074736
491,11,0.03920347815730605
491,12,0.03976239521078958
492,1,0.039747997171391256
492,2,0.03930863509577006
492,3,0.04312167077779951
492,4,0.044092746948806896
492,5,0.038700832078967025
492,6,0.03369670696228917
492,7,0.02751488240439553
492,8,0.0293549557723262
492,9,0.03172976563539986
492,10,0.03560164554260909
492,11,0.04090536737423963
492,12,0.04014017213808303
493,1,0.040485135172912745
493,2,0.03987333539715016
493,3,0.04752541727760874
493,4,0.04953881869675442
493,5,0.04188537965614688
493,6,0.03829597865342481
493,7,0.02836888370609627
493,8,0.02906725463889959
493,9,0.03230648057300932
493,10,0.035331881106500575
493,11,0.040729777642543666
493,12,0.041697508311049944
494,1,0.038123591206623376
494,2,0.039317413435951604
494,3,0.04320839520494198
494,4,0.039330335081876854
494,5,0.03322056104537384
494,6,0.034679586557380716
494,7,0.028761418522363195
494,8,0.029238162041462602
494,9,0.033286631369708775
494,10,0.034533274026784196
494,11,0.039318568083811095
494,12,0.04012703963078173
495,1,0.03967931800989222
495,2,0.03946901961664472
495,3,0.0427766091388874
495,4,0.042195382423706906
495,5,0.03800137753183317
495,6,0.03266065197108117
495,7,0.02694784714175976
495,8,0.027836839788710245
495,9,0.030518376353438428
495,10,0.03523347510076207
495,11,0.03972284592729202
495,12,0.04089385266104511
496,1,0.036384151377287226
496,2,0.03509290399444936
496,3,0.03941974940738808
496,4,0.034334386132544345
496,5,0.03227807156271361
496,6,0.03272506429090818
496,7,0.028889201728149162
496,8,0.02877848509131349
496,9,0.031220068211140935
496,10,0.033141610862802595
496,11,0.03698974242389335
496,12,0.03744179035127591
497,1,0.04364418454588668
497,2,0.04257559944395223
497,3,0.04740216572447113
497,4,0.0472759083498731
497,5,0.04230119392258901
497,6,0.03774855959253067
497,7,0.029085083846170926
497,8,0.030691666858424775
497,9,0.03335920089691557
497,10,0.0384387244377095
497,11,0.04436992385673093
497,12,0.045870308617115677
498,1,0.040257464870662
498,2,0.03995869773101382
498,3,0.043618256238331446
498,4,0.043655933406789804
498,5,0.03856174600837411
498,6,0.03444650591758673
498,7,0.02801518989285574
498,8,0.02903976642042715
498,9,0.031558569618519314
498,10,0.03531385414812728
498,11,0.04129136877179431
498,12,0.04075898311302594
499,1,0.03683794680471878
499,2,0.035400277329265435
499,3,0.03847247244956631
499,4,0.03388895115053001
499,5,0.032031415379596556
499,6,0.03224866322062945
499,7,0.028960667132555046
499,8,0.0288508571732761
499,9,0.032144794954185325
499,10,0.032728905092955216
499,11,0.03675572317273374
499,12,0.03728800259283163
500,1,0.03645954324126762
500,2,0.036444085096377477
500,3,0.04238753609304858
500,4,0.036412982281237016
500,5,0.03197987194788997
500,6,0.03277021055226601
500,7,0.027049435500295965
500,8,0.02755645878142851
500,9,0.031114993026174726
500,10,0.03314339495752438
500,11,0.03793671280079223
500,12,0.038291556166804075
501,1,0.040605346221485455
501,2,0.03946217515158158
501,3,0.04802736205042724
501,4,0.04704459863205305
501,5,0.04110998074649408
501,6,0.038465167618896734
501,7,0.029792452659479992
501,8,0.030633806917196655
501,9,0.033962633104910246
501,10,0.03606632997434593
501,11,0.04118441447364879
501,12,0.04276315670177564
502,1,0.040409821495851844
502,2,0.039660598164215494
502,3,0.04769129755954501
502,4,0.04958545228222259
502,5,0.04118380048026537
502,6,0.038043773012735746
502,7,0.0291850208017835
502,8,0.030004430182226673
502,9,0.03371962719630411
502,10,0.035653644374741104
502,11,0.04071279027086587
502,12,0.04154303336324821
503,1,0.041711217414015116
503,2,0.044045445987908445
503,3,0.04948840732381474
503,4,0.04774360515340491
503,5,0.04532764020708045
503,6,0.0411487630243962
503,7,0.03208832260117799
503,8,0.03320879335107465
503,9,0.037110399572466285
503,10,0.03660494207140233
503,11,0.03511564585734341
503,12,0.03862813792516625
504,1,0.045915109546957246
504,2,0.04333121891467649
504,3,0.04309552287192616
504,4,0.04426440002426984
504,5,0.047045628854612616
504,6,0.0453466704550215
504,7,0.03497981846445763
504,8,0.03641630230157006
504,9,0.03913564696676013
504,10,0.04016773787035369
504,11,0.05095408285930922
504,12,0.04735087272156407
505,1,0.04100015817922962
505,2,0.043148019424600254
505,3,0.05092320713924485
505,4,0.04904957319475148
505,5,0.04455043808042001
505,6,0.04392680697803827
505,7,0.033531771632509554
505,8,0.03578729497405061
505,9,0.03732436740341014
505,10,0.03548354418036257
505,11,0.03420528949392704
505,12,0.03747819139757901
506,1,0.04554533497291926
506,2,0.040672940613806274
506,3,0.04274198211081777
506,4,0.04349504859387687
506,5,0.04662388350411401
506,6,0.043357465777029675
506,7,0.03302372166553783
506,8,0.03525356413577317
506,9,0.038048230189130006
506,10,0.03939866940703887
506,11,0.04671075513443579
506,12,0.04580399966311595
507,1,0.04204705104206707
507,2,0.04085495780436449
507,3,0.04481421427488955
507,4,0.04358979352138857
507,5,0.03943389305864704
507,6,0.03507206665102667
507,7,0.02807669504055611
507,8,0.028793748155471685
507,9,0.03122627585450021
507,10,0.03773212547215583
507,11,0.04055450082541202
507,12,0.04283867085831804
508,1,0.03816771229528744
508,2,0.039058276036573004
508,3,0.04338892030669417
508,4,0.03925410491046224
508,5,0.03324652875270128
508,6,0.034530418901020925
508,7,0.028897974900390474
508,8,0.02939365166883581
508,9,0.0332513822212946
508,10,0.034418951296311416
508,11,0.039535042166995854
508,12,0.04098326008839928
509,1,0.039274079502765354
509,2,0.0378144705100965
509,3,0.04130118717411446
509,4,0.041672503746397714
509,5,0.041311090940716964
509,6,0.03960984108353451
509,7,0.030873610695876456
509,8,0.03266600507338876
509,9,0.03584014705818578
509,10,0.035362939230299144
509,11,0.040492567226263584
509,12,0.03934941183186652
510,1,0.038819553180746896
510,2,0.03810665850888908
510,3,0.04003140645083143
510,4,0.039265075930430084
510,5,0.040397259769616126
510,6,0.037453373039688855
510,7,0.03522275627831758
510,8,0.03322570792782577
510,9,0.03523352601993683
510,10,0.03801585347687794
510,11,0.03996521585368196
510,12,0.03741921270458509
511,1,0.03818723908364432
511,2,0.037994879245981696
511,3,0.042338229325092194
511,4,0.037578471783746834
511,5,0.032986066414994415
511,6,0.03316321206580981
511,7,0.029070969340423223
511,8,0.029299710011076674
511,9,0.033018221699190706
511,10,0.034605306579084984
511,11,0.03948370159062231
511,12,0.040765067644916574
512,1,0.04104973619540042
512,2,0.03961828833720303
512,3,0.04406150695967977
512,4,0.04500196941384935
512,5,0.03940264535107854
512,6,0.03481247529434863
512,7,0.02868381971457203
512,8,0.029488538157281783
512,9,0.0326317017449875
512,10,0.036862011070800164
512,11,0.04221550328042091
512,12,0.042023722785047936
513,1,0.041688683273220534
513,2,0.04298502093360989
513,3,0.05008227043742941
513,4,0.0477220062219362
513,5,0.044224882218886374
513,6,0.04002631819740678
513,7,0.0319565257573205
513,8,0.0338425566147082
513,9,0.03632940896160162
513,10,0.03562776746897788
513,11,0.035257221165884686
513,12,0.03927216837237734
514,1,0.03678778816972918
514,2,0.03675297428577533
514,3,0.04055801528363649
514,4,0.03722202443688477
514,5,0.03400106685022431
514,6,0.034772414797782675
514,7,0.02955844757587884
514,8,0.028413816431153715
514,9,0.033203415868493576
514,10,0.03385676032455529
514,11,0.03759870446311981
514,12,0.038770871172147364
515,1,0.03588709814686032
515,2,0.03542961643303899
515,3,0.04021575765326962
515,4,0.03472639606629988
515,5,0.03147045693642628
515,6,0.03239268483123998
515,7,0.02818321796279646
515,8,0.02770561188447048
515,9,0.031236273471073082
515,10,0.03329571072836614
515,11,0.037070162872702705
515,12,0.03696685188024565
516,1,0.0380349930773695
516,2,0.038478939120887484
516,3,0.0467535969943624
516,4,0.04571833448808205
516,5,0.039945009636408846
516,6,0.03737205372163329
516,7,0.028301952176154103
516,8,0.029611623789717195
516,9,0.032857294920607676
516,10,0.03395581703438006
516,11,0.03869677613756062
516,12,0.03881720805492224
517,1,0.04031223182875821
517,2,0.04302734338052033
517,3,0.0499838469741348
517,4,0.048386314403546495
517,5,0.044138796792096105
517,6,0.04160704823238215
517,7,0.03197538230879408
517,8,0.033080920645834205
517,9,0.03627609664562672
517,10,0.03594069706424019
517,11,0.03503691746868525
517,12,0.038618785495486356
518,1,0.03477905146722507
518,2,0.03529288213039305
518,3,0.03777911189565183
518,4,0.032775474401112926
518,5,0.03181338065063415
518,6,0.03145966037810231
518,7,0.02927050714164286
518,8,0.030150380862654418
518,9,0.03173435366072883
518,10,0.03227685940498804
518,11,0.03512137761593912
518,12,0.036002200191899904
519,1,0.039258518444801375
519,2,0.04098955652198878
519,3,0.044428057375443
519,4,0.04322119401786338
519,5,0.03913099230166109
519,6,0.033077052808140245
519,7,0.02657109020807559
519,8,0.027126110683536236
519,9,0.02997556300825405
519,10,0.03559092900574607
519,11,0.03883021175738129
519,12,0.04008749696852013
520,1,0.03960096613341426
520,2,0.04238802524686479
520,3,0.049850147342331924
520,4,0.05130673752759066
520,5,0.04491119857837724
520,6,0.043144950740847426
520,7,0.03371552383477835
520,8,0.03643566118791543
520,9,0.03817554459937763
520,10,0.03572292743365489
520,11,0.03411983192676432
520,12,0.036603548545161305
521,1,0.04187519087275905
521,2,0.039321856269336423
521,3,0.04491467833042143
521,4,0.04517923700054542
521,5,0.04258936696927689
521,6,0.04005387079689844
521,7,0.03150252944533744
521,8,0.03277554792395203
521,9,0.03617440591665209
521,10,0.036650879774257246
521,11,0.04124890191559238
521,12,0.041905231949297364
522,1,0.046256323571252596
522,2,0.04360395886477395
522,3,0.04945258495260465
522,4,0.051916228435005936
522,5,0.043214811186513796
522,6,0.04217688130454699
522,7,0.030211743918844555
522,8,0.03217882929950631
522,9,0.03334320577792178
522,10,0.038951318997525776
522,11,0.042843312349070795
522,12,0.045576843824011
523,1,0.03693009368619301
523,2,0.03572481537998951
523,3,0.04032345931700684
523,4,0.03964688309959133
523,5,0.0387138293841252
523,6,0.03676260537100356
523,7,0.03059980339578365
523,8,0.031457805112510215
523,9,0.034978883213254285
523,10,0.03418616934380969
523,11,0.03766391423343465
523,12,0.03703340409411215
524,1,0.026358219717015317
524,2,0.027175763235171638
524,3,0.03227422261951646
524,4,0.03479790124594985
524,5,0.032775580039241685
524,6,0.0316583991429166
524,7,0.025917393103033873
524,8,0.026889553477715364
524,9,0.02742510738272577
524,10,0.026792326729410083
524,11,0.025580642579966537
524,12,0.026863120667395674
525,1,0.022923881321661708
525,2,0.024561763336837617
525,3,0.02763498792191219
525,4,0.028827214097891355
525,5,0.029008136767348962
525,6,0.028498631588608367
525,7,0.02373728002260056
525,8,0.02356378442314416
525,9,0.02482113215015397
525,10,0.024060765129212198
525,11,0.022455026279892546
525,12,0.02344266204218091
526,1,0.035676162070294504
526,2,0.03589631768120144
526,3,0.038204389613857394
526,4,0.033146490087457174
526,5,0.03238431944163455
526,6,0.03206752396688833
526,7,0.029509224657063224
526,8,0.03096422389771732
526,9,0.031469638140979125
526,10,0.03347794601571033
526,11,0.035683742776297246
526,12,0.03620870165679953
527,1,0.04583176694162891
527,2,0.04287348691144514
527,3,0.043365848569105775
527,4,0.0439821005623554
527,5,0.04685556904660992
527,6,0.04513473039330755
527,7,0.035048709359445124
527,8,0.036518781128034035
527,9,0.03960695909809009
527,10,0.03987595242368159
527,11,0.05090603037847144
527,12,0.04758466623914037
528,1,0.03943044451345719
528,2,0.0390221898186241
528,3,0.04333005677067786
528,4,0.040472447548906984
528,5,0.03356119054498567
528,6,0.03414487329571614
528,7,0.027258303517478915
528,8,0.027752662403994623
528,9,0.03223445469555532
528,10,0.03367157066562304
528,11,0.0392680126783794
528,12,0.041104673957831184
529,1,0.039625057857851344
529,2,0.03952705436102882
529,3,0.04338915125952193
529,4,0.04281629321920447
529,5,0.038911008402125434
529,6,0.0316830120499274
529,7,0.02608783114403052
529,8,0.027254638490025455
529,9,0.029522739962689067
529,10,0.03611212945675915
529,11,0.03871158863933003
529,12,0.0399919197322231
530,1,0.04022263293114429
530,2,0.03931406702014786
530,3,0.042855940907826635
530,4,0.04395595798076964
530,5,0.03912506843118492
530,6,0.03439068398739685
530,7,0.027672075767369467
530,8,0.02900344610416752
530,9,0.03166438247078186
530,10,0.035588317044785156
530,11,0.04172266035270648
530,12,0.041087093382942336
531,1,0.03531863227909699
531,2,0.035934867687046554
531,3,0.04000054211672796
531,4,0.03645380264401562
531,5,0.03328526222192197
531,6,0.03378159998755984
531,7,0.02902052838856387
531,8,0.028522525692164666
531,9,0.03276035962315688
531,10,0.03300069175352734
531,11,0.03648748290975765
531,12,0.03805493644682342
532,1,0.041375274405423164
532,2,0.04339103943301409
532,3,0.0498324588485699
532,4,0.04861881713887318
532,5,0.044985253443914415
532,6,0.0427614975017122
532,7,0.032342690056321774
532,8,0.035282506078585484
532,9,0.03735169855381899
532,10,0.03581516675327483
532,11,0.03553440223774862
532,12,0.038424494255293797
533,1,0.035044965561988835
533,2,0.03623007260372329
533,3,0.03796972016172441
533,4,0.03342159154800275
533,5,0.031163082963561288
533,6,0.03154504843286658
533,7,0.02945655404703765
533,8,0.029088109783226828
533,9,0.03004886779754211
533,10,0.03150398238269995
533,11,0.036008349684129276
533,12,0.036957467774934236
534,1,0.04134766341247035
534,2,0.04054098595450216
534,3,0.04708103145847469
534,4,0.049145533865352746
534,5,0.041003155681434846
534,6,0.03804251477983659
534,7,0.029345913681463293
534,8,0.03078909821289866
534,9,0.033206734798081027
534,10,0.03684337422509969
534,11,0.04155475914372708
534,12,0.04218170992443134
535,1,0.044089710203127075
535,2,0.04085739018076934
535,3,0.047236024951070744
535,4,0.047093000949688386
535,5,0.04240696904568741
535,6,0.039802353726960796
535,7,0.030798797783968795
535,8,0.03112471436974277
535,9,0.03544175107687185
535,10,0.03712641505934411
535,11,0.04395105544394859
535,12,0.045223165240234744
536,1,0.03858694881442247
536,2,0.03712963360177016
536,3,0.04318870677220103
536,4,0.03807127160998672
536,5,0.03312573906762699
536,6,0.03378019784321849
536,7,0.027986011139398373
536,8,0.02870522540063038
536,9,0.031912778062076895
536,10,0.03415346827785643
536,11,0.039040241765565226
536,12,0.04002599444110861
537,1,0.03898668481378164
537,2,0.04118438846769261
537,3,0.04253143406965707
537,4,0.04035362808881801
537,5,0.035023803982974444
537,6,0.027855403974233136
537,7,0.02572934885886223
537,8,0.025463134296404982
537,9,0.026902141482450546
537,10,0.03233457320641989
537,11,0.0346976017421407
537,12,0.03650117520784299
538,1,0.04669017154868872
538,2,0.04584422815923703
538,3,0.04663312512725379
538,4,0.04759655914813858
538,5,0.0475789307638074
538,6,0.04618317806140558
538,7,0.03483639063140133
538,8,0.036375677438103896
538,9,0.03962769350296822
538,10,0.040013429228751556
538,11,0.046161345509159214
538,12,0.048263716815108805
539,1,0.03837849572173357
539,2,0.036908228030395035
539,3,0.04229656557283191
539,4,0.03752627957086156
539,5,0.033128312481352354
539,6,0.033792544366174855
539,7,0.02808175381674143
539,8,0.029046126781237074
539,9,0.032411501447629075
539,10,0.03417395199383026
539,11,0.03902644906984923
539,12,0.03945753840184716
540,1,0.042275219723166134
540,2,0.040714225299733994
540,3,0.045865680396733076
540,4,0.04598478213528346
540,5,0.04146504540089537
540,6,0.0370429200597041
540,7,0.02883572233794662
540,8,0.030137922408300745
540,9,0.03276870231279602
540,10,0.03689555148935739
540,11,0.04217827460961564
540,12,0.04320939228134077
541,1,0.04089163881486181
541,2,0.03951476210888252
541,3,0.04593433545477625
541,4,0.045610498929565264
541,5,0.04093626015198453
541,6,0.03874630545196338
541,7,0.03019462565417728
541,8,0.03101476090435339
541,9,0.03471287086895745
541,10,0.035667337141666006
541,11,0.04142287397532649
541,12,0.04275271355043395
542,1,0.041095051058974257
542,2,0.0406233001314719
542,3,0.04909829565685278
542,4,0.0500347464708971
542,5,0.041050893733052804
542,6,0.037120154302471724
542,7,0.02819838639665023
542,8,0.02993889087091749
542,9,0.032194636190240315
542,10,0.03619323462624413
542,11,0.04097897951103326
542,12,0.041626891384980484
543,1,0.04113452787445249
543,2,0.04041101918288284
543,3,0.044019051694760586
543,4,0.04368338477007144
543,5,0.03997891353751971
543,6,0.033762926349474615
543,7,0.027805606351731748
543,8,0.028676289322952443
543,9,0.030107134727416884
543,10,0.03703864165417544
543,11,0.039799415835065195
543,12,0.041212348212344534
544,1,0.03564321918144402
544,2,0.03573549585997455
544,3,0.038814298929417006
544,4,0.03456208199566611
544,5,0.032014345509636444
544,6,0.03188924640032755
544,7,0.028706428916917617
544,8,0.028845250138282635
544,9,0.0319355563256377
544,10,0.03336415071408034
544,11,0.03697916927534169
544,12,0.037355257754580345
545,1,0.038487543007608024
545,2,0.036819270948552855
545,3,0.042027223187603185
545,4,0.04331384709758081
545,5,0.04092675229532214
545,6,0.03982898546739388
545,7,0.030351289561356222
545,8,0.03147264733172421
545,9,0.03446694647604412
545,10,0.03508818051462862
545,11,0.03883057001335445
545,12,0.03852477791578907
546,1,0.047357813814471975
546,2,0.04358305726261641
546,3,0.044826832087561816
546,4,0.04481206517262315
546,5,0.04783959105068722
546,6,0.045706480742903746
546,7,0.033694160507934376
546,8,0.03579787564263674
546,9,0.03925099721201307
546,10,0.04088252240665793
546,11,0.04687292333435415
546,12,0.04750270075117565
547,1,0.040486388369183536
547,2,0.03998845798232652
547,3,0.04448445093525972
547,4,0.043125338840583505
547,5,0.03942720249069222
547,6,0.03214656300959425
547,7,0.026118283900169844
547,8,0.028043097917315896
547,9,0.02975569652530126
547,10,0.03608745251552066
547,11,0.03939500353798243
547,12,0.0410639024145934
548,1,0.038221993842609096
548,2,0.03799613535517908
548,3,0.03933513723983173
548,4,0.03707993942224671
548,5,0.037778552505536744
548,6,0.03587967389450919
548,7,0.034775807939009855
548,8,0.03372445501086864
548,9,0.034879420181303154
548,10,0.037035263076780116
548,11,0.036953027825725314
548,12,0.03619607126776348
549,1,0.04464981708684059
549,2,0.047812027475986126
549,3,0.05076829396567033
549,4,0.05166138795938925
549,5,0.0467236634926478
549,6,0.04534490813072366
549,7,0.03456360712839079
549,8,0.03606445729023802
549,9,0.03917790328698399
549,10,0.03787641584376677
549,11,0.03613121944889133
549,12,0.03983811798790114
550,1,0.03984389716818245
550,2,0.03955777001923063
550,3,0.04320667313218092
550,4,0.04260269905583286
550,5,0.03751656008184238
550,6,0.0329678996542339
550,7,0.02688990349432601
550,8,0.028318000570500407
550,9,0.03117947081960649
550,10,0.03499423287826531
550,11,0.0400099016908825
550,12,0.04009269699724569
551,1,0.04263635839915305
551,2,0.0418313480517315
551,3,0.045596724190124
551,4,0.04544151659748002
551,5,0.04153482377219295
551,6,0.03651393306822473
551,7,0.02862081914422791
551,8,0.028991012638086986
551,9,0.031437701478281906
551,10,0.038161227495402156
551,11,0.041438359507932454
551,12,0.04288912870324633
552,1,0.039134618711351876
552,2,0.03859897042177436
552,3,0.047286499862812
552,4,0.04909078625995514
552,5,0.04158248630286158
552,6,0.037446236633880386
552,7,0.02807615696808672
552,8,0.028330768213191804
552,9,0.03171009350029956
552,10,0.03394954206916545
552,11,0.038951928726365215
552,12,0.03967234535401892
553,1,0.03929680827530318
553,2,0.039216575009307135
553,3,0.04814308977248608
553,4,0.04722881446378207
553,5,0.04031155761059528
553,6,0.03745804161272764
553,7,0.028399275022597727
553,8,0.029539431173351834
553,9,0.03265463240941632
553,10,0.034606286755498004
553,11,0.03958278903405651
553,12,0.04042991723694999
554,1,0.042202539478427246
554,2,0.04281077943784039
554,3,0.050344381913831164
554,4,0.04964368972078283
554,5,0.044572241478689344
554,6,0.0426569173508787
554,7,0.03208063650514319
554,8,0.0336867491499155
554,9,0.03609292776723721
554,10,0.0364953791671016
554,11,0.03574981181208123
554,12,0.04008311866844321
555,1,0.036638148357743636
555,2,0.03523327980648018
555,3,0.03976588687754664
555,4,0.03510553337471342
555,5,0.03118378455305094
555,6,0.03222255566470727
555,7,0.02882202476819266
555,8,0.027607604625248822
555,9,0.03020173260814958
555,10,0.03359610727277869
555,11,0.037328125059091076
555,12,0.03787181451443395
556,1,0.0424386165658857
556,2,0.04127519089631955
556,3,0.04514660506360832
556,4,0.04515056151780726
556,5,0.0408153172327799
556,6,0.03458483793602686
556,7,0.028243584051604327
556,8,0.029053151007912847
556,9,0.03161834677722437
556,10,0.03759065871937357
556,11,0.04117046778336091
556,12,0.042615400800197455
557,1,0.037843615449190786
557,2,0.03803098633259865
557,3,0.042990101693445554
557,4,0.0419614022331719
557,5,0.037809412949887315
557,6,0.03231863157499699
557,7,0.02645439652803384
557,8,0.02718468926230428
557,9,0.029705699301271336
557,10,0.034501529744722134
557,11,0.03745817148004925
557,12,0.03860142567459538
558,1,0.040968981805967926
558,2,0.04037249776774429
558,3,0.04517138858464491
558,4,0.04498907178901739
558,5,0.04058319527681778
558,6,0.035074552397421965
558,7,0.02802129123784728
558,8,0.029003363588269222
558,9,0.03170469038007633
558,10,0.036675085921097014
558,11,0.04120626630134564
558,12,0.04232691990294914
559,1,0.035179267515504264
559,2,0.035154726051494535
559,3,0.0386290692514219
559,4,0.03472621249603725
559,5,0.03217734768196566
559,6,0.03228210789839897
559,7,0.02850408970043408
559,8,0.028385280167719906
559,9,0.031485782424108884
559,10,0.033603067088701845
559,11,0.037194715918141566
559,12,0.03771355795975039
560,1,0.04429733209263984
560,2,0.04189438261819285
560,3,0.04751616482080285
560,4,0.04748974629350594
560,5,0.04371775179615081
560,6,0.04202132853499687
560,7,0.03210538515483048
560,8,0.032666824500380526
560,9,0.035858054628099684
560,10,0.0376348300112394
560,11,0.044565673804367954
560,12,0.046221388987932266
561,1,0.044450030313678335
561,2,0.04312298987712068
561,3,0.04695212384245364
561,4,0.046217718172078426
561,5,0.04158900980527619
561,6,0.04066052540652528
561,7,0.030321350496091217
561,8,0.031001121708782504
561,9,0.032804277187564616
561,10,0.03859214674458052
561,11,0.04286562103250154
561,12,0.04436485879270363
562,1,0.04009659995792677
562,2,0.03906819349058172
562,3,0.043732838398136874
562,4,0.044864375857975654
562,5,0.03961228045111094
562,6,0.03475724860330228
562,7,0.02798489692281221
562,8,0.02897958571412424
562,9,0.0319320041157224
562,10,0.036161250317773605
562,11,0.042099411780432784
562,12,0.04150828571918545
563,1,0.03569548320302831
563,2,0.036881314638231306
563,3,0.040186835245699354
563,4,0.03843378990073962
563,5,0.035028985249809595
563,6,0.027892405774465206
563,7,0.024462423916204335
563,8,0.026051722179897523
563,9,0.027512258279032784
563,10,0.03346503419831302
563,11,0.035405260280964974
563,12,0.03609303658724921
564,1,0.04114989424073196
564,2,0.041284628382651366
564,3,0.04430148338362252
564,4,0.043565384916454404
564,5,0.03952381070149479
564,6,0.03319112448486384
564,7,0.028186907728644517
564,8,0.029303271943767327
564,9,0.03060199033744901
564,10,0.03715392781428775
564,11,0.03995425528590015
564,12,0.04109761945610986
565,1,0.04459458473721146
565,2,0.04342609873416525
565,3,0.04685601037469012
565,4,0.047058807897371546
565,5,0.041608105682759244
565,6,0.03944490542792172
565,7,0.0294226745008063
565,8,0.03105953181738253
565,9,0.032576287074501234
565,10,0.037919333654278284
565,11,0.042674013273411894
565,12,0.0444543153893327
566,1,0.03867930353632818
566,2,0.03989947492632922
566,3,0.04301678497446595
566,4,0.040703304809326296
566,5,0.033901466089202234
566,6,0.02759545702405935
566,7,0.024576154239625496
566,8,0.025152030351537305
566,9,0.02707520106118243
566,10,0.031965320528594354
566,11,0.03480888582564947
566,12,0.03747969531106192
567,1,0.03571903572656315
567,2,0.035657376149272266
567,3,0.03908997958204152
567,4,0.033883870772539154
567,5,0.031169690918491588
567,6,0.031220828839595687
567,7,0.028626745711572234
567,8,0.029133689630053354
567,9,0.030641659332435494
567,10,0.03316282984124134
567,11,0.03778308140779303
567,12,0.03744916168206874
568,1,0.0362543259603196
568,2,0.03577878882856832
568,3,0.03944413863352021
568,4,0.040242062556942175
568,5,0.03935037683489573
568,6,0.03812458675132893
568,7,0.03010440957444026
568,8,0.031907893420248606
568,9,0.034223220947862426
568,10,0.0338408653471356
568,11,0.03782769806338578
568,12,0.03667782952528956
569,1,0.03476459651699303
569,2,0.03466074676744484
569,3,0.03633348596004624
569,4,0.033072774118907536
569,5,0.03139085781690014
569,6,0.03164354260813776
569,7,0.029470764564173513
569,8,0.030265157863305154
569,9,0.030826045656536717
569,10,0.03119052045180544
569,11,0.03507468791809698
569,12,0.03532885657855229
570,1,0.04644281314905151
570,2,0.046834956554420944
570,3,0.04674088871608475
570,4,0.04816671391949867
570,5,0.04754459717838797
570,6,0.046087275533974355
570,7,0.03517715416983845
570,8,0.03684875937264984
570,9,0.04007877841649955
570,10,0.03973439139852952
570,11,0.045764535754397866
570,12,0.04789524217623355
571,1,0.03789174648260734
571,2,0.03711014991018968
571,3,0.042195668682354914
571,4,0.03830907736899776
571,5,0.03409984913952059
571,6,0.03465552308134009
571,7,0.029306496242317383
571,8,0.028695004834321816
571,9,0.033319576676044974
571,10,0.03426679282037622
571,11,0.03858916960989987
571,12,0.03929293226184061
572,1,0.0462390207374023
572,2,0.04257061806686627
572,3,0.04866665493499322
572,4,0.04774399557393546
572,5,0.043403497591778376
572,6,0.04083996846940663
572,7,0.030528010016420287
572,8,0.03132306707677588
572,9,0.03583062063158387
572,10,0.037772912004317975
572,11,0.04748356973707409
572,12,0.04858933847754473
573,1,0.04373715079172412
573,2,0.04204576680514714
573,3,0.046236350379965895
573,4,0.045037947128318705
573,5,0.04005574262316853
573,6,0.0393486222997461
573,7,0.02995681216973422
573,8,0.030418512489647567
573,9,0.03167472235967231
573,10,0.03724514007579998
573,11,0.0415275664684308
573,12,0.04294982097451275
574,1,0.03811900530475353
574,2,0.040406567129726255
574,3,0.04540481915890827
574,4,0.047120518677804916
574,5,0.04225607183869638
574,6,0.04102544131223397
574,7,0.03293390018230113
574,8,0.03349478966184488
574,9,0.03496658770211979
574,10,0.03455543272993494
574,11,0.033362328712945005
574,12,0.03627167332847804
575,1,0.03882534507867316
575,2,0.038627811637320895
575,3,0.04380004669228872
575,4,0.03937950507959354
575,5,0.03374525043290298
575,6,0.03469984943261594
575,7,0.028297034906755898
575,8,0.028503419111401126
575,9,0.03291942562316549
575,10,0.033805983625620005
575,11,0.03911826643309476
575,12,0.040449937878478184
576,1,0.04492841804048066
576,2,0.04729168583401621
576,3,0.049955101422391304
576,4,0.05028420883200214
576,5,0.04626541510559719
576,6,0.044294227833488464
576,7,0.033728716372786155
576,8,0.03610521375998544
576,9,0.03878969324947909
576,10,0.03779092445555517
576,11,0.03649886669382624
576,12,0.040089367887688396
577,1,0.028965479425417252
577,2,0.030740281469155136
577,3,0.03524286616920757
577,4,0.037874782397631056
577,5,0.03471990120891604
577,6,0.0332325946917022
577,7,0.02726614866307405
577,8,0.02852253351016227
577,9,0.029084812432009294
577,10,0.028164518047018892
577,11,0.026606550268814075
577,12,0.028405260241045786
578,1,0.035689149431324244
578,2,0.03486919285229114
578,3,0.03940611162684354
578,4,0.03479289605921624
578,5,0.031544319069275795
578,6,0.03128642396440393
578,7,0.028647052188922318
578,8,0.028782441463136847
578,9,0.030543433445685022
578,10,0.03311318021592481
578,11,0.03688930463493581
578,12,0.0376374002672082
579,1,0.039311485148751914
579,2,0.03753388226836584
579,3,0.041714737269313934
579,4,0.04167586477399853
579,5,0.0409502730833852
579,6,0.03904760337274565
579,7,0.030709171589299544
579,8,0.03274740594398718
579,9,0.035334704118615265
579,10,0.03504462761355261
579,11,0.039494695687405136
579,12,0.0389270973463043
580,1,0.045356449095505506
580,2,0.04634612876107609
580,3,0.051081600858756855
580,4,0.050781764641102026
580,5,0.04606858841355918
580,6,0.04303070519153988
580,7,0.03338832270807287
580,8,0.03562481879357103
580,9,0.03878289142012274
580,10,0.037182963732946266
580,11,0.03620373805395328
580,12,0.04022665566160858
581,1,0.03646045729759794
581,2,0.03689984381881185
581,3,0.041372584506372406
581,4,0.038122074087464326
581,5,0.03350613858703896
581,6,0.03488180060536847
581,7,0.028501697326774003
581,8,0.028612241619777296
581,9,0.032289408325793294
581,10,0.033718271152204875
581,11,0.037592171723194186
581,12,0.03852552809760371
582,1,0.04189888522979848
582,2,0.04190839287118619
582,3,0.0465762303331455
582,4,0.051713697993599456
582,5,0.04125961297602178
582,6,0.03816347747817848
582,7,0.028470519365206077
582,8,0.029880690938382835
582,9,0.03247558203506367
582,10,0.03698051584224827
582,11,0.04099919733311125
582,12,0.042326007267849707
583,1,0.04283845550640144
583,2,0.04136062388604155
583,3,0.049598727847504694
583,4,0.048116640900412025
583,5,0.044252971695016304
583,6,0.0422440180672808
583,7,0.03052664560639685
583,8,0.03233327923099177
583,9,0.036143960782025066
583,10,0.036667943715517515
583,11,0.04341331353114601
583,12,0.04468413171271691
584,1,0.035777187468739285
584,2,0.034858279874771705
584,3,0.03849356356650539
584,4,0.033227397485591066
584,5,0.031123585033070986
584,6,0.03152458389717899
584,7,0.028576840549548902
584,8,0.029613094530431466
584,9,0.030134672162381405
584,10,0.032547148067577594
584,11,0.03656230495678387
584,12,0.036860021151651524
585,1,0.03804980597725397
585,2,0.038852847253482946
585,3,0.04354203448590959
585,4,0.041575505012932286
585,5,0.03724191395792514
585,6,0.03167188069138848
585,7,0.025893629592321697
585,8,0.027059456256380763
585,9,0.029050974731436988
585,10,0.03423023128048725
585,11,0.03746609184412003
585,12,0.0381569767384833
586,1,0.04043329671171046
586,2,0.04012606723228782
586,3,0.048023333970021766
586,4,0.050840546988761635
586,5,0.041329678998656645
586,6,0.03753913531091656
586,7,0.028568775076656002
586,8,0.029794927640945094
586,9,0.03265450433714629
586,10,0.03530632433098915
586,11,0.040875797696658264
586,12,0.04146745122168072
587,1,0.038686637493854086
587,2,0.03911106239873758
587,3,0.041801913556059264
587,4,0.03792069924177791
587,5,0.03370885451129387
587,6,0.034006101990418945
587,7,0.029747643926759163
587,8,0.029802760973375805
587,9,0.033799278781809855
587,10,0.03509441118275964
587,11,0.03975068451275559
587,12,0.04002345710468516
588,1,0.03934138697519213
588,2,0.03881342895017704
588,3,0.043535437159112546
588,4,0.04437065629528336
588,5,0.038788311886343865
588,6,0.03396076535486542
588,7,0.027220723632603312
588,8,0.028230769117152676
588,9,0.03096603465789843
588,10,0.03438143398479989
588,11,0.03880951941580933
588,12,0.039524182860267966
589,1,0.040709919879189455
589,2,0.04323000887060108
589,3,0.049346087073160017
589,4,0.04893131966806594
589,5,0.04385137806491334
589,6,0.040814161768406104
589,7,0.03230931759411808
589,8,0.03367363542303571
589,9,0.03617677797814159
589,10,0.03577960376318789
589,11,0.03558582547567584
589,12,0.03854484535225248
590,1,0.04031543264463758
590,2,0.04092805958621921
590,3,0.044394599250903256
590,4,0.04115261808238258
590,5,0.03360057348902303
590,6,0.03468180039035775
590,7,0.02856497612973093
590,8,0.02853524076809443
590,9,0.03363948453945119
590,10,0.03436024314074602
590,11,0.0403295892839075
590,12,0.041852100744822325
591,1,0.041649112804489644
591,2,0.03964933785746655
591,3,0.04855898514425562
591,4,0.04737705243723321
591,5,0.04397317960204577
591,6,0.04164641127332389
591,7,0.029568147837413322
591,8,0.031847340935206664
591,9,0.03468293990106621
591,10,0.03573886746397846
591,11,0.04175191631548949
591,12,0.04296285340928658
592,1,0.03648300068527741
592,2,0.03659590305821847
592,3,0.03751954130898525
592,4,0.03513829453288196
592,5,0.03513438964480853
592,6,0.03387696682440707
592,7,0.032644444140584636
592,8,0.03206887670272565
592,9,0.033750863182528644
592,10,0.033361179102611195
592,11,0.0350506333820051
592,12,0.034437892533418606
593,1,0.04251748377172647
593,2,0.0445798911324717
593,3,0.0517497929708347
593,4,0.049404477398820444
593,5,0.04561041647415265
593,6,0.04389594705859822
593,7,0.033431400532083266
593,8,0.036178356077704026
593,9,0.03796522421833535
593,10,0.036535060640713594
593,11,0.0362691178197076
593,12,0.03946782605582647
594,1,0.04556036289197826
594,2,0.0441543603135576
594,3,0.0470777294820977
594,4,0.04836063728805292
594,5,0.04147075352238611
594,6,0.0394140332114766
594,7,0.029942689033546646
594,8,0.031724948862882615
594,9,0.03318317979108653
594,10,0.03895964873446063
594,11,0.04293567016779719
594,12,0.04469990713741819
595,1,0.04559344947891855
595,2,0.04116664381055062
595,3,0.043003737097924086
595,4,0.04368877623353055
595,5,0.046364763326369074
595,6,0.04363132356230434
595,7,0.03348010746905254
595,8,0.034992081517424965
595,9,0.03847303868772082
595,10,0.039776962210693025
595,11,0.04692037699301268
595,12,0.045888698026565325
596,1,0.04045385819682802
596,2,0.03905218080350611
596,3,0.04384117053636224
596,4,0.0436673214309891
596,5,0.03960946223817127
596,6,0.03574356056050267
596,7,0.028285626587352605
596,8,0.02959518423383229
596,9,0.03176894762423228
596,10,0.035504612105615195
596,11,0.041081150859863795
596,12,0.041296962311429465
597,1,0.03913779321718303
597,2,0.03903890802640512
597,3,0.04300430939777367
597,4,0.038655325978138186
597,5,0.032884596094854314
597,6,0.03415240126903022
597,7,0.028232135776609754
597,8,0.028474067813738586
597,9,0.0329306041157021
597,10,0.03464078585954659
597,11,0.04021701378352573
597,12,0.041123843484653325
598,1,0.04109703451526168
598,2,0.040427401367729716
598,3,0.04403652346833665
598,4,0.04379275099941534
598,5,0.039251735941028265
598,6,0.033554530542020726
598,7,0.027235212158313787
598,8,0.02832089116769861
598,9,0.030341210953376396
598,10,0.037408739923625346
598,11,0.0400102230560913
598,12,0.04126154995149217
599,1,0.040372599430673506
599,2,0.03840823627476996
599,3,0.04306187343464113
599,4,0.04296639223479508
599,5,0.04157082811948559
599,6,0.03986646739451059
599,7,0.031047000001639454
599,8,0.032181337742193054
599,9,0.036091391280830894
599,10,0.036096000522874885
599,11,0.04048697956540429
599,12,0.04080226352971718
600,1,0.04364008344797055
600,2,0.04212043534303416
600,3,0.04594090180569418
600,4,0.04528131115747566
600,5,0.040287077181803355
600,6,0.03883723264002138
600,7,0.029681387165932698
600,8,0.030719940177058667
600,9,0.03247072229151333
600,10,0.03696077006119736
600,11,0.040995274215462944
600,12,0.0436191289245913
601,1,0.0409433699815635
601,2,0.0398954158625574
601,3,0.045072195695766
601,4,0.0451591335382466
601,5,0.040834379310465185
601,6,0.03613934729351921
601,7,0.02875538254241427
601,8,0.029961306596015244
601,9,0.032540763467588774
601,10,0.03665890884674406
601,11,0.04134874273958037
601,12,0.04173373093142424
602,1,0.036590727272420936
602,2,0.03602415293197449
602,3,0.04034809952692617
602,4,0.034954758068000386
602,5,0.031717043883887346
602,6,0.03217108493337434
602,7,0.028404817442672342
602,8,0.02840470839020946
602,9,0.031097451033457228
602,10,0.033924332357780106
602,11,0.038723133348056264
602,12,0.038111675719557994
603,1,0.03842512031452781
603,2,0.03788089569393332
603,3,0.04049546022625515
603,4,0.038424325661348784
603,5,0.039968854454833495
603,6,0.036366318759705994
603,7,0.036299011950710655
603,8,0.03429000259498119
603,9,0.03522603797126718
603,10,0.03775409551537131
603,11,0.03933460125148128
603,12,0.03659427737347944
604,1,0.03806780654286262
604,2,0.03757507134437898
604,3,0.0398815975092615
604,4,0.03714374173137898
604,5,0.03854724747456786
604,6,0.035301459933126736
604,7,0.03517091221838063
604,8,0.032365335963752934
604,9,0.03484039044268021
604,10,0.034652509814855306
604,11,0.038528998841895985
604,12,0.035871466784703473
605,1,0.03966821056392015
605,2,0.04036515418007169
605,3,0.043967267439917676
605,4,0.0430795271027854
605,5,0.03837123451861979
605,6,0.03299860079108942
605,7,0.02767179584389759
605,8,0.028389795346651887
605,9,0.031566855961347465
605,10,0.03574485708259399
605,11,0.04049421155298525
605,12,0.040866735503321525
606,1,0.04580122366682603
606,2,0.04407554436147485
606,3,0.049189516337609374
606,4,0.0525858740016123
606,5,0.04360180116788837
606,6,0.04243052960603992
606,7,0.030796906286349485
606,8,0.032614659720546425
606,9,0.03399944757196232
606,10,0.03876526290147526
606,11,0.04250451409586495
606,12,0.04576210380853692
607,1,0.04559306578537824
607,2,0.042201014757191
607,3,0.04443591036455774
607,4,0.04497567086244432
607,5,0.04629693925889036
607,6,0.04405214864708542
607,7,0.03305530026102974
607,8,0.035287984140736486
607,9,0.037713711274940366
607,10,0.039143216249501754
607,11,0.045301952789468636
607,12,0.045848678093800624
608,1,0.04140804194999883
608,2,0.04442491757398814
608,3,0.04972785215075108
608,4,0.050138615573101536
608,5,0.0447996701653004
608,6,0.04255256144002568
608,7,0.0328798898401882
608,8,0.03540222282815275
608,9,0.03772498902404162
608,10,0.03676832289689187
608,11,0.03478763220249137
608,12,0.03839352579612614
609,1,0.04149708526382487
609,2,0.0407379703158182
609,3,0.044516285391312395
609,4,0.04389100521752192
609,5,0.0396784388902489
609,6,0.033813965661416964
609,7,0.027440781916020444
609,8,0.028863243202743617
609,9,0.030822988081765285
609,10,0.03713491648904313
609,11,0.040153901474611293
609,12,0.04157074092855459
610,1,0.03972947492519597
610,2,0.03861455078865754
610,3,0.043354537653286083
610,4,0.04253444554730191
610,5,0.039350386500153094
610,6,0.03755618160030003
610,7,0.02989358011770577
610,8,0.03128504729725581
610,9,0.034626746834854456
610,10,0.03521970373575988
610,11,0.03915981206139261
610,12,0.04095254437210394
611,1,0.0453094198976435
611,2,0.04086576068349281
611,3,0.04346386727488578
611,4,0.044530690237809555
611,5,0.0469575871584893
611,6,0.043146588316904086
611,7,0.03439916668932805
611,8,0.036071841996132045
611,9,0.03900265829486898
611,10,0.03983644751823911
611,11,0.04823824568823726
611,12,0.04997009074369599
612,1,0.03947857006727854
612,2,0.03920777436714456
612,3,0.043508932106310176
612,4,0.040797845556686856
612,5,0.03356757380756569
612,6,0.035681244863286915
612,7,0.028250709805213933
612,8,0.02828995124409144
612,9,0.03258806931697554
612,10,0.03413269802747108
612,11,0.04007902953929387
612,12,0.04085363320301089
613,1,0.04398536491755757
613,2,0.04170781640041866
613,3,0.04738409566553257
613,4,0.04712399916930753
613,5,0.043968581529049165
613,6,0.04222865238225108
613,7,0.03150987219124563
613,8,0.033012804557604504
613,9,0.03594737060093823
613,10,0.03745678163835501
613,11,0.0442455956415195
613,12,0.04482140013890283
614,1,0.04058736520854886
614,2,0.0424107206704497
614,3,0.048671132071186216
614,4,0.0499669050191129
614,5,0.043990653491983694
614,6,0.04150189608148831
614,7,0.031433901054530665
614,8,0.03369024495458697
614,9,0.0358445319742249
614,10,0.03483140012338541
614,11,0.03406872517985888
614,12,0.03748307321162168
615,1,0.04148935379792143
615,2,0.039966677879527485
615,3,0.04538066117504171
615,4,0.04442382036699112
615,5,0.041306861402554594
615,6,0.039304347852978025
615,7,0.03114118988063061
615,8,0.031555627511794374
615,9,0.035464142553976265
615,10,0.03677603923881053
615,11,0.04293344571477491
615,12,0.04337447865527133
616,1,0.035031159771387
616,2,0.0387048678538779
616,3,0.04604715233773996
616,4,0.045454459123333145
616,5,0.041307311010681566
616,6,0.03945561577321464
616,7,0.03154647188376959
616,8,0.0326730492616506
616,9,0.033244865174415425
616,10,0.03361660423200968
616,11,0.03210708536470353
616,12,0.03374169488777167
617,1,0.03815204226162301
617,2,0.038071394334327775
617,3,0.045807162660996596
617,4,0.04872869918854057
617,5,0.039368269261179256
617,6,0.03640625845262049
617,7,0.02735804267104517
617,8,0.02858112062315757
617,9,0.03105453911563268
617,10,0.033964838665940765
617,11,0.038289077868405165
617,12,0.03894465456489043
618,1,0.037368422347886385
618,2,0.03575188197662744
618,3,0.042304581936308254
618,4,0.037370093202762494
618,5,0.03232418599902035
618,6,0.03257445899591517
618,7,0.028079307589529638
618,8,0.02777797214728692
618,9,0.0303939623653949
618,10,0.034056560416002545
618,11,0.03900140360392249
618,12,0.03936308946719976
619,1,0.037090174375066225
619,2,0.03540250542669373
619,3,0.04129686582258978
619,4,0.03608643853915258
619,5,0.03170370391520564
619,6,0.032609815416063996
619,7,0.02786677414131555
619,8,0.028028459646485707
619,9,0.029878021944170816
619,10,0.03387971208661817
619,11,0.038121604727358184
619,12,0.03695518009130573
620,1,0.03780198541844662
620,2,0.038442808974053534
620,3,0.04618172613246381
620,4,0.04999778502225245
620,5,0.03880136896592973
620,6,0.03487254076366594
620,7,0.027251145156533752
620,8,0.028147627013858364
620,9,0.030175249680809795
620,10,0.03410668932184825
620,11,0.036869350544652534
620,12,0.03864338130583576
621,1,0.03455251419624496
621,2,0.03531380694508112
621,3,0.03712207135060092
621,4,0.03241179653157208
621,5,0.03203003475376626
621,6,0.032018079065164094
621,7,0.028943802615061492
621,8,0.02952981806785079
621,9,0.030852463449064903
621,10,0.03225223913224603
621,11,0.03491971110168268
621,12,0.03574772986036644
622,1,0.042387741789933486
622,2,0.039928919212022254
622,3,0.047276420081309604
622,4,0.04568804565560886
622,5,0.04107994306136363
622,6,0.03999393269792304
622,7,0.03006574249509124
622,8,0.030823655751588023
622,9,0.034777568336399535
622,10,0.03595227859565679
622,11,0.042522188006960594
622,12,0.04417194773695772
623,1,0.036848177649103725
623,2,0.04156192652471576
623,3,0.045775426329993416
623,4,0.05112976648878748
623,5,0.04321518630828899
623,6,0.04107085038977876
623,7,0.03350710497580957
623,8,0.03458165162104988
623,9,0.035833258660096026
623,10,0.03487213299291236
623,11,0.03310752434032671
623,12,0.03503138605430869
624,1,0.041061119845002395
624,2,0.04062022122350227
624,3,0.04416290763949757
624,4,0.043390067511484935
624,5,0.039548888820554656
624,6,0.03319973867342688
624,7,0.027155439803725274
624,8,0.028389773573081502
624,9,0.03035671392168714
624,10,0.037016624699179934
624,11,0.03960309532270144
624,12,0.04105667893918027
625,1,0.037596898832442674
625,2,0.03764428723325977
625,3,0.03839362314473072
625,4,0.03647047526848778
625,5,0.037746542655848286
625,6,0.03438625090746933
625,7,0.034723860845743276
625,8,0.03399325198104265
625,9,0.0347361838337216
625,10,0.03643631929862419
625,11,0.03637540555780593
625,12,0.03533550153870714
626,1,0.04555238769159408
626,2,0.04566325586462353
626,3,0.05178771187544046
626,4,0.04996285071266696
626,5,0.04605457713560553
626,6,0.04347540525773056
626,7,0.03374214559856964
626,8,0.03553474844495805
626,9,0.03849296450707402
626,10,0.0382834754494244
626,11,0.038209772325275206
626,12,0.042550404214991525
627,1,0.03824346997209876
627,2,0.03753437893254411
627,3,0.03910141282783275
627,4,0.038687042546104014
627,5,0.04110262676046459
627,6,0.03697889825884799
627,7,0.03557823735539552
627,8,0.03375976211342282
627,9,0.03540838471499463
627,10,0.03874772247718804
627,11,0.03825870407344835
627,12,0.03614914226747459
628,1,0.04237643652769881
628,2,0.045080886655014675
628,3,0.05161204700107322
628,4,0.050707515310548804
628,5,0.04513716031124177
628,6,0.04292962275493362
628,7,0.03319344906043353
628,8,0.03606066195993964
628,9,0.03745429118556144
628,10,0.0364262713908962
628,11,0.03522144814451471
628,12,0.038670724418472815
629,1,0.04148067682250285
629,2,0.04417755499219699
629,3,0.05117996753619046
629,4,0.04921269203670064
629,5,0.04431871576263573
629,6,0.04030238660828165
629,7,0.03242311082576468
629,8,0.03459084085640435
629,9,0.037187492244265014
629,10,0.036442561803645926
629,11,0.0358657137596595
629,12,0.039147056711707366
630,1,0.037729073691179914
630,2,0.04071191771852452
630,3,0.04761352415571892
630,4,0.050362233718483584
630,5,0.04443913350482229
630,6,0.04183092746659189
630,7,0.03298985615237295
630,8,0.03569852686012449
630,9,0.03698022675137298
630,10,0.03396556701393848
630,11,0.03299376284747614
630,12,0.035014707717836754
631,1,0.03493631980979481
631,2,0.03532220257095228
631,3,0.03803897394895062
631,4,0.033860558147273435
631,5,0.031884968402456644
631,6,0.03186918988431944
631,7,0.0290655858487972
631,8,0.03019135395346062
631,9,0.030912477001130825
631,10,0.03306089397319711
631,11,0.036209840056649886
631,12,0.036369255440852635
632,1,0.03890566347672755
632,2,0.03922667407735573
632,3,0.04262890230458467
632,4,0.038206625019048236
632,5,0.034048154720064824
632,6,0.03453897790151981
632,7,0.029430020443779795
632,8,0.029897979798160248
632,9,0.03367528083012195
632,10,0.03489269506756484
632,11,0.04036249325962416
632,12,0.040736025087295805
633,1,0.038614353798743555
633,2,0.042605332362078474
633,3,0.046392965373277695
633,4,0.05427196342220336
633,5,0.04398824329660463
633,6,0.04201687150702595
633,7,0.03400181945785259
633,8,0.03518777305939797
633,9,0.03737511458110293
633,10,0.035475477892143566
633,11,0.03362144054823196
633,12,0.036118257931592034
634,1,0.03814463197293667
634,2,0.03764931794283248
634,3,0.03852118611022449
634,4,0.03621056270754619
634,5,0.03785187498518217
634,6,0.0349157855432544
634,7,0.03548923010439349
634,8,0.03403309469963859
634,9,0.03486400067587198
634,10,0.03505542516993202
634,11,0.03719852552465892
634,12,0.03551534378123424
635,1,0.03893292615730787
635,2,0.03663980990105499
635,3,0.04363032516310825
635,4,0.03820362883005931
635,5,0.0327109481247837
635,6,0.033240724160335966
635,7,0.027571996781540008
635,8,0.028043177044918065
635,9,0.03160315508277923
635,10,0.03405464067562748
635,11,0.0395143788110082
635,12,0.040062633876850225
636,1,0.0465993179376354
636,2,0.048118954271105865
636,3,0.051082248098343754
636,4,0.05144795152842463
636,5,0.04772641943059174
636,6,0.04311224952070403
636,7,0.03476892809566756
636,8,0.03621312765752335
636,9,0.03837109179663199
636,10,0.03793476888959153
636,11,0.03731287670928056
636,12,0.042074622559192774
637,1,0.03928450358591956
637,2,0.03887470323586826
637,3,0.04685801311182013
637,4,0.04923420148365346
637,5,0.04119536160388839
637,6,0.03837919745872767
637,7,0.02878931594738262
637,8,0.02962771733860894
637,9,0.033010613331137154
637,10,0.03474222013504654
637,11,0.03979173298664812
637,12,0.040115491190129235
638,1,0.04812324000417529
638,2,0.04481333857720597
638,3,0.04545061044129643
638,4,0.04614932335699045
638,5,0.048032163188739686
638,6,0.046075024038052616
638,7,0.034230806597339514
638,8,0.03589355095347081
638,9,0.03910526999385225
638,10,0.04025638433596675
638,11,0.04553453074027743
638,12,0.048994236630266016
639,1,0.04181409705507765
639,2,0.041260104714299285
639,3,0.04592935096578428
639,4,0.04650822213166108
639,5,0.040692114974736744
639,6,0.03547542161831064
639,7,0.02954080944343189
639,8,0.03004720926356328
639,9,0.032791971818115426
639,10,0.036354930769958764
639,11,0.04161187346962166
639,12,0.04237194878367839
640,1,0.039362324811449335
640,2,0.038168212708052256
640,3,0.04318646197568208
640,4,0.04391105036800081
640,5,0.03902201688597698
640,6,0.03439162501847321
640,7,0.027418084350353148
640,8,0.02868442723008069
640,9,0.031499499781040545
640,10,0.035400364005518985
640,11,0.04076470970044302
640,12,0.04055091554369119
641,1,0.04701684847524738
641,2,0.048010170719742
641,3,0.050688114547823335
641,4,0.05004695093059392
641,5,0.046377169173899016
641,6,0.04451690694174115
641,7,0.03408885548419353
641,8,0.036065177730788996
641,9,0.03885198706158579
641,10,0.0383058121695746
641,11,0.038478671436923365
641,12,0.04304733458866996
642,1,0.04602982729292143
642,2,0.04225359766956169
642,3,0.04485775007909388
642,4,0.043442732612777944
642,5,0.045930847178115554
642,6,0.04413827303761838
642,7,0.03471993881242563
642,8,0.036589769476961534
642,9,0.039295612334924894
642,10,0.04009190542947074
642,11,0.050286876598793356
642,12,0.047848387293510125
643,1,0.03748068174008012
643,2,0.037807640069711726
643,3,0.04080915013971893
643,4,0.03708930942538231
643,5,0.03420285534269784
643,6,0.03445509639359599
643,7,0.03013809159843649
643,8,0.030270006343994037
643,9,0.033892111061210914
643,10,0.03453125966164645
643,11,0.038584426993152135
643,12,0.038711901878150046
644,1,0.047132566604630874
644,2,0.043030815776332
644,3,0.04405256110499367
644,4,0.04471181355273013
644,5,0.04747973174383538
644,6,0.04498298300026387
644,7,0.03425456652000929
644,8,0.03653430784136284
644,9,0.039814019264444694
644,10,0.04040236507557406
644,11,0.04957680891986574
644,12,0.04812065489515135
645,1,0.041543402402421326
645,2,0.04110710781577515
645,3,0.048452457048336804
645,4,0.049940644961482934
645,5,0.04124169048075439
645,6,0.03805730420619787
645,7,0.028570861891189635
645,8,0.030160571526918385
645,9,0.03242113271105682
645,10,0.036674044478166995
645,11,0.04204968787196129
645,12,0.042653582859288004
646,1,0.04098258690319317
646,2,0.04004554086704557
646,3,0.04413848906971958
646,4,0.04069863571785134
646,5,0.03328730489186278
646,6,0.03399154342651494
646,7,0.027663676019349562
646,8,0.02815422509380781
646,9,0.03268394553773656
646,10,0.03436050150138732
646,11,0.040252593711906
646,12,0.04256952632919856
647,1,0.04592960616232896
647,2,0.04430904777858485
647,3,0.0442899908754159
647,4,0.04512924966488598
647,5,0.04753539790477201
647,6,0.04564517410596093
647,7,0.03525327479434453
647,8,0.03624290010360517
647,9,0.03925264470031586
647,10,0.04061556969113766
647,11,0.05073666071692488
647,12,0.04815222291843106
648,1,0.03996434571984322
648,2,0.04025971861523011
648,3,0.043997021279637026
648,4,0.04032537027599378
648,5,0.033485792991964414
648,6,0.03482294045385388
648,7,0.02818315540144261
648,8,0.02836929953517551
648,9,0.03357118925308615
648,10,0.03451144632321441
648,11,0.04052078202107694
648,12,0.0414726894130857
649,1,0.04015031852941912
649,2,0.040416918207133355
649,3,0.04437349145768623
649,4,0.04447908095735958
649,5,0.0394062385341643
649,6,0.03276955188062182
649,7,0.02764173654868749
649,8,0.02856358126048938
649,9,0.031544702001441126
649,10,0.03600383925705622
649,11,0.04098964506255063
649,12,0.04144066075480432
650,1,0.03976321074526912
650,2,0.03928374782009839
650,3,0.04229670978402039
650,4,0.040950941910537525
650,5,0.04464271584013019
650,6,0.042460250545350305
650,7,0.03752491197879488
650,8,0.036474772919356496
650,9,0.03683766758126137
650,10,0.03695857483902674
650,11,0.04059644096306878
650,12,0.03794268060303769
651,1,0.04066171072467336
651,2,0.03895733143643357
651,3,0.042597302477833894
651,4,0.04329317876203085
651,5,0.042356705949911075
651,6,0.0409122895441635
651,7,0.031712695896698215
651,8,0.03342931097148037
651,9,0.03662787006033282
651,10,0.03653000094250329
651,11,0.04168918920517603
651,12,0.041102120850709335
652,1,0.04050017561877366
652,2,0.03879512889271175
652,3,0.046821240901967466
652,4,0.04570525392737212
652,5,0.042675211701373256
652,6,0.0413288020615082
652,7,0.030572344800233513
652,8,0.03211762676339564
652,9,0.03530284363704667
652,10,0.03582743155994712
652,11,0.04058479562178376
652,12,0.04032096078734135
653,1,0.04754189874223353
653,2,0.04679432994537249
653,3,0.04687333579562524
653,4,0.04823150116977316
653,5,0.04849556364907766
653,6,0.04612258835018474
653,7,0.0349922253849144
653,8,0.03637181152834824
653,9,0.03964839519931355
653,10,0.03956957262212004
653,11,0.04467642745225237
653,12,0.04791545904161786
654,1,0.03805951218175284
654,2,0.037828559923183284
654,3,0.039520898091894234
654,4,0.03690537029823259
654,5,0.03813234745447377
654,6,0.03541405186170025
654,7,0.03455006439761218
654,8,0.03332302365061191
654,9,0.03450731459193841
654,10,0.03535333019893124
654,11,0.03801415713349934
654,12,0.03718053690035812
655,1,0.04198732761281785
655,2,0.04166502079654258
655,3,0.04599191039826974
655,4,0.04659009053284444
655,5,0.041407836016930634
655,6,0.03745382133160187
655,7,0.028946430467742854
655,8,0.030091481640809898
655,9,0.03240611705879225
655,10,0.03658619127906224
655,11,0.041319667327545564
655,12,0.04265728937313724
656,1,0.047302739544586005
656,2,0.04432841204103507
656,3,0.045254213682823556
656,4,0.04586722195944979
656,5,0.04775821052388923
656,6,0.045266523794295924
656,7,0.034516428366646534
656,8,0.03606089462524091
656,9,0.039341461879042285
656,10,0.04051727267795669
656,11,0.04805311674803717
656,12,0.050433297186699845
657,1,0.03742766174183247
657,2,0.03646643071789248
657,3,0.03978259159557794
657,4,0.040758528899222324
657,5,0.039748586073987346
657,6,0.03807778167387546
657,7,0.0296491105340156
657,8,0.03134176856460814
657,9,0.034350372961574255
657,10,0.03397602803040249
657,11,0.03790964003427302
657,12,0.0370729747589952
658,1,0.04575235653542774
658,2,0.042241064331529424
658,3,0.044186013769051645
658,4,0.04493348173819046
658,5,0.045988986733420736
658,6,0.045371220227205036
658,7,0.033408618706797406
658,8,0.035049791740716596
658,9,0.03853121932280573
658,10,0.03954782244704929
658,11,0.04478439612037724
658,12,0.045148255648875
659,1,0.03571662225556686
659,2,0.034943525596201966
659,3,0.040477448505005585
659,4,0.041173981404370584
659,5,0.037465828870002375
659,6,0.036391739700688666
659,7,0.02968641906329339
659,8,0.030203312218510147
659,9,0.03157598005707375
659,10,0.031242498827758137
659,11,0.030030921171379798
659,12,0.03255184769662357
660,1,0.04192061405008347
660,2,0.04394118737113387
660,3,0.05133545814366924
660,4,0.05077681406644079
660,5,0.045764236094777144
660,6,0.044253674504514576
660,7,0.03338420354697533
660,8,0.03586245598562553
660,9,0.03812989916875373
660,10,0.036301800129882024
660,11,0.03489986282094387
660,12,0.03871908747722886
661,1,0.042742304272240794
661,2,0.04079521584516698
661,3,0.04585484806695833
661,4,0.047358478117970164
661,5,0.04119298813533362
661,6,0.03560088620446905
661,7,0.029852515490242475
661,8,0.030815476530697574
661,9,0.033938617753242424
661,10,0.03746001590435358
661,11,0.04358542816133575
661,12,0.04336626562356355
662,1,0.03896697253884588
662,2,0.03881601744911228
662,3,0.04407952506455725
662,4,0.042768220678535376
662,5,0.0395243298870904
662,6,0.03370540456052875
662,7,0.026866210872745547
662,8,0.027901825879209065
662,9,0.030311527992413177
662,10,0.035485400933396756
662,11,0.039294768168474596
662,12,0.04017928981971516
663,1,0.038610455401756685
663,2,0.03941020579041782
663,3,0.043711066255938326
663,4,0.0413252451670735
663,5,0.038277293970886694
663,6,0.029827872855146535
663,7,0.02558083557840901
663,8,0.026820479183789388
663,9,0.02850795894101613
663,10,0.03538292050708641
663,11,0.037345495386359485
663,12,0.038795665121644986
664,1,0.03769694179210185
664,2,0.03874981926481806
664,3,0.04005327583103318
664,4,0.041219868136875705
664,5,0.04354941800226622
664,6,0.03756482545030556
664,7,0.03543789575534719
664,8,0.03402194491115609
664,9,0.035906766351867916
664,10,0.03907541972328292
664,11,0.03990271891975354
664,12,0.03688066594092313
665,1,0.04167059907224899
665,2,0.04082263169002742
665,3,0.0446556766752857
665,4,0.04389044420361583
665,5,0.03835448527439793
665,6,0.033745064050945725
665,7,0.028051862981403546
665,8,0.02978690362481725
665,9,0.031087378215689045
665,10,0.037090808147048675
665,11,0.040529162061886045
665,12,0.04217926568115224
666,1,0.037104007913661585
666,2,0.037923539341053324
666,3,0.041272751316927335
666,4,0.03960482656318735
666,5,0.03612114174531517
666,6,0.029599025232531998
666,7,0.025231384819979854
666,8,0.02652378185541948
666,9,0.02769899335052233
666,10,0.034089059059224706
666,11,0.0364750384899346
666,12,0.03725527276367432
667,1,0.04114831733288712
667,2,0.04102631442489547
667,3,0.04674228373856053
667,4,0.04631459255822513
667,5,0.04004730126501492
667,6,0.03683181186843341
667,7,0.02835679845206033
667,8,0.029919506068273927
667,9,0.03230235823326756
667,10,0.035685139242550304
667,11,0.040701433221416526
667,12,0.041923116439069825
668,1,0.047958055949406726
668,2,0.04680343102866362
668,3,0.047792389207501985
668,4,0.048583670722292534
668,5,0.04845327376127212
668,6,0.04570519971503445
668,7,0.03470126545826349
668,8,0.03595198528933925
668,9,0.039303856796092
668,10,0.03958639019694968
668,11,0.0424346630000392
668,12,0.04760866285192223
669,1,0.0369764134757665
669,2,0.035773756332962155
669,3,0.040399458956995433
669,4,0.04024025024648446
669,5,0.03921711327833139
669,6,0.037636604622435066
669,7,0.03088006299637199
669,8,0.03209166519537118
669,9,0.03546435424640482
669,10,0.034209098283898266
669,11,0.03887503671770929
669,12,0.03756678811876774
670,1,0.043570631833409826
670,2,0.04148703814698022
670,3,0.046199384424730816
670,4,0.04859361796620748
670,5,0.04205485611704074
670,6,0.0372787536156814
670,7,0.029970642471122577
670,8,0.0313292930143405
670,9,0.0337000596035096
670,10,0.03771975554623719
670,11,0.04328612157376457
670,12,0.04463055577280723
671,1,0.04018375802915651
671,2,0.039949115296863034
671,3,0.04457481095963747
671,4,0.043361752378741986
671,5,0.03920293061832358
671,6,0.03296629150470117
671,7,0.027078921420206285
671,8,0.027933738346654143
671,9,0.030387653262102753
671,10,0.03631106192701678
671,11,0.03952500778649996
671,12,0.04050768665765027
672,1,0.04742382494050477
672,2,0.04397145167226861
672,3,0.04451168288456232
672,4,0.04422113832601132
672,5,0.04910442074334804
672,6,0.04542496522151282
672,7,0.03543693605275236
672,8,0.03684996773029226
672,9,0.040758268582278566
672,10,0.041387656602170676
672,11,0.051478908793841024
672,12,0.04850924835668431
673,1,0.046105547807263364
673,2,0.046154184151625324
673,3,0.045638390206657886
673,4,0.04734535435291909
673,5,0.04768585815748861
673,6,0.045138510281078195
673,7,0.03536595903159418
673,8,0.03582456178562616
673,9,0.039306321261567814
673,10,0.03938768092700575
673,11,0.046073298990347504
673,12,0.046536336201139054
674,1,0.03596147634249668
674,2,0.03490924801522647
674,3,0.039728125508860075
674,4,0.0351754584453283
674,5,0.032020780756148844
674,6,0.03198752534517169
674,7,0.028364877580127876
674,8,0.02794196634202211
674,9,0.03179662769681401
674,10,0.033766698620375846
674,11,0.036797698301827705
674,12,0.036949010932193604
675,1,0.03918655026323873
675,2,0.03936192468603325
675,3,0.042648588943462115
675,4,0.042134266342021845
675,5,0.03709577054428622
675,6,0.032474291018485514
675,7,0.02694742486034544
675,8,0.028589318014157483
675,9,0.031093183288818667
675,10,0.035468394245736744
675,11,0.03966277843917102
675,12,0.040497825951282346
676,1,0.04455582381163402
676,2,0.042476900924345556
676,3,0.051011416234389734
676,4,0.049820654743245756
676,5,0.04479172716100932
676,6,0.04340386645905205
676,7,0.030994101796707512
676,8,0.032164968838220676
676,9,0.035687636385000575
676,10,0.0377649031908706
676,11,0.04502193955064929
676,12,0.045466549021719094
677,1,0.03737599492761877
677,2,0.038198309189462085
677,3,0.04117709293540746
677,4,0.037983777397269075
677,5,0.033298660174041414
677,6,0.03366700895502766
677,7,0.029101460557287198
677,8,0.02874266107148713
677,9,0.03300763955782524
677,10,0.03470687749417328
677,11,0.03973462420661438
677,12,0.03984210773947265
678,1,0.03720005733289337
678,2,0.0363098716411424
678,3,0.041650605576804764
678,4,0.03645060892351538
678,5,0.032654875244197495
678,6,0.03235244380229289
678,7,0.028192738044911
678,8,0.028223248064164222
678,9,0.03179893073757719
678,10,0.03403751482570547
678,11,0.038248868396602576
678,12,0.03886036989293882
679,1,0.04569664792588727
679,2,0.04412456346884559
679,3,0.04975409312803774
679,4,0.04891109450214224
679,5,0.04435477239576282
679,6,0.04170487277117846
679,7,0.03029484551477557
679,8,0.03218437293406189
679,9,0.0357537792640012
679,10,0.03939909033669975
679,11,0.045988153042894164
679,12,0.047481590519227894
680,1,0.04159869230815133
680,2,0.0411536323598976
680,3,0.0459354611556409
680,4,0.046496725747801566
680,5,0.041271680941814486
680,6,0.03714156359300443
680,7,0.029259424904265544
680,8,0.030033644801093416
680,9,0.03238940368863567
680,10,0.036802557101627935
680,11,0.0403793078764813
680,12,0.042637575928428754
681,1,0.03511316140794616
681,2,0.03513536080954583
681,3,0.0398093377056189
681,4,0.03559821078153294
681,5,0.03190762711084432
681,6,0.03130763824055155
681,7,0.02817558836668231
681,8,0.027179887024302067
681,9,0.03051260431485861
681,10,0.03205627345518703
681,11,0.037553005885118826
681,12,0.03736301418872926
682,1,0.035753848592011195
682,2,0.036059807491398053
682,3,0.03976097876723691
682,4,0.03652197934000371
682,5,0.03332772083783928
682,6,0.03362772443185747
682,7,0.029019068018187263
682,8,0.028805452041618464
682,9,0.033459745643357075
682,10,0.03338511260865447
682,11,0.03691745545146573
682,12,0.03860278595832657
683,1,0.03946770997334305
683,2,0.039142209793250574
683,3,0.043695796593144556
683,4,0.042393019917091795
683,5,0.038846117139567767
683,6,0.03198953755965242
683,7,0.026951058850425934
683,8,0.0276938676903049
683,9,0.029706165494788574
683,10,0.03612637403729094
683,11,0.03927674801913539
683,12,0.03955964695703358
684,1,0.03430086149346342
684,2,0.03444740666977998
684,3,0.037217603926877625
684,4,0.03278419631682631
684,5,0.03070947048706196
684,6,0.030851660701346973
684,7,0.028376827791949093
684,8,0.029056361666567904
684,9,0.02975136505172871
684,10,0.03188039154325874
684,11,0.034990248002051125
684,12,0.03574002142431297
685,1,0.042201786172454264
685,2,0.0437855544585928
685,3,0.051228075232509204
685,4,0.04859452651349848
685,5,0.04550034700041371
685,6,0.04230743811961584
685,7,0.03314962695766061
685,8,0.03498508205608632
685,9,0.036306389402886406
685,10,0.03601183079968608
685,11,0.035866685094715044
685,12,0.03894128390770316
686,1,0.03849504459167068
686,2,0.042409125748104175
686,3,0.04886315834697486
686,4,0.052172971727279936
686,5,0.04436214526583061
686,6,0.04178369772268796
686,7,0.03345092087370601
686,8,0.036006694025246797
686,9,0.037312660588721694
686,10,0.03491272876038247
686,11,0.03331117632584488
686,12,0.035929091461699786
687,1,0.040234879454820544
687,2,0.04020879170530252
687,3,0.04349353886921698
687,4,0.044388269616679604
687,5,0.0390055454867562
687,6,0.0341417566697287
687,7,0.02781337474419282
687,8,0.02894874346563197
687,9,0.03223513126287724
687,10,0.03582853655716424
687,11,0.04155926594919859
687,12,0.04090799667267008
688,1,0.03576785377152182
688,2,0.03578953915012579
688,3,0.039035468301062755
688,4,0.03422929195543627
688,5,0.03195976649542598
688,6,0.03185918273007315
688,7,0.02868612793727024
688,8,0.029586577249317268
688,9,0.03139789006917755
688,10,0.033407013432652254
688,11,0.037606083929040725
688,12,0.037798818227336266
689,1,0.046083977008416044
689,2,0.043230603419844194
689,3,0.04298844414029883
689,4,0.044251334450314095
689,5,0.04748097650926346
689,6,0.04536208498770971
689,7,0.035367243206853145
689,8,0.03660105754709513
689,9,0.039849553869091475
689,10,0.04004605849010025
689,11,0.051301943592075086
689,12,0.04743808646995841
690,1,0.04606658808615011
690,2,0.04397554830184003
690,3,0.048859181896854835
690,4,0.052826037486718075
690,5,0.043318035607402806
690,6,0.0427277570757579
690,7,0.030143159965919757
690,8,0.03202818297822489
690,9,0.03325603542473428
690,10,0.038177639792188266
690,11,0.04247796995321427
690,12,0.04569528752595413
691,1,0.03965023045452149
691,2,0.040066789206247136
691,3,0.044365008695685854
691,4,0.04217102253408388
691,5,0.03933173851764813
691,6,0.030755645993004548
691,7,0.026385762772066088
691,8,0.02816526445578014
691,9,0.029522429059631608
691,10,0.03652660146474628
691,11,0.039157167212738174
691,12,0.040034760872864096
692,1,0.03922777939007113
692,2,0.03920866916312391
692,3,0.044045761347305694
692,4,0.0441749909508991
692,5,0.040081277703419196
692,6,0.03467726746439932
692,7,0.027170670320255403
692,8,0.028557003209311475
692,9,0.03089732566163203
692,10,0.035515562580623036
692,11,0.0396202712247884
692,12,0.0398551484031796
693,1,0.039858171426698515
693,2,0.041169625283252964
693,3,0.04529729207134384
693,4,0.04409356139239905
693,5,0.03935905798834782
693,6,0.03311561301794295
693,7,0.026889994355785613
693,8,0.027316696101221002
693,9,0.030410654953157895
693,10,0.03647987960382193
693,11,0.03910938090222973
693,12,0.04053935820919418
694,1,0.04291266386399496
694,2,0.0420099890125772
694,3,0.046076929861710365
694,4,0.046376480785522575
694,5,0.041788351182427144
694,6,0.03803235852163527
694,7,0.029080436648161703
694,8,0.030816054244613037
694,9,0.03282399479570186
694,10,0.038305311027816064
694,11,0.041310594470496675
694,12,0.043303108008558674
695,1,0.03635094026050496
695,2,0.03618719472775983
695,3,0.041953671697173865
695,4,0.039425060775681815
695,5,0.0346607393545807
695,6,0.03387754659559105
695,7,0.026620682760636866
695,8,0.02709461006500782
695,9,0.031663912102340555
695,10,0.032274092578217464
695,11,0.03701141709662956
695,12,0.03803846843186416
696,1,0.04393060398178676
696,2,0.042539138470712605
696,3,0.049349093217230425
696,4,0.04913765259516829
696,5,0.044601175068409445
696,6,0.042753467501314694
696,7,0.031235753029563464
696,8,0.03319065569703705
696,9,0.035869946136869515
696,10,0.0372854694800632
696,11,0.04321777435106245
696,12,0.044744638029150435
697,1,0.0356543345679652
697,2,0.03500518316380939
697,3,0.039681364375841084
697,4,0.03494409335165943
697,5,0.03180675719145365
697,6,0.032453425319044146
697,7,0.028371176362928487
697,8,0.02803348157862601
697,9,0.031628795547136025
697,10,0.03337317261165163
697,11,0.0369887475173717
697,12,0.03672724797747552
698,1,0.04333325408693044
698,2,0.042018986867581605
698,3,0.0461760562563321
698,4,0.045880078134228855
698,5,0.041829658711981556
698,6,0.03626680867692578
698,7,0.02859223062228225
698,8,0.02929902969339588
698,9,0.03128857270217757
698,10,0.037816833031213304
698,11,0.041590853628592286
698,12,0.04320662321665614
699,1,0.04244935606679941
699,2,0.04493896560900465
699,3,0.05174738334966856
699,4,0.050138808484995814
699,5,0.04527673390958186
699,6,0.04414523308938976
699,7,0.03346209912375736
699,8,0.03597124592837694
699,9,0.03799846366887994
699,10,0.03628517797388002
699,11,0.035117355762393554
699,12,0.03833899049190386
700,1,0.04256725013190764
700,2,0.04163274592103159
700,3,0.04678432999291884
700,4,0.047793056580131395
700,5,0.041956753560786694
700,6,0.03705023543085869
700,7,0.029350671837742565
700,8,0.030674767700284288
700,9,0.03282221182650642
700,10,0.03764859030020173
700,11,0.04203370442727566
700,12,0.04372040483009361
701,1,0.0476776906977567
701,2,0.04631979484150368
701,3,0.048640855936500124
701,4,0.05012792503004255
701,5,0.04264976808143982
701,6,0.040314984079593795
701,7,0.031027399454050805
701,8,0.03326319743599741
701,9,0.033830419283286665
701,10,0.040099097765289755
701,11,0.044235759790523826
701,12,0.04592132978579663
702,1,0.037243193835006363
702,2,0.037900705663064305
702,3,0.039938671844473146
702,4,0.03634700109638332
702,5,0.03377102024044119
702,6,0.033431734839378814
702,7,0.029870335385533107
702,8,0.02953507082609572
702,9,0.03328240900870442
702,10,0.03500292484464805
702,11,0.039225117202866325
702,12,0.038909971766184784
703,1,0.04400566729372633
703,2,0.042477675406514516
703,3,0.048037608739703516
703,4,0.04968957012324565
703,5,0.046707790218189806
703,6,0.043619670229807214
703,7,0.032335449913854064
703,8,0.03383529916869345
703,9,0.03697302619168817
703,10,0.03871728692608423
703,11,0.04461992721364396
703,12,0.044592888884660266
704,1,0.04571378785091494
704,2,0.04361874148287828
704,3,0.05017868680688206
704,4,0.05174756403375053
704,5,0.04356159028111212
704,6,0.0420722909972655
704,7,0.030238976938111006
704,8,0.0319790955027515
704,9,0.03357054891662318
704,10,0.0380978940503302
704,11,0.0424416137677635
704,12,0.044457533153858364
705,1,0.038600956193084505
705,2,0.039258163425006015
705,3,0.04483460845829301
705,4,0.04177121630514098
705,5,0.03967700101820386
705,6,0.030146314946347546
705,7,0.025466280747165542
705,8,0.02704275044733913
705,9,0.029016619873036987
705,10,0.034871855774823844
705,11,0.03790988631547873
705,12,0.038540798982420826
706,1,0.04622771561054789
706,2,0.042913855044237385
706,3,0.04377532057852571
706,4,0.04433279063328114
706,5,0.047129230326345195
706,6,0.04516159012661002
706,7,0.03338424924238855
706,8,0.035564592901555815
706,9,0.03812876416901907
706,10,0.03973039253249553
706,11,0.046858629085922324
706,12,0.04771400763453802
707,1,0.03971312479592196
707,2,0.039931453697457354
707,3,0.04354332287481226
707,4,0.041912053452219857
707,5,0.038108847505414434
707,6,0.03137831725000101
707,7,0.026996748257779066
707,8,0.027471008012289758
707,9,0.029816830555615386
707,10,0.036280780100701265
707,11,0.03817940918426696
707,12,0.039326908364684714
708,1,0.04090969529876283
708,2,0.04101488052991106
708,3,0.047028283828381784
708,4,0.04818835308323763
708,5,0.03897018948248284
708,6,0.036558068036332714
708,7,0.02923454726194355
708,8,0.029786608043248453
708,9,0.030606119210793058
708,10,0.03559032387059967
708,11,0.03908099075023548
708,12,0.041530433234239744
709,1,0.038015755878764365
709,2,0.03917411142567353
709,3,0.043026303458100656
709,4,0.040895890243747984
709,5,0.036930923436450144
709,6,0.029786887218429058
709,7,0.026012056843353594
709,8,0.026675113654791055
709,9,0.028171602498012576
709,10,0.03465974675401295
709,11,0.03723476273158485
709,12,0.03901057807373828
710,1,0.037482833880762685
710,2,0.03722875927914673
710,3,0.04145600833807851
710,4,0.03683979270108174
710,5,0.033103567495610726
710,6,0.03373011115544741
710,7,0.02890896186706399
710,8,0.028697747353540266
710,9,0.03280380238013747
710,10,0.034845616939366914
710,11,0.039623299780448165
710,12,0.04047832910011874
711,1,0.03599621705276104
711,2,0.03631437452018924
711,3,0.03823104578499519
711,4,0.03373107452018214
711,5,0.03250077533106685
711,6,0.033116066779751735
711,7,0.030271741099717704
711,8,0.029737926565669953
711,9,0.032467155315963274
711,10,0.03306712902951592
711,11,0.03624302057930229
711,12,0.03730232741379081
712,1,0.04362628288505254
712,2,0.04867727124401478
712,3,0.051637501226457536
712,4,0.052112455505723417
712,5,0.04652048461109217
712,6,0.044796610514661994
712,7,0.0340144734390143
712,8,0.03621257664362811
712,9,0.038690746495312144
712,10,0.03811857344561782
712,11,0.035820595294212304
712,12,0.03987890797589439
713,1,0.04347027667186015
713,2,0.04145286838331512
713,3,0.047913890994842716
713,4,0.05018937841294223
713,5,0.04204790979381993
713,6,0.04040805982853897
713,7,0.029655227660401597
713,8,0.031180966870502546
713,9,0.033107851465976515
713,10,0.03726569777449596
713,11,0.04090401190371615
713,12,0.04285387660323874
714,1,0.037816325507663784
714,2,0.03761308690636255
714,3,0.039702610639133114
714,4,0.03888309243953032
714,5,0.041868718688745137
714,6,0.03726628566000368
714,7,0.036199351089213724
714,8,0.03425064313049211
714,9,0.03497825511601931
714,10,0.038214630542621364
714,11,0.038179810059685106
714,12,0.03592659640592569
715,1,0.041271502158781184
715,2,0.04058017658199548
715,3,0.045167720381858366
715,4,0.04526350245148125
715,5,0.0398783195691233
715,6,0.03562727519853068
715,7,0.02977203683853181
715,8,0.030306966380841776
715,9,0.033036890539895274
715,10,0.036959291080924
715,11,0.04215246170805817
715,12,0.04289639607875159
716,1,0.03831224435757655
716,2,0.03670137147452957
716,3,0.04175913378102107
716,4,0.03675886315610769
716,5,0.03330945042525359
716,6,0.033898132162471624
716,7,0.028728763527386257
716,8,0.028854509438735784
716,9,0.03290913970370962
716,10,0.034025145163985505
716,11,0.039414493264593974
716,12,0.03949003748207209
717,1,0.03562160467377293
717,2,0.0358840150831773
717,3,0.04093822675295083
717,4,0.03590367259971717
717,5,0.0317598580114924
717,6,0.032373619033648895
717,7,0.027785737395862577
717,8,0.02842374853812785
717,9,0.03160637451592915
717,10,0.03263140756528754
717,11,0.03725361221118214
717,12,0.03726760283107418
718,1,0.03848874482255863
718,2,0.038369798228447355
718,3,0.03990844067667337
718,4,0.037582876499074755
718,5,0.03825619157991908
718,6,0.03593298095864757
718,7,0.035503247112413434
718,8,0.03379311029668827
718,9,0.035426138607964536
718,10,0.03720569988406392
718,11,0.03758378780364915
718,12,0.03676172392232265
719,1,0.03861564077968234
719,2,0.036978132737785885
719,3,0.04107951187654639
719,4,0.04037265516206425
719,5,0.040028321190980744
719,6,0.03853533896969971
719,7,0.03081828889039813
719,8,0.032013638418265225
719,9,0.03563908996073064
719,10,0.035322273680738384
719,11,0.03963756336285994
719,12,0.03921697527035481
720,1,0.04775399734341027
720,2,0.04329031214203908
720,3,0.04408060880828603
720,4,0.04516682106180315
720,5,0.04817792539119637
720,6,0.045387595788251085
720,7,0.034476989404871254
720,8,0.036335619348043295
720,9,0.039479060318822416
720,10,0.040069137548194945
720,11,0.049226183030392154
720,12,0.04872137552594781
721,1,0.04613539659348213
721,2,0.04161518656507821
721,3,0.043560532346778875
721,4,0.04371725568984201
721,5,0.04746145851372245
721,6,0.04438579151104065
721,7,0.03378023052922442
721,8,0.03628002444059025
721,9,0.03962659932516623
721,10,0.04009219076033429
721,11,0.04777294422239007
721,12,0.046341583898573936
722,1,0.04293727585756947
722,2,0.042247734148488335
722,3,0.046165522357541046
722,4,0.04674788454171504
722,5,0.04122154390967681
722,6,0.03813534634489031
722,7,0.029091678201218215
722,8,0.030431333921680487
722,9,0.032197296233320884
722,10,0.037798578360469924
722,11,0.041787751624514896
722,12,0.04370849432680837
723,1,0.03835311931311217
723,2,0.03751640382917007
723,3,0.04363099582174666
723,4,0.04273037624771779
723,5,0.039284601312150946
723,6,0.03753580074338767
723,7,0.02932069004769201
723,8,0.031087383125878342
723,9,0.03361996939888776
723,10,0.03430283892034965
723,11,0.03838745572235158
723,12,0.03946787465817748
724,1,0.03808290263870096
724,2,0.038915317346440284
724,3,0.041139329676291865
724,4,0.03778108859313898
724,5,0.0339672233171227
724,6,0.03497004871050575
724,7,0.02993958165344753
724,8,0.03033128522243534
724,9,0.03338545944342307
724,10,0.034428818660682016
724,11,0.03851696370029271
724,12,0.03925329860900666
725,1,0.03809602349377212
725,2,0.037374099572083944
725,3,0.04243479733626888
725,4,0.0409863173757257
725,5,0.03379549570103619
725,6,0.034204459185625036
725,7,0.027161557738216078
725,8,0.027909350882564854
725,9,0.033017032439358565
725,10,0.0331833813297055
725,11,0.03893699287284522
725,12,0.03892115470640429
726,1,0.03795913333949412
726,2,0.03867713939603415
726,3,0.0465060740082218
726,4,0.047560030918421925
726,5,0.037355893784243956
726,6,0.03520116241246687
726,7,0.027561217912614414
726,8,0.028387759851492507
726,9,0.029995411207386854
726,10,0.033783962786855956
726,11,0.036449039946491374
726,12,0.0383579624326239
727,1,0.035686863363880564
727,2,0.03429131263813459
727,3,0.041139449157368745
727,4,0.03446348450919822
727,5,0.030938763944802546
727,6,0.03157322395498219
727,7,0.027648732487148213
727,8,0.027494146918654493
727,9,0.030276918210052416
727,10,0.0326005360461694
727,11,0.036978112510081665
727,12,0.0359697828034113
728,1,0.03568826339573811
728,2,0.034776642937297465
728,3,0.03834597651399102
728,4,0.03424174796256565
728,5,0.03164016733050349
728,6,0.032218915934094705
728,7,0.028985872172515248
728,8,0.02924549985999822
728,9,0.03042921597974561
728,10,0.03298533299441865
728,11,0.036010714147283865
728,12,0.03694507291165919
729,1,0.04152615801673162
729,2,0.040866981317859014
729,3,0.04474543550773438
729,4,0.044186579782285546
729,5,0.04010154494096177
729,6,0.034253334527586145
729,7,0.028281021031703945
729,8,0.028866109857024844
729,9,0.03111194808104043
729,10,0.03770408384233586
729,11,0.04004949358105127
729,12,0.041959915415915865
730,1,0.0466413931014043
730,2,0.04444421549696144
730,3,0.04900283146828358
730,4,0.05210210190909732
730,5,0.0435053272140275
730,6,0.04292020112470374
730,7,0.031164802168476148
730,8,0.031993911015924296
730,9,0.03418161401129468
730,10,0.03906045046112235
730,11,0.04356250368875485
730,12,0.04626024886337474
731,1,0.039751218374553345
731,2,0.0392703644059336
731,3,0.04386317637190921
731,4,0.04198859100085344
731,5,0.03890995546353377
731,6,0.032075833078285265
731,7,0.02658855678672012
731,8,0.027557784716150873
731,9,0.029932333591240177
731,10,0.035803700911627385
731,11,0.038836878496132515
731,12,0.03993927564785576
732,1,0.034735179084107635
732,2,0.03499500138376079
732,3,0.037180333534114846
732,4,0.03325445249694674
732,5,0.031085330679313166
732,6,0.030722417661664576
732,7,0.02871605361901129
732,8,0.029751098306664087
732,9,0.030310576254322014
732,10,0.0317950275205011
732,11,0.035468190843353536
732,12,0.03622276765642011
733,1,0.04415097065954807
733,2,0.04196735562816862
733,3,0.04712164579678488
733,4,0.04642614352406933
733,5,0.044374947397732914
733,6,0.042678943474336775
733,7,0.03128857636055201
733,8,0.03280642003449947
733,9,0.03648725912172752
733,10,0.03807901147072727
733,11,0.0446801605489262
733,12,0.04581399630316347
734,1,0.03587025971171019
734,2,0.03740171317815927
734,3,0.040827815766170915
734,4,0.03828779319319035
734,5,0.0348857848361935
734,6,0.028840119878813603
734,7,0.024967604328913384
734,8,0.02556943749038511
734,9,0.027294470947590604
734,10,0.03286521277648541
734,11,0.03546229146017976
734,12,0.03693707810173637
735,1,0.040674975488342806
735,2,0.040496455125786396
735,3,0.04934173222365654
735,4,0.049498464599696805
735,5,0.04084724335306891
735,6,0.03755279968042657
735,7,0.028219656803861307
735,8,0.02960969361354765
735,9,0.032115137612694564
735,10,0.03555900427066674
735,11,0.04057969606720165
735,12,0.04153869413221978
736,1,0.04126713703423185
736,2,0.04123249900832626
736,3,0.047843969609057395
736,4,0.04925071766419688
736,5,0.03990342997888231
736,6,0.036492573277809665
736,7,0.027800279549954097
736,8,0.029874095175973128
736,9,0.03176376087194593
736,10,0.036479688141861207
736,11,0.03897138285082465
736,12,0.041824185096418366
737,1,0.044926299089422486
737,2,0.04680419538850508
737,3,0.050968652847261355
737,4,0.049823340842142676
737,5,0.04592778314667169
737,6,0.044085724012171465
737,7,0.03394248594576478
737,8,0.03627215348480294
737,9,0.03854125858710194
737,10,0.03688022672484703
737,11,0.035696700882855335
737,12,0.03971647552739663
738,1,0.043663187650528366
738,2,0.0421600849604191
738,3,0.04901352456525868
738,4,0.0512742026728163
738,5,0.041894326302096344
738,6,0.03894150787864838
738,7,0.02983086795383749
738,8,0.031183140609363433
738,9,0.03383307939906076
738,10,0.03841595961441224
738,11,0.04315202028691453
738,12,0.044654000316184134
739,1,0.0445579537719354
739,2,0.041081445604887606
739,3,0.04333555749120639
739,4,0.043385608200028604
739,5,0.045269860010316854
739,6,0.042619740412223245
739,7,0.03354892224060982
739,8,0.03510391860542323
739,9,0.03845086371533552
739,10,0.03903180636124622
739,11,0.04570140119904666
739,12,0.04501863659655352
740,1,0.03800973819050297
740,2,0.03843098369048075
740,3,0.04247853687361246
740,4,0.04226154099301716
740,5,0.03841926538828089
740,6,0.03261337939992547
740,7,0.02696079222292038
740,8,0.02773078789472385
740,9,0.030577069888709653
740,10,0.03468312166288034
740,11,0.038642918977080096
740,12,0.03895257629056042
741,1,0.036409517921238865
741,2,0.036485064031355666
741,3,0.03846350860187967
741,4,0.034068001764309346
741,5,0.03262079018639191
741,6,0.03296275335496404
741,7,0.030001822351817198
741,8,0.02990412387284934
741,9,0.03310107496532281
741,10,0.03351636085682133
741,11,0.03638634882566453
741,12,0.03763346889256171
742,1,0.0361121354132887
742,2,0.03608657357209097
742,3,0.037740044483391716
742,4,0.033077408313309825
742,5,0.03253755555898608
742,6,0.03233623214271097
742,7,0.030089455776113157
742,8,0.030517645958160144
742,9,0.032197565589531955
742,10,0.03276621360904639
742,11,0.03535580141851757
742,12,0.037017624539912565
743,1,0.044838927279492506
743,2,0.0467642931838469
743,3,0.0500403722624432
743,4,0.0500027728788968
743,5,0.04654063501291393
743,6,0.044369470708637684
743,7,0.03357673966017419
743,8,0.03583010991247794
743,9,0.03811361925454322
743,10,0.03746344388562817
743,11,0.03630764115665482
743,12,0.040398261480445036
744,1,0.03760763555925419
744,2,0.03751422410420979
744,3,0.04513508802740213
744,4,0.04540917287224593
744,5,0.039405982381495744
744,6,0.03734771477182923
744,7,0.027603928643611175
744,8,0.029193630649987416
744,9,0.03195792569074447
744,10,0.033408225346641736
744,11,0.03790456971520619
744,12,0.03824177211818018
745,1,0.038486563829424704
745,2,0.03711563923802987
745,3,0.04194890536652819
745,4,0.0371394004929148
745,5,0.03351329833590884
745,6,0.03380628879399138
745,7,0.02825606761296196
745,8,0.02850112506248914
745,9,0.032732184879044786
745,10,0.0344263848077446
745,11,0.03907392381600927
745,12,0.03956793284215572
746,1,0.040015984226164404
746,2,0.039295963747734766
746,3,0.04429326926771654
746,4,0.04507720616316542
746,5,0.0396484163677872
746,6,0.03480636244554981
746,7,0.027700514586023222
746,8,0.028832553699526687
746,9,0.03158828729239668
746,10,0.035611945195672665
746,11,0.04065854421047254
746,12,0.040838698039318826
747,1,0.0422391140473034
747,2,0.0411632924231056
747,3,0.04627415670614296
747,4,0.04641805523302789
747,5,0.041408371091947414
747,6,0.03692110423562051
747,7,0.028457896609746437
747,8,0.030038432026710665
747,9,0.03216148622125213
747,10,0.03697520987843219
747,11,0.04157441312882858
747,12,0.042756555180120545
748,1,0.04232292999393213
748,2,0.04096266243088996
748,3,0.04860016382419376
748,4,0.04817223275692447
748,5,0.04428140846147091
748,6,0.042747546201725044
748,7,0.0304643933957821
748,8,0.032344580291518064
748,9,0.035359673396696385
748,10,0.036384909331025415
748,11,0.042414981752183306
748,12,0.044538392743732086
749,1,0.04372209829724896
749,2,0.042181577823234485
749,3,0.0459285245940495
749,4,0.04577687656721947
749,5,0.0431619984160882
749,6,0.03774527833421322
749,7,0.02899640299830555
749,8,0.029685364843802842
749,9,0.032547662806577754
749,10,0.03835486678655563
749,11,0.04187475876969791
749,12,0.0439538207760615
750,1,0.03848513671801678
750,2,0.03895210974475002
750,3,0.04351617931474291
750,4,0.04148425653604707
750,5,0.03894076164259794
750,6,0.031058495874983983
750,7,0.026367125069606326
750,8,0.027533158529156186
750,9,0.030032156690219507
750,10,0.035466819342805454
750,11,0.03739161481268475
750,12,0.03897729127677871
751,1,0.03623271112863462
751,2,0.03513939564762979
751,3,0.04053772399240025
751,4,0.03506948843877771
751,5,0.0315372769726972
751,6,0.031708217024578184
751,7,0.028047636648065984
751,8,0.028226140166165946
751,9,0.030097931604777944
751,10,0.033181677880098064
751,11,0.037664088046431225
751,12,0.037028119799468434
752,1,0.04754634395437561
752,2,0.04241280702825854
752,3,0.0436585463778562
752,4,0.04456410940218109
752,5,0.047253395596889985
752,6,0.04412408504433359
752,7,0.034593553998475496
752,8,0.0361401533067416
752,9,0.03938499053368796
752,10,0.040440304068620675
752,11,0.048573732901518375
752,12,0.047767134596256526
753,1,0.0456266364374835
753,2,0.04752835260016343
753,3,0.05011786578752296
753,4,0.05161718185359122
753,5,0.0475881061194649
753,6,0.045150171608302286
753,7,0.034138099681253024
753,8,0.0358128841072242
753,9,0.03909543668906692
753,10,0.03815916239250973
753,11,0.03633548386752432
753,12,0.04084862046680393
754,1,0.03851231299133203
754,2,0.038785348208337504
754,3,0.04347629363382659
754,4,0.04201602656335249
754,5,0.03851638051704365
754,6,0.03207706851512274
754,7,0.025463127660713084
754,8,0.027175214067096068
754,9,0.02924145176936005
754,10,0.035214979867019686
754,11,0.03802119996084582
754,12,0.03946543882866391
755,1,0.028362762635707302
755,2,0.03044226590108065
755,3,0.035770062029839685
755,4,0.037408633270862204
755,5,0.034308858249427934
755,6,0.03342595279277157
755,7,0.026877635500441116
755,8,0.028311859625335868
755,9,0.02961031461436034
755,10,0.0282326226411284
755,11,0.026441044323419555
755,12,0.028245747960971852
756,1,0.03819394214146847
756,2,0.03903760091381768
756,3,0.04324715644006887
756,4,0.03934386746919355
756,5,0.03482483273483457
756,6,0.035552830221176016
756,7,0.029239205894023443
756,8,0.029975602929247593
756,9,0.03389624092364126
756,10,0.03503590761805293
756,11,0.03969085483765724
756,12,0.04093528123012032
757,1,0.04145142228731893
757,2,0.04135573132754911
757,3,0.0449200501053689
757,4,0.04457770592791279
757,5,0.039682360093753345
757,6,0.03445042663201381
757,7,0.028617513306119752
757,8,0.02957327013352868
757,9,0.030648726566225252
757,10,0.03760957245311865
757,11,0.0413207082950083
757,12,0.042373162711231066
758,1,0.0394493467480919
758,2,0.03984190454815123
758,3,0.04383428367642168
758,4,0.04155920090026083
758,5,0.03774809767910306
758,6,0.030168416333499763
758,7,0.025140041811486883
758,8,0.02687377242670947
758,9,0.028642819867963357
758,10,0.03503293943443793
758,11,0.03802500846500221
758,12,0.03951274219658182
759,1,0.04007439228471128
759,2,0.04228761940495616
759,3,0.05039884311049843
759,4,0.0507589950687542
759,5,0.04465923399262151
759,6,0.043665355876862565
759,7,0.033326211881872035
759,8,0.0356753254625685
759,9,0.03761961968479272
759,10,0.03601924792565764
759,11,0.034143234558730064
759,12,0.037469912961857414
760,1,0.036989607159221734
760,2,0.03525131017113354
760,3,0.04056715930407722
760,4,0.03509643497347906
760,5,0.03143573993451789
760,6,0.03161246345315682
760,7,0.02790054629066337
760,8,0.02792167224751172
760,9,0.030468292831032556
760,10,0.03318431798989612
760,11,0.037774303620786334
760,12,0.037937294923112506
761,1,0.040024723695452395
761,2,0.03947637016247198
761,3,0.04475275476125274
761,4,0.041597284668494015
761,5,0.03318215858993193
761,6,0.034224692485530755
761,7,0.027322220941115156
761,8,0.02741927467170267
761,9,0.032879677019608936
761,10,0.03482222697174293
761,11,0.039866437419050896
761,12,0.04159135473329088
762,1,0.042900551708532936
762,2,0.041359775068953095
762,3,0.044806003935624956
762,4,0.04430293024567837
762,5,0.04121276182355892
762,6,0.03675852133380048
762,7,0.028743902851747313
762,8,0.029988739512072773
762,9,0.030472639634115773
762,10,0.03797542759260004
762,11,0.04036294358271127
762,12,0.042812337449009155
763,1,0.042847660214538466
763,2,0.041703288689031975
763,3,0.045854986068548285
763,4,0.04549945842707899
763,5,0.042329841687698225
763,6,0.037598257060999694
763,7,0.028803820640926403
763,8,0.029961834004588687
763,9,0.032819660856956166
763,10,0.03740811826506472
763,11,0.04372147482037886
763,12,0.04538919379134344
764,1,0.04277045288924541
764,2,0.040075618901743645
764,3,0.046451110470917795
764,4,0.04563328142403286
764,5,0.04410779351068769
764,6,0.04212473001901963
764,7,0.031564101094576254
764,8,0.032404796182793114
764,9,0.03654283388309738
764,10,0.03696014889660524
764,11,0.04304523206309336
764,12,0.044105590906540634
765,1,0.04335701878894461
765,2,0.04282765097971062
765,3,0.048205680904779516
765,4,0.049624691798097934
765,5,0.041763674449665514
765,6,0.03888126195821512
765,7,0.029315914380821945
765,8,0.030374583339478987
765,9,0.03323144376574932
765,10,0.037579707126207104
765,11,0.042871869778931
765,12,0.043583751984576466
766,1,0.0405758224330641
766,2,0.039672526590307455
766,3,0.04829941876990248
766,4,0.047604898134183025
766,5,0.04189831195328858
766,6,0.040024821314180954
766,7,0.02952560073115094
766,8,0.03103726121963187
766,9,0.034257296428258185
766,10,0.03570198115784179
766,11,0.040677744081111966
766,12,0.041793816254911666
767,1,0.03814811901286002
767,2,0.03866648804677109
767,3,0.04137567466685901
767,4,0.039595233986798144
767,5,0.032709442391286286
767,6,0.025414353943305282
767,7,0.02385144083426816
767,8,0.024670037347342473
767,9,0.025806428597816993
767,10,0.030947200246227522
767,11,0.033465001912264605
767,12,0.0365644709214173
768,1,0.043996032173861645
768,2,0.04320261479532877
768,3,0.0473449202352385
768,4,0.05011820371358092
768,5,0.04039016768853326
768,6,0.03821748084725297
768,7,0.02983323076625502
768,8,0.02986152618297831
768,9,0.03295966138449755
768,10,0.037676572097320234
768,11,0.04144316682632795
768,12,0.04306558950175696
769,1,0.03616199216559923
769,2,0.035064087667631444
769,3,0.03980364180730339
769,4,0.03539866559333566
769,5,0.03177612977281463
769,6,0.032056466365683704
769,7,0.0281573213009095
769,8,0.027919988619099216
769,9,0.03132880148169114
769,10,0.03315115569986164
769,11,0.03711401035615584
769,12,0.03737028692802339
770,1,0.04321062268239831
770,2,0.04191861837789584
770,3,0.04649598675560785
770,4,0.046250314267961175
770,5,0.04183968896721826
770,6,0.036359250808246056
770,7,0.028525717816969165
770,8,0.029882174518788395
770,9,0.031981743782189424
770,10,0.03710941419493628
770,11,0.04165733638948685
770,12,0.04291166586209763
771,1,0.0383179227328703
771,2,0.03831855557671379
771,3,0.043455291945603366
771,4,0.04043168892198047
771,5,0.03693127797585573
771,6,0.02963970659754975
771,7,0.025402465955255523
771,8,0.02702331127154508
771,9,0.028953866588920487
771,10,0.035064587138166826
771,11,0.037614032857531815
771,12,0.03863960462318625
772,1,0.03840588612375295
772,2,0.03901615912938942
772,3,0.04379249653128805
772,4,0.04260484000023306
772,5,0.0386184289803088
772,6,0.03130024522256096
772,7,0.025896289011376594
772,8,0.027208623556950223
772,9,0.028701329192297897
772,10,0.03486543966382561
772,11,0.03840185910635201
772,12,0.038656861386114565
773,1,0.04062875194484829
773,2,0.03803079344933518
773,3,0.04166458104929829
773,4,0.04192859302330399
773,5,0.042239416055480164
773,6,0.04003848650041695
773,7,0.03200809147008091
773,8,0.033586064877069735
773,9,0.036572954892927195
773,10,0.036724178052893686
773,11,0.04224696397987332
773,12,0.04094055068813939
774,1,0.03869159215579588
774,2,0.03804952641826296
774,3,0.04369220823091203
774,4,0.041414625910143554
774,5,0.03352837781255674
774,6,0.032777621350312605
774,7,0.02738804205525161
774,8,0.026760866180360547
774,9,0.031977934793592656
774,10,0.033359281049398455
774,11,0.038841062576787974
774,12,0.03985181918561151
775,1,0.044038241461921174
775,2,0.041571345299938535
775,3,0.04948379050169335
775,4,0.04871272069091066
775,5,0.045333736136669675
775,6,0.04263734106365441
775,7,0.03139587420050422
775,8,0.03259640537803089
775,9,0.035807954983126805
775,10,0.03702233389169841
775,11,0.04330424536148002
775,12,0.04453552308906871
776,1,0.03848812322723224
776,2,0.03844793750257501
776,3,0.04275007276037059
776,4,0.03915850177704548
776,5,0.034213291129878386
776,6,0.0357037051221697
776,7,0.02959328973542207
776,8,0.029283537663725767
776,9,0.03359208726219196
776,10,0.03479736518912599
776,11,0.039741926528365314
776,12,0.040684828545599974
777,1,0.03796022452008485
777,2,0.03904500980866853
777,3,0.04198261133851836
777,4,0.0381496769466311
777,5,0.03348138648250101
777,6,0.034160098568195914
777,7,0.029581214980875136
777,8,0.029387188874218893
777,9,0.03367305842833565
777,10,0.035495730973776556
777,11,0.040425589982326635
777,12,0.04060138572372205
778,1,0.04080561893165468
778,2,0.038212843781579096
778,3,0.042033446548543484
778,4,0.04190495125224879
778,5,0.04188914768937419
778,6,0.040222226918520156
778,7,0.03137719910550276
778,8,0.03292386270434074
778,9,0.03636882832940214
778,10,0.03652675474747915
778,11,0.04132773553000807
778,12,0.04116745324874753
779,1,0.03774561600580156
779,2,0.03710561764756118
779,3,0.040180049414560104
779,4,0.035883066649770465
779,5,0.033545482286659545
779,6,0.03334727150166417
779,7,0.02964380205437225
779,8,0.029654294185942502
779,9,0.032671161757071125
779,10,0.03492106467988338
779,11,0.04023367628634855
779,12,0.03977314367439352
780,1,0.045933579008397694
780,2,0.041561101694707496
780,3,0.043497265452288214
780,4,0.04504839261032598
780,5,0.047534418147296295
780,6,0.0439892792013758
780,7,0.03426814414321796
780,8,0.03584003964568906
780,9,0.03906758586684563
780,10,0.039882917767630706
780,11,0.04887870114307311
780,12,0.04875458922187995
781,1,0.04167870578483443
781,2,0.041014014342240855
781,3,0.046311574179899055
781,4,0.04508996294679983
781,5,0.040881138327422406
781,6,0.03543597826074067
781,7,0.02807202236356087
781,8,0.028790939833937396
781,9,0.0315040227504358
781,10,0.03755704945379642
781,11,0.04114448469426784
781,12,0.042415713899566436
782,1,0.03811932327525878
782,2,0.03787349383422953
782,3,0.040161075074431764
782,4,0.03924208754088884
782,5,0.04441284241628705
782,6,0.04207567297409008
782,7,0.035326143608506735
782,8,0.03548422353617895
782,9,0.036019669306664205
782,10,0.03411664144203748
782,11,0.03830350528953843
782,12,0.035018376067595766
783,1,0.044074606247814035
783,2,0.04087297222799356
783,3,0.04664818806041279
783,4,0.04725371423735946
783,5,0.04238638048723062
783,6,0.03948100856881429
783,7,0.03098660448817264
783,8,0.03168722566018294
783,9,0.03579186226915657
783,10,0.03736341000324751
783,11,0.043995255957128686
783,12,0.04515605987953921
784,1,0.047300245216860985
784,2,0.043050389181660875
784,3,0.04439118501247057
784,4,0.044873072935558846
784,5,0.0472761804022499
784,6,0.04499678458870699
784,7,0.03439300229426324
784,8,0.03619548992869576
784,9,0.03862656245647212
784,10,0.04013392420382544
784,11,0.049682851411518215
784,12,0.04854777249937947
785,1,0.0466627942454721
785,2,0.0425107819068745
785,3,0.04363843375279246
785,4,0.044423778688901676
785,5,0.04743887439463341
785,6,0.044318548605752815
785,7,0.03345170795692529
785,8,0.035635801010208176
785,9,0.03868340843949045
785,10,0.039445768431963395
785,11,0.04714959750888144
785,12,0.046872175713895826
786,1,0.041046786604072516
786,2,0.04006086927436942
786,3,0.04456413341580548
786,4,0.045072800684602364
786,5,0.040589453583376185
786,6,0.03590294310230575
786,7,0.028069578272307927
786,8,0.030128962651616027
786,9,0.032712768334701804
786,10,0.0361032835318664
786,11,0.04243728748275597
786,12,0.04269918475750352
787,1,0.039881498810728555
787,2,0.03988929196309964
787,3,0.043573396796104905
787,4,0.04236811341080478
787,5,0.03890317368085674
787,6,0.03215231310277052
787,7,0.027417736760348192
787,8,0.027782933357333107
787,9,0.029591118140291264
787,10,0.03558392848490737
787,11,0.03871536342577462
787,12,0.040046778876348936
788,1,0.03974019179174471
788,2,0.04269835742929616
788,3,0.04861841125268243
788,4,0.05110537017963751
788,5,0.04405724911210161
788,6,0.04269032453693155
788,7,0.03343096452904606
788,8,0.03634626265518309
788,9,0.037474509216411135
788,10,0.03489700729075949
788,11,0.03358880420321895
788,12,0.03630307453222452
789,1,0.03691305548239603
789,2,0.0376947514843811
789,3,0.040597707821995996
789,4,0.0391415614355869
789,5,0.03625813813619971
789,6,0.029168910426743272
789,7,0.025287391393721305
789,8,0.0261831872053265
789,9,0.027709334122412953
789,10,0.0335638668840439
789,11,0.03605050306400661
789,12,0.0368495738115643
790,1,0.03975540393696583
790,2,0.03977123035370428
790,3,0.04397293391006039
790,4,0.04269822251075357
790,5,0.0396544083548274
790,6,0.03178224387586921
790,7,0.025989370618847388
790,8,0.02791608353433022
790,9,0.02984191191455869
790,10,0.035387447284753876
790,11,0.03880552168903202
790,12,0.03998716079901988
791,1,0.04652183835646467
791,2,0.043818490639587586
791,3,0.04824456586559232
791,4,0.048220913755780234
791,5,0.042393212743548285
791,6,0.039044469589304194
791,7,0.030960040302285427
791,8,0.031726055338544
791,9,0.0336342384071734
791,10,0.03989300960328753
791,11,0.04494664823397574
791,12,0.045708335410893905
792,1,0.038427743229903985
792,2,0.03766411641980096
792,3,0.03996331110882207
792,4,0.03793408110418293
792,5,0.03934837464946573
792,6,0.0367378112988289
792,7,0.03443761525861622
792,8,0.033248963301732715
792,9,0.03446517048584935
792,10,0.03818957172948021
792,11,0.0388214433534006
792,12,0.03708087869996122
793,1,0.03962575060697951
793,2,0.038512270886469316
793,3,0.043079843295126735
793,4,0.043976275054168644
793,5,0.03874049415595711
793,6,0.03399735156315758
793,7,0.027445662829673933
793,8,0.028866346825379287
793,9,0.03138505908147992
793,10,0.03479895320923081
793,11,0.04028953804009304
793,12,0.040143115772021315
794,1,0.03979693726144774
794,2,0.0393411284662456
794,3,0.04365365372541041
794,4,0.04425056750603022
794,5,0.039466289900040384
794,6,0.034220042757612014
794,7,0.027809974987701477
794,8,0.029395709505065502
794,9,0.031867808877711554
794,10,0.0355922771576156
794,11,0.04110463906842647
794,12,0.040349091801497705
795,1,0.045592508279727204
795,2,0.042178342823429686
795,3,0.04434771211232402
795,4,0.04314818314506547
795,5,0.04740229753485397
795,6,0.04444362189554175
795,7,0.034114120526164096
795,8,0.03624854120096514
795,9,0.03948429316528213
795,10,0.0399882174264047
795,11,0.05079820891359037
795,12,0.0471821807343858
796,1,0.04578401037158449
796,2,0.04168872507628541
796,3,0.04317554099924871
796,4,0.04409595070895589
796,5,0.046609255251034126
796,6,0.04358131070762102
796,7,0.034037008699647986
796,8,0.035321905560004786
796,9,0.03886128997173989
796,10,0.0396538536707969
796,11,0.047713949892510044
796,12,0.04682182364338332
797,1,0.03947820374124022
797,2,0.03785515126044331
797,3,0.04250920367992934
797,4,0.04245728124208121
797,5,0.04149346462854926
797,6,0.039221337878021754
797,7,0.030848878497832757
797,8,0.03237635919091229
797,9,0.03549241444661674
797,10,0.03548392205436339
797,11,0.04023235874373677
797,12,0.03975637859592476
798,1,0.0347337017155507
798,2,0.035217612717718894
798,3,0.03735029497220941
798,4,0.03336390211433519
798,5,0.031207274850976827
798,6,0.03127778874901534
798,7,0.029788060474368605
798,8,0.029621550101615535
798,9,0.02990731670363345
798,10,0.03169202595178964
798,11,0.03540910904515706
798,12,0.036158607979298665
799,1,0.037521261712272554
799,2,0.03741739418612469
799,3,0.040894260507302604
799,4,0.036613246722200836
799,5,0.033789401604256725
799,6,0.034256394717374364
799,7,0.030052765347227103
799,8,0.02994846551103377
799,9,0.03374002614947404
799,10,0.035084869976095036
799,11,0.038403781467463344
799,12,0.03928510007018899
800,1,0.03768554501225015
800,2,0.0362564482176937
800,3,0.039984096663213425
800,4,0.034282922694374246
800,5,0.03274826677163438
800,6,0.03344948124131415
800,7,0.029081568543086817
800,8,0.029506286049335487
800,9,0.03247664383106926
800,10,0.03381100103344099
800,11,0.03778560340365282
800,12,0.03897571371719149
801,1,0.041666221649071286
801,2,0.03916548759686323
801,3,0.04291893216737959
801,4,0.03961916827572372
801,5,0.033165501489921194
801,6,0.03166459776305476
801,7,0.028641377294703178
801,8,0.029993146751809634
801,9,0.033119912741413446
801,10,0.03683842108366618
801,11,0.0422105215064734
801,12,0.04400215164393577
802,1,0.03805481792780935
802,2,0.03681220220041793
802,3,0.0408655325827503
802,4,0.03945752036047517
802,5,0.04578095451051462
802,6,0.04046616627888233
802,7,0.035303628756108436
802,8,0.03560304123266434
802,9,0.03517759090822036
802,10,0.03406950980955027
802,11,0.0356881324676505
802,12,0.035857754831542986
803,1,0.03890662771309803
803,2,0.03903691077292897
803,3,0.042332627763451675
803,4,0.03805785505611133
803,5,0.03405025574835344
803,6,0.0349712452977109
803,7,0.029630460384951266
803,8,0.029457849972920266
803,9,0.033439585300276464
803,10,0.034549393919640466
803,11,0.03933656071921416
803,12,0.04022845769938884
804,1,0.03855395257973059
804,2,0.03836935828049711
804,3,0.04662671078859277
804,4,0.04693993771821413
804,5,0.03938446694449911
804,6,0.03706555446230472
804,7,0.027464987494597352
804,8,0.028705226290492065
804,9,0.031470218159783896
804,10,0.034271684403774955
804,11,0.03866564570878431
804,12,0.039431033794802485
805,1,0.04319962160526672
805,2,0.04182862864589914
805,3,0.04604246224951909
805,4,0.04904394959801466
805,5,0.04134781000855395
805,6,0.03819417661491991
805,7,0.029375514304385158
805,8,0.030734253393462252
805,9,0.03357196102302224
805,10,0.03757541953573751
805,11,0.04258526706934153
805,12,0.04421652457565336
806,1,0.041243360753293004
806,2,0.03974827330394379
806,3,0.04356374330356211
806,4,0.045070683503813956
806,5,0.0395640317756364
806,6,0.035832350984320686
806,7,0.028957291188013663
806,8,0.03044659230055851
806,9,0.03309654502175469
806,10,0.03729462698572251
806,11,0.042715906349298664
806,12,0.042605335285637876
807,1,0.03742690947830443
807,2,0.03770984964310109
807,3,0.039155458299605844
807,4,0.03872522404305025
807,5,0.04161307474053531
807,6,0.036595952306774496
807,7,0.03554368497451607
807,8,0.034059846065180574
807,9,0.035305754285775974
807,10,0.03967653739392963
807,11,0.040313866279652215
807,12,0.0354414030356695
808,1,0.03642733308887543
808,2,0.03532456339009466
808,3,0.03869468902803774
808,4,0.033920013640395055
808,5,0.03230228802297812
808,6,0.032253374272338
808,7,0.029303462739586207
808,8,0.028781648501964425
808,9,0.031180323802610037
808,10,0.03363864680958273
808,11,0.037021560901317
808,12,0.03759214005620884
809,1,0.04226043695176156
809,2,0.041253372867105585
809,3,0.04527154811536802
809,4,0.044599226221592084
809,5,0.040929847481623094
809,6,0.03490734522450277
809,7,0.027776787342924415
809,8,0.02840566786722062
809,9,0.0309504500001432
809,10,0.03709467104476284
809,11,0.04020971153922301
809,12,0.042508289856966586
810,1,0.03584300171382622
810,2,0.0366836470812904
810,3,0.041447262759013455
810,4,0.04393304193360389
810,5,0.03676169624272202
810,6,0.03497195253389359
810,7,0.02687821044144885
810,8,0.028386276106011115
810,9,0.02938560596579004
810,10,0.032506129078321004
810,11,0.03567666387581861
810,12,0.03607713752772759
811,1,0.03637516611415607
811,2,0.036556015999240334
811,3,0.04067678329322563
811,4,0.03819967080003653
811,5,0.0354244198960465
811,6,0.028060764596407432
811,7,0.0244097297255291
811,8,0.025420592558605834
811,9,0.02675725257560815
811,10,0.033071842598098956
811,11,0.035177421014464944
811,12,0.036601173185962135
812,1,0.04025066257943842
812,2,0.0398787195112112
812,3,0.04334602165539671
812,4,0.042131521539395596
812,5,0.03882907624186519
812,6,0.03267314032741742
812,7,0.02615213486631014
812,8,0.02750080659438478
812,9,0.029538966428610737
812,10,0.0361028174741618
812,11,0.038524283160762215
812,12,0.0402746270357
813,1,0.04101441533099245
813,2,0.04026108775709088
813,3,0.04525929885563221
813,4,0.04581689217487882
813,5,0.0407980872752694
813,6,0.035559587192458254
813,7,0.028576370671468072
813,8,0.029861359353827107
813,9,0.03256873022299125
813,10,0.0366910156913912
813,11,0.04235040917840303
813,12,0.04265396778475686
814,1,0.04276480947527182
814,2,0.04059041557709718
814,3,0.04462739718262748
814,4,0.045919971200247135
814,5,0.04010281552972625
814,6,0.036054696504083016
814,7,0.02951579178674862
814,8,0.03058820070571637
814,9,0.033683529181764475
814,10,0.03764683753226886
814,11,0.044228301568139214
814,12,0.04349012569876906
815,1,0.03479924022900901
815,2,0.034616666729923216
815,3,0.039698107609697456
815,4,0.03526474276538899
815,5,0.03196438218472226
815,6,0.032056229091223
815,7,0.02853659649111858
815,8,0.027814569805673244
815,9,0.031405271127694895
815,10,0.033159023749855625
815,11,0.03660404868243425
815,12,0.03646906880906173
816,1,0.040849837009099534
816,2,0.039907633165380554
816,3,0.04719608539399104
816,4,0.04677303939360882
816,5,0.0407465525687885
816,6,0.038430665018797244
816,7,0.0294273554635623
816,8,0.03027387008582286
816,9,0.03422098823336258
816,10,0.03588450671114549
816,11,0.04137248613219315
816,12,0.04291418611655932
817,1,0.043233322530147826
817,2,0.04208165783163929
817,3,0.050067469222449985
817,4,0.048857278217701444
817,5,0.045773717997317095
817,6,0.043758175355776564
817,7,0.03226599461076205
817,8,0.03375906375949156
817,9,0.03661514595255776
817,10,0.03781614695778747
817,11,0.043060671520147635
817,12,0.04369436374321256
818,1,0.0392467394221793
818,2,0.03947006445159191
818,3,0.04390740417369741
818,4,0.04137541047319527
818,5,0.03323750073926945
818,6,0.034750153241988234
818,7,0.02753191502802441
818,8,0.028228530204019754
818,9,0.033501597040572456
818,10,0.03413779127992258
818,11,0.04017119180559246
818,12,0.04072686139485636
819,1,0.04671869663544756
819,2,0.04439123518987124
819,3,0.044810700754802375
819,4,0.045591255410606366
819,5,0.04692400403205559
819,6,0.045372946810363794
819,7,0.03541783254587341
819,8,0.036085721354218565
819,9,0.039264302824587725
819,10,0.04050005620894878
819,11,0.04989463074395823
819,12,0.04813550654327792
820,1,0.04192639539998127
820,2,0.041559251245332
820,3,0.04472824343763173
820,4,0.044604610983731016
820,5,0.04025357100673167
820,6,0.03414095141563421
820,7,0.028151411350810857
820,8,0.029177786672131622
820,9,0.031013929905509295
820,10,0.038061683026475966
820,11,0.040982353010025126
820,12,0.042387930696724245
821,1,0.03573589980332668
821,2,0.035584623271219994
821,3,0.03863669632335157
821,4,0.034429939391165745
821,5,0.03229627416565411
821,6,0.032260634106525896
821,7,0.028269235764840705
821,8,0.02842653060024329
821,9,0.032121060906035045
821,10,0.03292323375622328
821,11,0.03618900365187896
821,12,0.03700672506619071
822,1,0.04200903802101055
822,2,0.04124702783844012
822,3,0.04962751465372173
822,4,0.050347978707599134
822,5,0.041448544668872406
822,6,0.03762436933243555
822,7,0.028828826154067365
822,8,0.030356989995002494
822,9,0.03306747711060521
822,10,0.03729291609144084
822,11,0.041841625850029256
822,12,0.04323517769264056
823,1,0.03879517100497453
823,2,0.039418107295316966
823,3,0.042513049789478764
823,4,0.041233671011032
823,5,0.03736678198927791
823,6,0.03090058470091001
823,7,0.025831373014309045
823,8,0.027087206016802562
823,9,0.028538957201344698
823,10,0.03548676702356332
823,11,0.037537890791255184
823,12,0.0389551829064863
824,1,0.03802444362909433
824,2,0.038850349020872095
824,3,0.03889220925953419
824,4,0.03743988772899137
824,5,0.038826641968019535
824,6,0.0358536675820192
824,7,0.03428222922251863
824,8,0.033126661125786536
824,9,0.03557523634606622
824,10,0.03805321462724899
824,11,0.0408694205667205
824,12,0.03763044585954244
825,1,0.036825448439576046
825,2,0.03580583764741384
825,3,0.038856950916622744
825,4,0.03384234727783919
825,5,0.03258545669058429
825,6,0.03206931519963655
825,7,0.029007383195047785
825,8,0.028938665878518538
825,9,0.0320322463570919
825,10,0.03324438492105808
825,11,0.03718240969030387
825,12,0.03753017405516222
826,1,0.04146519671257159
826,2,0.04089699093027978
826,3,0.04542265091585492
826,4,0.046405387475836835
826,5,0.04118092910824717
826,6,0.036241366068230016
826,7,0.029270583828306173
826,8,0.029954274535736073
826,9,0.032738621250600404
826,10,0.03719777941118396
826,11,0.04229988658275264
826,12,0.042371240314945866
827,1,0.03948337232470167
827,2,0.03922147182926418
827,3,0.042410494142772356
827,4,0.041072041218048465
827,5,0.038298340978578496
827,6,0.03145905411820648
827,7,0.02558714574539301
827,8,0.027134949641548528
827,9,0.028654078944130534
827,10,0.035431088307343275
827,11,0.03772592448723411
827,12,0.03940077598165077
828,1,0.03864850260692122
828,2,0.03848581021342186
828,3,0.04300114256469527
828,4,0.04188607740403624
828,5,0.037914350012364796
828,6,0.031085173344273305
828,7,0.025838878740111027
828,8,0.026950735475320443
828,9,0.028713235441380915
828,10,0.03507817507937886
828,11,0.03743361777101793
828,12,0.039483277534718565
829,1,0.035429445058292666
829,2,0.03526174920723612
829,3,0.03908275397853662
829,4,0.03438548652789193
829,5,0.03226433314384916
829,6,0.03260789805474155
829,7,0.028341070456844697
829,8,0.02856433998340297
829,9,0.0316828714058804
829,10,0.03297392342633433
829,11,0.03650269213616217
829,12,0.03636231001209174
830,1,0.03818684846036269
830,2,0.04071493669083208
830,3,0.04637188454560566
830,4,0.045476644654563414
830,5,0.043025548562218255
830,6,0.03847094934051974
830,7,0.030872574066969014
830,8,0.03241299295180704
830,9,0.0348157116819317
830,10,0.03513023116852583
830,11,0.03362830697860177
830,12,0.036608793817790475
831,1,0.039783084304562434
831,2,0.03965992480477594
831,3,0.04471204233070498
831,4,0.04263772941962784
831,5,0.03959814788770703
831,6,0.03163661719431958
831,7,0.026569477109223586
831,8,0.028038089861921914
831,9,0.029758756248739342
831,10,0.03604843189761653
831,11,0.03868134726562614
831,12,0.039695211032371565
832,1,0.04107136204594084
832,2,0.04030316954256609
832,3,0.04782314350856575
832,4,0.052352961647412086
832,5,0.04214120334925597
832,6,0.03836564383335286
832,7,0.028422444452905014
832,8,0.029885533768225277
832,9,0.032955762390867414
832,10,0.035549629099207655
832,11,0.041560488482149424
832,12,0.04234290338723606
833,1,0.04718313375196854
833,2,0.04449286449287931
833,3,0.0443854766644717
833,4,0.04513804351603677
833,5,0.04795393779161931
833,6,0.046012858572229816
833,7,0.034742555347528625
833,8,0.03681350029341693
833,9,0.04017442003074243
833,10,0.04076523479172273
833,11,0.04993435791692878
833,12,0.048743048763678465
834,1,0.04825384789306364
834,2,0.043419560147347824
834,3,0.04891990374093176
834,4,0.04765770610606528
834,5,0.04327469719514282
834,6,0.04076686867344783
834,7,0.030687317749319275
834,8,0.03226081199091251
834,9,0.03611000420552724
834,10,0.03852068277192646
834,11,0.04709824565903831
834,12,0.04910640138951664
835,1,0.03582066545292107
835,2,0.035892870763235045
835,3,0.03871354656496119
835,4,0.034457088207662315
835,5,0.033296033853260736
835,6,0.03303636119283453
835,7,0.02956338510069631
835,8,0.029293010385812744
835,9,0.03252231831241615
835,10,0.033356490121990615
835,11,0.036740753691984214
835,12,0.037176018522488655
836,1,0.041878184357055204
836,2,0.041574453223577904
836,3,0.046529024831659445
836,4,0.045529823966225534
836,5,0.040346039294243824
836,6,0.03589270215245146
836,7,0.029155747251998376
836,8,0.030384409659797527
836,9,0.033469378609492
836,10,0.03682740985539271
836,11,0.04273770810437073
836,12,0.04285049893072835
837,1,0.038759328284355035
837,2,0.039963517263205905
837,3,0.04320696925924171
837,4,0.04130279676634414
837,5,0.03810538637113946
837,6,0.03031959552956183
837,7,0.025473189201320443
837,8,0.027072707895558917
837,9,0.028656516072052073
837,10,0.03545750828722755
837,11,0.03787538514601137
837,12,0.03906759048114702
838,1,0.043850044173107866
838,2,0.041794156685018076
838,3,0.0464836769754619
838,4,0.04868062334047513
838,5,0.04202448746590508
838,6,0.03765243719013464
838,7,0.029968932082446935
838,8,0.03133308173885626
838,9,0.03388315763293224
838,10,0.03772901501826076
838,11,0.04356975341776072
838,12,0.04467541787833084
839,1,0.03870299928133246
839,2,0.03900679518856414
839,3,0.04066515979203558
839,4,0.037941141457247
839,5,0.03883650383444938
839,6,0.03532511366559149
839,7,0.03502522156728912
839,8,0.033673085726629255
839,9,0.03547263781401015
839,10,0.03554997128304619
839,11,0.0404041326907214
839,12,0.03750049383724829
840,1,0.04008615093714873
840,2,0.039483368285008084
840,3,0.043201986534049455
840,4,0.04266334044419743
840,5,0.038242468366085525
840,6,0.03244695447771953
840,7,0.025443692388159488
840,8,0.027281928923187104
840,9,0.02956182434391199
840,10,0.03610023251721294
840,11,0.03927348050900464
840,12,0.03996558901291667
841,1,0.043683086404952595
841,2,0.041545717532996136
841,3,0.04687281000352052
841,4,0.04869850332559138
841,5,0.04246950485636698
841,6,0.03740239352719752
841,7,0.03050118395042894
841,8,0.03143406788092968
841,9,0.033986126062670846
841,10,0.037837228680832155
841,11,0.04360475919141076
841,12,0.04484168852887992
842,1,0.03770152141976586
842,2,0.03790968264358069
842,3,0.03853248521550366
842,4,0.0358789941242431
842,5,0.03699850130111273
842,6,0.034422932364779356
842,7,0.03372057484014539
842,8,0.032951243774436485
842,9,0.0341244526353154
842,10,0.03411998138237485
842,11,0.035839761901456914
842,12,0.03520757057642594
843,1,0.03632770617248647
843,2,0.03561225654658249
843,3,0.039603855427683264
843,4,0.040335386674082076
843,5,0.038875532336762844
843,6,0.03753760020559694
843,7,0.029476148206450576
843,8,0.031108211112787332
843,9,0.033581030500388166
843,10,0.033254047081706345
843,11,0.03674180243444661
843,12,0.036153672256902455
844,1,0.03930740025943858
844,2,0.03800253414686859
844,3,0.04177963158722838
844,4,0.0424209912803116
844,5,0.04156141888841969
844,6,0.04029232712231992
844,7,0.030937815445921533
844,8,0.032335868669477984
844,9,0.03584346721530479
844,10,0.035623629770668054
844,11,0.040160353007615994
844,12,0.03934299473914233
845,1,0.03468095885485256
845,2,0.03489220763368881
845,3,0.03951261441847579
845,4,0.03534853197735196
845,5,0.03184262684792106
845,6,0.03180322170083667
845,7,0.02858021439410605
845,8,0.02804947975149691
845,9,0.03154726931815465
845,10,0.032996395725795845
845,11,0.03711443157297893
845,12,0.03660575017860739
846,1,0.047163079373660564
846,2,0.046329174623791325
846,3,0.045180975594218464
846,4,0.04825706172799406
846,5,0.04839295200042775
846,6,0.04674825924576165
846,7,0.0361189073723768
846,8,0.03751486468924791
846,9,0.03957104950894218
846,10,0.04028190009940416
846,11,0.04932861157561582
846,12,0.04722874761011693
847,1,0.03838736918026882
847,2,0.038107136631404824
847,3,0.04667990897112361
847,4,0.04739041048328162
847,5,0.03986356620905505
847,6,0.03698189594347936
847,7,0.028394708355650774
847,8,0.028718035304262347
847,9,0.031892594224840254
847,10,0.033885018560920875
847,11,0.038971137201503275
847,12,0.03907761161553591
848,1,0.046185550069923795
848,2,0.04485938448769914
848,3,0.04940432344966638
848,4,0.05198523575327175
848,5,0.04290521690630179
848,6,0.04283367401714241
848,7,0.0312858601992644
848,8,0.03228877795518815
848,9,0.03385054646188042
848,10,0.03908096154398148
848,11,0.04376925001868158
848,12,0.04581343336279215
849,1,0.04068493426264695
849,2,0.0408015433704729
849,3,0.045896375271485414
849,4,0.043782430546092446
849,5,0.03991249712213181
849,6,0.0327564778697057
849,7,0.027102294791517653
849,8,0.028534831817428302
849,9,0.030668798629043155
849,10,0.03734232263698874
849,11,0.03954269992807329
849,12,0.041804419135324
850,1,0.04703461539692896
850,2,0.046281919636310474
850,3,0.04774002101601896
850,4,0.049249997709259426
850,5,0.048114765080657804
850,6,0.045314334353954
850,7,0.034792158846989135
850,8,0.0360961906483445
850,9,0.03873011173218508
850,10,0.0390691933393997
850,11,0.04088686601483903
850,12,0.04566996471836155
851,1,0.041886807854235875
851,2,0.04077904681561842
851,3,0.045615273588031906
851,4,0.04498548934438618
851,5,0.04013646288102284
851,6,0.03421163969441627
851,7,0.027663776623264812
851,8,0.029107747056151687
851,9,0.031885488316811664
851,10,0.03753753979999871
851,11,0.04114485590845859
851,12,0.04239713968047892
852,1,0.040599669855994856
852,2,0.04057479038273915
852,3,0.04462358810372132
852,4,0.04494563280850212
852,5,0.03966876926057401
852,6,0.03312487626271828
852,7,0.028009895462106135
852,8,0.028485019393003932
852,9,0.03144059975091957
852,10,0.03637175390325018
852,11,0.04090516637055583
852,12,0.041828385410061425
853,1,0.04138840679223884
853,2,0.03966583085436491
853,3,0.044756926201270364
853,4,0.04439070293253377
853,5,0.040527844020693364
853,6,0.03643907936463799
853,7,0.028982897307727455
853,8,0.029769572861356737
853,9,0.03250554905697469
853,10,0.03670411614913261
853,11,0.042645928928083
853,12,0.04350251383862443
854,1,0.040044047457282204
854,2,0.039506578247252316
854,3,0.047636698277070184
854,4,0.04717745632191069
854,5,0.0407642008132433
854,6,0.039223576029247025
854,7,0.029025902208299446
854,8,0.03019468915739985
854,9,0.03369031249012542
854,10,0.034963940557379634
854,11,0.0404008249157811
854,12,0.04109238290499338
855,1,0.03936966123186932
855,2,0.041190111183879906
855,3,0.04735005591208804
855,4,0.05088078969378369
855,5,0.043584113395871114
855,6,0.04012449607892124
855,7,0.03105649890172451
855,8,0.032999213658748035
855,9,0.034844786799986996
855,10,0.03463318917417918
855,11,0.03335997823751702
855,12,0.03722707788144603
856,1,0.04179167284704907
856,2,0.04028849085386614
856,3,0.04405969489577019
856,4,0.04487850552950526
856,5,0.0391701204701478
856,6,0.035937732409017584
856,7,0.02912023440287243
856,8,0.030949035319576462
856,9,0.03396326478001625
856,10,0.03670415955068998
856,11,0.04253008022275307
856,12,0.04225959974943536
857,1,0.04662424832389627
857,2,0.04584949413068483
857,3,0.04634446099708717
857,4,0.048778679883042214
857,5,0.04786063662460075
857,6,0.04557436165648672
857,7,0.03542635658821888
857,8,0.03654500472690546
857,9,0.039429367051953754
857,10,0.03959631676206556
857,11,0.04477931659838768
857,12,0.047012916856554385
858,1,0.03943583621598958
858,2,0.04035342994592411
858,3,0.045123772812058906
858,4,0.04437009031713101
858,5,0.04018048060222806
858,6,0.0332088252319043
858,7,0.02736592744828446
858,8,0.028509810077394657
858,9,0.030852821545729398
858,10,0.03663295350903031
858,11,0.04054149632778159
858,12,0.04100581691338966
859,1,0.039867255071096494
859,2,0.0406857079880489
859,3,0.044510750700740905
859,4,0.04127255310076089
859,5,0.03294923003900329
859,6,0.03411353267027372
859,7,0.02757201301781271
859,8,0.0278273671152301
859,9,0.033349425019012224
859,10,0.034391985378196085
859,11,0.04019147975138544
859,12,0.04210290862329849
860,1,0.04030523881086523
860,2,0.039872469388520175
860,3,0.04416549305034401
860,4,0.04496485882885048
860,5,0.03989625662923197
860,6,0.03487737127778263
860,7,0.02839203462936222
860,8,0.029616548923797687
860,9,0.032199731046731385
860,10,0.03628778896416865
860,11,0.04249747176907434
860,12,0.04076447177515859
861,1,0.03969574138360842
861,2,0.03817121134093138
861,3,0.04429003339948794
861,4,0.04386082836568785
861,5,0.042677424570089814
861,6,0.04208884384034718
861,7,0.030893970999048205
861,8,0.03256212356164961
861,9,0.03575134663870949
861,10,0.03619869489908587
861,11,0.04030978233468949
861,12,0.0399250567718268
862,1,0.046603467708715846
862,2,0.04522664217778736
862,3,0.04610798535241169
862,4,0.0484523023136045
862,5,0.0470624851676486
862,6,0.04584079055276143
862,7,0.034207799835974204
862,8,0.036461763282428096
862,9,0.03934448410533323
862,10,0.039774655900416955
862,11,0.04546383470746578
862,12,0.04841429028402665
863,1,0.0348267777222793
863,2,0.03530435532768403
863,3,0.03709620285990796
863,4,0.033417224620841776
863,5,0.03112259173576348
863,6,0.031446416615295084
863,7,0.02991981514936169
863,8,0.029565428352487724
863,9,0.030296714388737787
863,10,0.0314457284270163
863,11,0.03519822161476286
863,12,0.0354624110592726
864,1,0.039012901938472726
864,2,0.03935258135347004
864,3,0.042184127000186554
864,4,0.04135022213226418
864,5,0.03785635636401665
864,6,0.030924548411518805
864,7,0.02634748461072309
864,8,0.027112535254930504
864,9,0.0283075294396148
864,10,0.03556555434332784
864,11,0.0372737318270085
864,12,0.03944238566279665
865,1,0.03519081145422869
865,2,0.03412728056246599
865,3,0.0384934199679042
865,4,0.03389990576651814
865,5,0.031027091845302196
865,6,0.03162208999802673
865,7,0.028346289680287406
865,8,0.028245932402419523
865,9,0.03030985360375876
865,10,0.032815500843906935
865,11,0.03621487595606864
865,12,0.03722922770224894
866,1,0.035832216881322806
866,2,0.03479864730635744
866,3,0.04113917315442779
866,4,0.03653160901144518
866,5,0.03130636654572404
866,6,0.03213986549112084
866,7,0.02702587934813163
866,8,0.027446479176395016
866,9,0.029713370639535584
866,10,0.03234033045459165
866,11,0.03787323971808062
866,12,0.03761970944902973
867,1,0.04288173138250553
867,2,0.04126462321666844
867,3,0.047239925672456724
867,4,0.04764091410816351
867,5,0.04469872979150399
867,6,0.04214190366842182
867,7,0.031745432409620494
867,8,0.033092932460518344
867,9,0.03713466198892186
867,10,0.03766145077687043
867,11,0.042982859002067185
867,12,0.04311648545362249
868,1,0.04170475225395623
868,2,0.04161858907996843
868,3,0.04722596858000035
868,4,0.04893139914237248
868,5,0.0401356652803448
868,6,0.036859840209961615
868,7,0.029063563961156585
868,8,0.03006037347375239
868,9,0.031045807947329043
868,10,0.036496302569259655
868,11,0.03936813647191683
868,12,0.0419462262106625
869,1,0.03392268218943851
869,2,0.03446647937185536
869,3,0.036156860255794815
869,4,0.032751387072873575
869,5,0.03109128161340225
869,6,0.031515552617668384
869,7,0.02954568975976139
869,8,0.030102892283037194
869,9,0.029776870387617827
869,10,0.0310016550486288
869,11,0.034657786682356057
869,12,0.03506023341305652
870,1,0.04243440098786704
870,2,0.04103282015837979
870,3,0.046419738321464905
870,4,0.046434561493405864
870,5,0.04115437478869546
870,6,0.03771128866095688
870,7,0.02969732511686482
870,8,0.030185466974833198
870,9,0.0329304738740787
870,10,0.03681295584869117
870,11,0.0417864328055545
870,12,0.04346871363557531
871,1,0.0473669932087676
871,2,0.04764467166868453
871,3,0.04898986334252426
871,4,0.05072864862318727
871,5,0.04838116654734999
871,6,0.045908989827255275
871,7,0.03502458696152363
871,8,0.03709345034992497
871,9,0.03985102203939099
871,10,0.03881910836324249
871,11,0.040254255411915886
871,12,0.04460589266883016
872,1,0.03816581921655748
872,2,0.03834109662831572
872,3,0.03939537503382965
872,4,0.037142094714614646
872,5,0.03929046196948341
872,6,0.03569012010116389
872,7,0.03577943995282285
872,8,0.03412286063503079
872,9,0.035214098876892516
872,10,0.03549667499789382
872,11,0.037886178780678896
872,12,0.03618313553473716
873,1,0.04067743449038929
873,2,0.04034739164541595
873,3,0.04487918498185376
873,4,0.04080567183074778
873,5,0.032992618563709906
873,6,0.034251097241211226
873,7,0.027681712061277106
873,8,0.027839882692914413
873,9,0.031985535749433754
873,10,0.03422880495628366
873,11,0.04016990060825014
873,12,0.042210511483348964
874,1,0.03809607414567396
874,2,0.03989796463657287
874,3,0.045603845919920526
874,4,0.04772473893249198
874,5,0.04320608588774016
874,6,0.039997236955033995
874,7,0.03126609969475118
874,8,0.033239960648986336
874,9,0.034726921419868446
874,10,0.03371009408688229
874,11,0.03306815703428712
874,12,0.03590166779633001
875,1,0.04250350875088306
875,2,0.04177545766978349
875,3,0.04738757530784498
875,4,0.04933753207079531
875,5,0.041601337677226256
875,6,0.038565626449340557
875,7,0.029875049100135814
875,8,0.031194183340826003
875,9,0.03301593686943229
875,10,0.03819057474870618
875,11,0.04244207056951788
875,12,0.04312875954544173
876,1,0.04264441597854322
876,2,0.04121205536415281
876,3,0.04830072336213227
876,4,0.04957998958336068
876,5,0.04181250609286184
876,6,0.03769451222747115
876,7,0.0297643476498664
876,8,0.03149216272429399
876,9,0.03371809556189454
876,10,0.038039136370822194
876,11,0.04334030105689339
876,12,0.04390901805866432
877,1,0.040044030361636826
877,2,0.043265329121846115
877,3,0.05031090941792934
877,4,0.049421443782963224
877,5,0.04526435978307035
877,6,0.04153653976798568
877,7,0.032196554398681174
877,8,0.03360628877151348
877,9,0.037639207074704716
877,10,0.03660961686933916
877,11,0.035151585164104306
877,12,0.038133734738464826
878,1,0.048315971606408874
878,2,0.04415135941235616
878,3,0.050302061775125
878,4,0.048372704391457064
878,5,0.045899839628706265
878,6,0.04503743057672045
878,7,0.031979262280303455
878,8,0.0332317304974261
878,9,0.0370593611077636
878,10,0.040176793445802474
878,11,0.04801243015171851
878,12,0.04874839245855847
879,1,0.037348841216861065
879,2,0.03654273267899176
879,3,0.03960635679719092
879,4,0.0383690945604193
879,5,0.043928593500206614
879,6,0.03954064619222434
879,7,0.035033254329939464
879,8,0.035058510854455535
879,9,0.03575498838411702
879,10,0.03328184297501913
879,11,0.033754057021292444
879,12,0.03522655993284736
880,1,0.04757737904380294
880,2,0.04476417560184814
880,3,0.04478956105273279
880,4,0.045408573606263665
880,5,0.04708450628320959
880,6,0.04568090810842432
880,7,0.03569277412585235
880,8,0.03679254542603984
880,9,0.04012615620657144
880,10,0.040661176822812915
880,11,0.04997103365289497
880,12,0.04827609443991832
881,1,0.04871100568329919
881,2,0.04407943265144759
881,3,0.04603219278172572
881,4,0.045994469548430734
881,5,0.04828577431109122
881,6,0.04646156963826813
881,7,0.03440028679697979
881,8,0.036370406116235425
881,9,0.03970126682688404
881,10,0.04102392696071686
881,11,0.04713807184529591
881,12,0.04810147591544383
882,1,0.04058805174089477
882,2,0.040154134079987004
882,3,0.04574141459132544
882,4,0.04354387401436141
882,5,0.03918684516949044
882,6,0.03263637976823436
882,7,0.025944245076073853
882,8,0.027708485339663916
882,9,0.030004319735342927
882,10,0.03585781176892171
882,11,0.03893366450376966
882,12,0.04090797072876333
883,1,0.041751730827428175
883,2,0.0409170574035202
883,3,0.04507337538749146
883,4,0.04422226262420778
883,5,0.04025474003390051
883,6,0.033907226858004465
883,7,0.027847337277022176
883,8,0.02880903622711061
883,9,0.03133630935285843
883,10,0.03761899085404254
883,11,0.04118127316539496
883,12,0.04202357300524819
884,1,0.03921516649238965
884,2,0.04145989946843114
884,3,0.04920032948618213
884,4,0.047166989419946084
884,5,0.03440406409980539
884,6,0.03299732600036175
884,7,0.024134689271186963
884,8,0.025454972725944647
884,9,0.02687606180830326
884,10,0.03385655903060983
884,11,0.04160450077772167
884,12,0.04191998824783747
885,1,0.036920242547685
885,2,0.037619988287242286
885,3,0.04049280616373495
885,4,0.03672892046102734
885,5,0.034290602247415904
885,6,0.034129413406501774
885,7,0.029766942783113922
885,8,0.030138843552836986
885,9,0.033440777162336476
885,10,0.03410395419920353
885,11,0.0381799510811865
885,12,0.038679712592143096
886,1,0.043865512665560914
886,2,0.04263628947626673
886,3,0.04650941289614563
886,4,0.04709098975507521
886,5,0.04117269275838432
886,6,0.038250325957401556
886,7,0.030004235391978405
886,8,0.03066087702287944
886,9,0.03231455514663693
886,10,0.03793915320443676
886,11,0.04157313379469581
886,12,0.043421071174341845
887,1,0.04621423424130032
887,2,0.046323847849186695
887,3,0.0472708079840512
887,4,0.04823100872947592
887,5,0.04811752420512397
887,6,0.046526729995725095
887,7,0.035800087078022666
887,8,0.037279150796139617
887,9,0.04012346529964373
887,10,0.039671087833074034
887,11,0.04564439311626489
887,12,0.04706968638375736
888,1,0.039979659667744215
888,2,0.039409312397657395
888,3,0.04333618893565009
888,4,0.04259304503699712
888,5,0.038970236002919136
888,6,0.03282191049685456
888,7,0.027494027541994946
888,8,0.027941989372139115
888,9,0.031177277807537155
888,10,0.03562090735599406
888,11,0.04107897016746725
888,12,0.04083342299276686
889,1,0.0395687835107608
889,2,0.03942177321636776
889,3,0.04444450456776971
889,4,0.043849360671224455
889,5,0.03951646863172353
889,6,0.03310023704762316
889,7,0.027154754528807994
889,8,0.02832493993925797
889,9,0.031534178759942966
889,10,0.03611607846451742
889,11,0.040201146208223584
889,12,0.040622311915211595
890,1,0.03644407259164189
890,2,0.0351810082909762
890,3,0.04027846357244181
890,4,0.03584637356808751
890,5,0.03270199009074881
890,6,0.03244304830288814
890,7,0.027914598479450905
890,8,0.02845539662003282
890,9,0.03168724334975905
890,10,0.03337186327515011
890,11,0.037531568187362196
890,12,0.03797638805436906
891,1,0.0382031022394532
891,2,0.04190432093156151
891,3,0.0490780889790365
891,4,0.050485978389300086
891,5,0.04413118846309515
891,6,0.042012296486842376
891,7,0.033271481957567704
891,8,0.03569575329884419
891,9,0.03724525443606774
891,10,0.03447806584022334
891,11,0.033129526360088694
891,12,0.03581363682167971
892,1,0.04131340706993307
892,2,0.040062194119416444
892,3,0.04457147882051793
892,4,0.04576353523287942
892,5,0.0400644723702432
892,6,0.03475173389543748
892,7,0.028155241690419955
892,8,0.029889744893177757
892,9,0.03251574239877405
892,10,0.037137263162578905
892,11,0.043415170396990145
892,12,0.042336313901123065
893,1,0.04264955474447928
893,2,0.04459283307710317
893,3,0.05152911462626363
893,4,0.04957484463567315
893,5,0.045742934856754264
893,6,0.04388541555526196
893,7,0.03305965932277863
893,8,0.035187503183154625
893,9,0.03767799558918942
893,10,0.036156672383346404
893,11,0.03585603293094653
893,12,0.039741133417762524
894,1,0.042557090764956465
894,2,0.0445950528260738
894,3,0.05126494684299101
894,4,0.05002158523007149
894,5,0.04568444855618751
894,6,0.04239020732747679
894,7,0.03293041607348815
894,8,0.03540731056460824
894,9,0.03746529211129187
894,10,0.03680833783781026
894,11,0.035830973830886625
894,12,0.040189019032308246
895,1,0.03850520547236926
895,2,0.038656797715708985
895,3,0.04532847780563682
895,4,0.04903961058186941
895,5,0.041457461007950114
895,6,0.03818536356487637
895,7,0.02819003352474447
895,8,0.0294603835978487
895,9,0.03235379528137165
895,10,0.034303311662856655
895,11,0.03907482658688921
895,12,0.03992711305964549
896,1,0.03947198906251389
896,2,0.039614320960213015
896,3,0.049276798003081754
896,4,0.04815578973355027
896,5,0.04006426494717598
896,6,0.03722572549698811
896,7,0.028336697792893273
896,8,0.029095519504516797
896,9,0.0316686660845006
896,10,0.03487395158566796
896,11,0.03957734699116754
896,12,0.040482961119300935
897,1,0.04594384137277378
897,2,0.045214021499729994
897,3,0.04546119145466966
897,4,0.047614853384694865
897,5,0.047280023259486256
897,6,0.04532574180202985
897,7,0.03511292599600858
897,8,0.03614559909988843
897,9,0.03879449364794467
897,10,0.03936095159960384
897,11,0.046108009582143686
897,12,0.04697026106877733
898,1,0.04108647414876373
898,2,0.04069150735982067
898,3,0.04590953525322346
898,4,0.04851364869034307
898,5,0.04010322881288388
898,6,0.036887806894885945
898,7,0.028190261472457324
898,8,0.029854000258575247
898,9,0.03187623559611292
898,10,0.03626929814038966
898,11,0.03964860215502511
898,12,0.041345643352815445
899,1,0.03840372412991344
899,2,0.038127929966446567
899,3,0.04602019101124739
899,4,0.046454276655778365
899,5,0.039782294520050124
899,6,0.03711050538287688
899,7,0.028302111295137454
899,8,0.029771817092925642
899,9,0.032498476458361715
899,10,0.03409943129778977
899,11,0.0383777882323312
899,12,0.038859230341268904
900,1,0.047485554382595635
900,2,0.0458856397742809
900,3,0.046704273967730824
900,4,0.048676964022932444
900,5,0.04857193992681117
900,6,0.04555437584225027
900,7,0.03456130965714568
900,8,0.03654753132198699
900,9,0.03992766755236028
900,10,0.03989137675599001
900,11,0.04608846646721285
900,12,0.048745670988798666
901,1,0.036799417815219504
901,2,0.037056044038734526
901,3,0.04024112282753138
901,4,0.03631257696310798
901,5,0.03372458076854406
901,6,0.033621294834669725
901,7,0.030571310333204083
901,8,0.029601349285937245
901,9,0.03293533319913779
901,10,0.03422331524113746
901,11,0.03760206327976403
901,12,0.0385564879215333
902,1,0.04394544475656562
902,2,0.042588429579346165
902,3,0.046554501091202766
902,4,0.04571079349790561
902,5,0.04293147327041195
902,6,0.03678311558277981
902,7,0.028971928602006154
902,8,0.03018977735032429
902,9,0.031980187195035786
902,10,0.0376938561559756
902,11,0.04158423246585842
902,12,0.04369306988206575
903,1,0.03756302749282453
903,2,0.03707982523565576
903,3,0.04304635894639463
903,4,0.04221706301441332
903,5,0.038728646149094256
903,6,0.03677128735609027
903,7,0.030248468857033424
903,8,0.0316575976039684
903,9,0.03435213953563097
903,10,0.03483111393985153
903,11,0.03811774414450751
903,12,0.038672627911048585
904,1,0.044827956635400755
904,2,0.044216185650104066
904,3,0.04691332022651875
904,4,0.04826853786390996
904,5,0.041070898781639206
904,6,0.03847610738974401
904,7,0.03020847393951076
904,8,0.031018138548034185
904,9,0.031995831548460335
904,10,0.03772151930518772
904,11,0.04265086809256175
904,12,0.04393318131923122
905,1,0.03809218636334139
905,2,0.038098761040545374
905,3,0.04016004116297509
905,4,0.03991931229266752
905,5,0.04229243560779375
905,6,0.03909101180562526
905,7,0.03597791020553156
905,8,0.03497927689985342
905,9,0.03597155052115325
905,10,0.036080314273442354
905,11,0.0372889061041931
905,12,0.036784567719991355
906,1,0.03578722723418839
906,2,0.03577587736127194
906,3,0.03832596012307665
906,4,0.0347995207145584
906,5,0.03290464281557631
906,6,0.03294163360977947
906,7,0.0302752414570518
906,8,0.029124604462233254
906,9,0.032510370058405534
906,10,0.033388898576760424
906,11,0.03664145501620492
906,12,0.03709024108606577
907,1,0.04610297753557022
907,2,0.04541801576431872
907,3,0.04557895662740221
907,4,0.046666755110810296
907,5,0.04784316462448194
907,6,0.0457315812245002
907,7,0.03512815729911353
907,8,0.03642071915634219
907,9,0.03928754230436231
907,10,0.040125562079941654
907,11,0.04768397003131111
907,12,0.04858311029719005
908,1,0.04292375347392134
908,2,0.04258828352030695
908,3,0.04701639633214307
908,4,0.046916892710076624
908,5,0.04094999577261566
908,6,0.03655930914882954
908,7,0.029759414782741453
908,8,0.030862923726312365
908,9,0.03318953587508762
908,10,0.037491854748885334
908,11,0.04358665975471958
908,12,0.043877187175956574
909,1,0.04409570273890633
909,2,0.04110905584709606
909,3,0.04688657482554693
909,4,0.04669367193147948
909,5,0.04247364002816762
909,6,0.04020627297864802
909,7,0.03054496116052024
909,8,0.031444655122903994
909,9,0.03538978766156328
909,10,0.03666203620951816
909,11,0.04437664005973392
909,12,0.04565490641524373
910,1,0.04009436735358888
910,2,0.04018591591138623
910,3,0.043259049855550034
910,4,0.04383160702081647
910,5,0.03861722806077938
910,6,0.034155497280971926
910,7,0.027730503758962143
910,8,0.02888290307580322
910,9,0.03166088673507944
910,10,0.035949985291005356
910,11,0.04153047060182733
910,12,0.04082039245601675
911,1,0.04624578543294937
911,2,0.04664739446871769
911,3,0.05011874224710771
911,4,0.049615412365965
911,5,0.04636320637658996
911,6,0.04455148773206537
911,7,0.0332394762605414
911,8,0.035138581844038924
911,9,0.038202264072937524
911,10,0.037850227830105616
911,11,0.03719796448353803
911,12,0.0421798186925641
912,1,0.03533872543489805
912,2,0.03527683699192305
912,3,0.03728289301380507
912,4,0.033759455975355734
912,5,0.03195100537030124
912,6,0.03188139220965145
912,7,0.02933500361597606
912,8,0.030286536642624855
912,9,0.030668538351692778
912,10,0.03255121272071664
912,11,0.035906241958979554
912,12,0.03626535020950302
913,1,0.03567342650476612
913,2,0.03704753042232499
913,3,0.04027754867305433
913,4,0.03780389182772225
913,5,0.03562738764967563
913,6,0.02810500222552424
913,7,0.024696307221344624
913,8,0.0253841286794197
913,9,0.02722043511677846
913,10,0.032556755156601704
913,11,0.0352595346559108
913,12,0.03620859290216862
914,1,0.034912865352570696
914,2,0.035587731667809645
914,3,0.03782147617007876
914,4,0.03407036124281229
914,5,0.032073215348471844
914,6,0.032232226535078796
914,7,0.029210024545641297
914,8,0.0297397940850948
914,9,0.032647839324138526
914,10,0.03222029347952469
914,11,0.03593536138376171
914,12,0.03625698299195845
915,1,0.041048460540229946
915,2,0.04451048406738646
915,3,0.04939144523143943
915,4,0.048206861108849704
915,5,0.04557085825918742
915,6,0.04178258080521735
915,7,0.03203496566970118
915,8,0.03323270665951303
915,9,0.036642437993820415
915,10,0.036434111960869264
915,11,0.03484216775619475
915,12,0.03827665366535444
916,1,0.04270209685575343
916,2,0.04467302405528037
916,3,0.0499082801439258
916,4,0.04920671468358271
916,5,0.04558342919531526
916,6,0.04212006612874387
916,7,0.032848459989986874
916,8,0.035047848214219454
916,9,0.03650851480692906
916,10,0.03582467957524684
916,11,0.035512450199652094
916,12,0.03885211571504584
917,1,0.04104670875421069
917,2,0.04322785260387273
917,3,0.050735919761590614
917,4,0.049506723658981684
917,5,0.04522066699997648
917,6,0.043297422852677785
917,7,0.033510142372141095
917,8,0.035661850393477953
917,9,0.037478962194694564
917,10,0.035638821756407764
917,11,0.03455021709292461
917,12,0.03784353789499641
918,1,0.046789097394710016
918,2,0.0458458501464198
918,3,0.045239501506134844
918,4,0.047343216500697685
918,5,0.04824314475701618
918,6,0.046266356097412115
918,7,0.036277920942487114
918,8,0.03721470086373868
918,9,0.03993448619431048
918,10,0.040947258321527395
918,11,0.049295759906228656
918,12,0.047841756016072656
919,1,0.035069440945197705
919,2,0.03470163003445319
919,3,0.0390611889339763
919,4,0.034828693713172
919,5,0.031878953552418536
919,6,0.031741315865137426
919,7,0.02822769646645632
919,8,0.027338467303049643
919,9,0.03101087654527357
919,10,0.0328004936601034
919,11,0.0363209750213064
919,12,0.036732806254913736
920,1,0.037725208373102725
920,2,0.037736492962859934
920,3,0.04250551192918477
920,4,0.03987557689935538
920,5,0.03719550628333794
920,6,0.029066257112116224
920,7,0.025062439195079174
920,8,0.026135481243222583
920,9,0.027797615006242928
920,10,0.03491874429278995
920,11,0.03668507743488339
920,12,0.038080505001200235
921,1,0.040657462263813574
921,2,0.03938312361930564
921,3,0.04834227153983539
921,4,0.049534012046370576
921,5,0.04113091977982425
921,6,0.03870921418747793
921,7,0.028474417489418282
921,8,0.030104861357947026
921,9,0.033283224582145984
921,10,0.035210044126749274
921,11,0.04084760782539562
921,12,0.041270406945365976
922,1,0.047453728614635746
922,2,0.04487976559747493
922,3,0.044809600869969546
922,4,0.04548386021634346
922,5,0.04755772722460023
922,6,0.04576867793614332
922,7,0.03536337028535338
922,8,0.03620616922123509
922,9,0.04006401192969815
922,10,0.040724578998144294
922,11,0.049923958476176526
922,12,0.048416549036222306
923,1,0.04141076040477016
923,2,0.04019455477479283
923,3,0.044967054504717496
923,4,0.045147721358360704
923,5,0.04074555752022564
923,6,0.03609146492951062
923,7,0.028064044157273052
923,8,0.029819209901231786
923,9,0.03267122085913419
923,10,0.036251014865623286
923,11,0.04206941203611777
923,12,0.04313138680783835
924,1,0.033972188573544546
924,2,0.034653916521619525
924,3,0.0358073225404158
924,4,0.03279936852077423
924,5,0.03141355525194597
924,6,0.03081942931526712
924,7,0.029298989666904446
924,8,0.029438986362419484
924,9,0.029572173757669268
924,10,0.030886220731131335
924,11,0.03443360500478695
924,12,0.03539531569929979
925,1,0.0407872484846306
925,2,0.04041339253252419
925,3,0.0418602232186634
925,4,0.039953477880230896
925,5,0.042528902155259875
925,6,0.03721478451732867
925,7,0.035554481355860965
925,8,0.03409106027735102
925,9,0.03719048120716324
925,10,0.04218420220391395
925,11,0.04352831846096965
925,12,0.04038020928741622
926,1,0.041238408700776795
926,2,0.04075270893974675
926,3,0.04577043644374723
926,4,0.04597985689040588
926,5,0.04150218338797641
926,6,0.03660945350244337
926,7,0.02855230807735347
926,8,0.030058727971277063
926,9,0.032951975049970446
926,10,0.03703457914698905
926,11,0.042842796582679796
926,12,0.04263658009236395
927,1,0.047596767723590255
927,2,0.044370335279654484
927,3,0.045695105210000315
927,4,0.046778392573237765
927,5,0.04778444419618884
927,6,0.04513562534300458
927,7,0.03434698628771134
927,8,0.035915364201624216
927,9,0.03915038833433417
927,10,0.04023713392114904
927,11,0.04672709410147829
927,12,0.049606275240410794
928,1,0.04836704314638307
928,2,0.04600481196828932
928,3,0.0471734918353839
928,4,0.0472947012654303
928,5,0.047923771431974876
928,6,0.04525240343753183
928,7,0.03395680183897359
928,8,0.035843687462248176
928,9,0.03910593088647764
928,10,0.03951716474282528
928,11,0.04374983252004282
928,12,0.048950818138474614
929,1,0.03648357900349107
929,2,0.034865488244391694
929,3,0.04001982589385768
929,4,0.03487626095024256
929,5,0.031642664702601866
929,6,0.03175628846787832
929,7,0.028165673831725663
929,8,0.028348747511925287
929,9,0.029985301781806972
929,10,0.032945909369275626
929,11,0.0373381260713159
929,12,0.03772420138470355
930,1,0.04191514911865832
930,2,0.03958464972843397
930,3,0.042206316502379125
930,4,0.042343785494110504
930,5,0.044309607353515024
930,6,0.041576797730656534
930,7,0.03308143753487061
930,8,0.03472577078284702
930,9,0.03838665855249931
930,10,0.037947419049045104
930,11,0.044558742824565886
930,12,0.043056651923015714
931,1,0.03618237963354127
931,2,0.03650268754374867
931,3,0.03970582189201848
931,4,0.03602110071694324
931,5,0.03339289387951094
931,6,0.03368816386438384
931,7,0.030159858054913603
931,8,0.029600331057506327
931,9,0.03292681924149763
931,10,0.0336261955223244
931,11,0.03712600101908001
931,12,0.03844726272990552
932,1,0.04314983952104996
932,2,0.046054137490679124
932,3,0.05191572864983752
932,4,0.050937455549002565
932,5,0.045700376499300775
932,6,0.04441329989865068
932,7,0.03389774903739073
932,8,0.036461241400374225
932,9,0.038475782555232686
932,10,0.03719871257047533
932,11,0.03532354945795169
932,12,0.038822001691674886
933,1,0.03813265033273778
933,2,0.03875053420179668
933,3,0.04309118660420886
933,4,0.04160999290091372
933,5,0.038249914509310805
933,6,0.031448082189569945
933,7,0.026051147248768478
933,8,0.027306392838254746
933,9,0.02916807842399129
933,10,0.034978851693195645
933,11,0.03788664111121201
933,12,0.038276172135950075
934,1,0.0404505582824907
934,2,0.03938463663378359
934,3,0.04761804168139469
934,4,0.04802763058733581
934,5,0.04148240647737902
934,6,0.03932067528177276
934,7,0.02924008226811164
934,8,0.030671140493434057
934,9,0.03415225157383292
934,10,0.03515763399336591
934,11,0.040692851018069146
934,12,0.0415165857736394
935,1,0.04530866773206168
935,2,0.04444001662984257
935,3,0.04417254663627228
935,4,0.04528916952872761
935,5,0.046764180093190104
935,6,0.04566100066526934
935,7,0.03547835886974545
935,8,0.03598423499641918
935,9,0.039399558930815495
935,10,0.04011618704308757
935,11,0.04911082178759935
935,12,0.04686196587020749
936,1,0.04481119654981672
936,2,0.04413604540345281
936,3,0.04776309966670464
936,4,0.05096220647125657
936,5,0.041281250653329764
936,6,0.03990286237549342
936,7,0.030079734150230214
936,8,0.031075122493748004
936,9,0.033466779043926934
936,10,0.03838534822393065
936,11,0.04230577415295487
936,12,0.04431573445425155
937,1,0.041557688043121176
937,2,0.039928086579780475
937,3,0.04609180439911164
937,4,0.04679086066354319
937,5,0.04392966314885922
937,6,0.04095017598609588
937,7,0.03129264143480285
937,8,0.03264544742425289
937,9,0.03653676756201129
937,10,0.03711760761832433
937,11,0.041415330116184354
937,12,0.04190560985737108
938,1,0.03970960111766292
938,2,0.03873253838509252
938,3,0.04375056495683872
938,4,0.04326269312918968
938,5,0.03903588744748211
938,6,0.03365428670827793
938,7,0.027210874893431675
938,8,0.028162431469907878
938,9,0.030584963905662923
938,10,0.03514266133450213
938,11,0.03954261491686514
938,12,0.040400108204489374
939,1,0.040338780546184734
939,2,0.039432255719681696
939,3,0.04426662032466582
939,4,0.04500995656902664
939,5,0.03992792001907277
939,6,0.03587940550221115
939,7,0.028220457906201684
939,8,0.02997257130494725
939,9,0.03239631887654879
939,10,0.03594876715380749
939,11,0.04149447093148569
939,12,0.0419285725072105
940,1,0.036786320575534395
940,2,0.03885038911791475
940,3,0.043060861778001294
940,4,0.04111421497497701
940,5,0.0376053969304399
940,6,0.031899773050944116
940,7,0.026021215450194177
940,8,0.02701670766397238
940,9,0.029698401827669627
940,10,0.033392506675935116
940,11,0.036959009717474504
940,12,0.03743428891382935
941,1,0.03821470251493615
941,2,0.04177846364226718
941,3,0.04742856938282969
941,4,0.05141595087507548
941,5,0.04479728992796914
941,6,0.04223295016333944
941,7,0.03395504192553944
941,8,0.03573214807176381
941,9,0.03722289756662031
941,10,0.034872491094486036
941,11,0.033068625427877044
941,12,0.035793789014429
942,1,0.043189668929975396
942,2,0.04116258464099744
942,3,0.047037648499678564
942,4,0.0469137542689017
942,5,0.04396580914278033
942,6,0.04118507982214232
942,7,0.03171180096328943
942,8,0.03275031932922719
942,9,0.03619315936055626
942,10,0.03743893458228566
942,11,0.04515772983278281
942,12,0.04599293628051577
943,1,0.039833496192157127
943,2,0.04213089089583692
943,3,0.04954655158920475
943,4,0.04758241427444432
943,5,0.04403035439620264
943,6,0.04099156650941668
943,7,0.03149705695071043
943,8,0.034267740005358746
943,9,0.036742521763853314
943,10,0.03473514585514101
943,11,0.03443675002717822
943,12,0.03714561944032917
944,1,0.04641307360924709
944,2,0.042378770469532125
944,3,0.044172615537336944
944,4,0.04467794835745291
944,5,0.04727621196167043
944,6,0.04516042582884899
944,7,0.033665240580220496
944,8,0.03518028787117518
944,9,0.03896445557239466
944,10,0.03965576753480519
944,11,0.04570722695059418
944,12,0.04604749606230183
945,1,0.03865508793125933
945,2,0.03876713625993801
945,3,0.04230726784432414
945,4,0.037973175465328135
945,5,0.0341644622815798
945,6,0.03450152763600555
945,7,0.028928561213410826
945,8,0.02980984586475937
945,9,0.03351055487403703
945,10,0.03456381914654001
945,11,0.038579844354232014
945,12,0.04012377117123731
946,1,0.03941987452979146
946,2,0.039668677778038924
946,3,0.044951696661739114
946,4,0.044433425583321334
946,5,0.039792424005522804
946,6,0.03178244420867644
946,7,0.02693577651410848
946,8,0.0271932555182435
946,9,0.030016802384303227
946,10,0.03580884469911962
946,11,0.03991166387930867
946,12,0.04011549848284251
947,1,0.034396232265159976
947,2,0.035059684820756616
947,3,0.03730609653403306
947,4,0.032865123540405945
947,5,0.03186095186360986
947,6,0.03184265817980284
947,7,0.028221978867587722
947,8,0.029484583518692306
947,9,0.031385572917360036
947,10,0.031891429216821816
947,11,0.03556943742694285
947,12,0.035798194348852765
948,1,0.04315959333415167
948,2,0.041679173051106064
948,3,0.04497994031558796
948,4,0.04486148467087931
948,5,0.0416304173590894
948,6,0.0360524605824668
948,7,0.02826082076574433
948,8,0.028976246002506832
948,9,0.030972827230290066
948,10,0.0376529196092357
948,11,0.04126958147991756
948,12,0.04419201132342424
949,1,0.047867016330715224
949,2,0.04592903911446277
949,3,0.045943444661303914
949,4,0.0483963226489919
949,5,0.04843477602845925
949,6,0.04595111491422956
949,7,0.03464552459821486
949,8,0.03673284517227404
949,9,0.03983802931077045
949,10,0.04028549742238623
949,11,0.04576292571135311
949,12,0.04844267282579816
950,1,0.03778955502228738
950,2,0.0365631584080678
950,3,0.04056831893359567
950,4,0.03609021745691426
950,5,0.03323789047993038
950,6,0.033356023803040126
950,7,0.02889995644923777
950,8,0.02894722174186282
950,9,0.03299929970599176
950,10,0.03379163700332176
950,11,0.039228943219196476
950,12,0.03913964824725031
951,1,0.03477765463636965
951,2,0.03598003798052848
951,3,0.037225867693227735
951,4,0.03365052364613836
951,5,0.03168657779409229
951,6,0.0323566540840737
951,7,0.029268408770172425
951,8,0.029362687395204545
951,9,0.03201673806616962
951,10,0.03267131125800289
951,11,0.03549919757347669
951,12,0.03604830034029532
952,1,0.03563559004724915
952,2,0.03606133990244046
952,3,0.03718349807137149
952,4,0.03265933302523987
952,5,0.031824370214712204
952,6,0.03209154894423703
952,7,0.029869212267064845
952,8,0.030201608077260352
952,9,0.031881352891451775
952,10,0.03210069715732389
952,11,0.034687173536554906
952,12,0.035752625914064654
953,1,0.04579578712196157
953,2,0.04455488510529087
953,3,0.04884315049556878
953,4,0.05193178862802634
953,5,0.0426742808554401
953,6,0.04343301283110871
953,7,0.031546312714643324
953,8,0.03171489020243907
953,9,0.034343906027688074
953,10,0.039136441250036964
953,11,0.043882259808920174
953,12,0.04560513633757481
954,1,0.0400178325963627
954,2,0.03961751502116004
954,3,0.04452728970517922
954,4,0.043978277286209025
954,5,0.03926825016688618
954,6,0.033797306046365584
954,7,0.027811396155595067
954,8,0.028212504874097422
954,9,0.031217901546039196
954,10,0.0360636598655974
954,11,0.03977250988950549
954,12,0.04107191960431773
955,1,0.047104986590883136
955,2,0.04506929430331746
955,3,0.04577251847090845
955,4,0.04571563620853284
955,5,0.047993032678794574
955,6,0.04596358411347446
955,7,0.03448198551235763
955,8,0.0365354192921171
955,9,0.03995105624870136
955,10,0.040410978213299364
955,11,0.047196622043537605
955,12,0.04958072294568048
956,1,0.03642410650278852
956,2,0.035247632173796804
956,3,0.03934800024130868
956,4,0.03905797383287425
956,5,0.038624436697728595
956,6,0.03708243330281359
956,7,0.030494999976752597
956,8,0.031449214484403104
956,9,0.03475756754634392
956,10,0.034431883226171175
956,11,0.03785691581665234
956,12,0.0372780744168042
957,1,0.03598603433600269
957,2,0.037217695889307637
957,3,0.04020573233031139
957,4,0.038676028578213714
957,5,0.035319611865698736
957,6,0.028588936833155283
957,7,0.024814603892454348
957,8,0.02611683096818136
957,9,0.02730204223014429
957,10,0.03332706463762733
957,11,0.035485961891101744
957,12,0.03674546712171911
958,1,0.04160623976757088
958,2,0.041028606975297706
958,3,0.04560988697279088
958,4,0.04549573131728367
958,5,0.04095843956722732
958,6,0.03670786807035836
958,7,0.029030756987276893
958,8,0.029902556068319198
958,9,0.03233267932663839
958,10,0.03658684580319358
958,11,0.042010851835652764
958,12,0.043366552379750886
959,1,0.039274708132744016
959,2,0.03984340331544658
959,3,0.04442777033697224
959,4,0.04178247835545076
959,5,0.03879439771182846
959,6,0.03088284516682371
959,7,0.026093465198509854
959,8,0.02747349606274865
959,9,0.029589606410120057
959,10,0.03533707075336033
959,11,0.038162291186027604
959,12,0.03927491318393343
960,1,0.04692661845265985
960,2,0.04166494607727245
960,3,0.04343853972147227
960,4,0.04390950848298924
960,5,0.047025969648806155
960,6,0.044930908778869745
960,7,0.03428474822694503
960,8,0.03571379632718679
960,9,0.03894310129631259
960,10,0.04073607653266865
960,11,0.04788132116002273
960,12,0.04700475370904316
961,1,0.04448319622613466
961,2,0.04208489296027632
961,3,0.047286622131179325
961,4,0.047409791280482214
961,5,0.04449623918872508
961,6,0.043175522114758766
961,7,0.03128266203528165
961,8,0.03327422312101189
961,9,0.036163843887264756
961,10,0.03727453199635377
961,11,0.04412843371385578
961,12,0.04561366725569852
962,1,0.043927560403452984
962,2,0.04159759521337605
962,3,0.04826833470189151
962,4,0.047748387999740564
962,5,0.04439952813736635
962,6,0.04215894688637566
962,7,0.03142498016264501
962,8,0.03278439614861262
962,9,0.035843114643017815
962,10,0.03770261454565142
962,11,0.04390882957764936
962,12,0.04479083172611556
963,1,0.04691790290884626
963,2,0.04450223435884183
963,3,0.04539512079974013
963,4,0.04538821932467303
963,5,0.047741870997103
963,6,0.04603858813114424
963,7,0.034472026554830316
963,8,0.03545890643473579
963,9,0.03912609046437378
963,10,0.04032767267857536
963,11,0.04671392034519983
963,12,0.04947632051108725
964,1,0.035587621025792174
964,2,0.036183272700861066
964,3,0.03792299124691847
964,4,0.0333504858234842
964,5,0.031827593608591304
964,6,0.03263252718218572
964,7,0.02957040869547492
964,8,0.029717454059055622
964,9,0.03242766622120202
964,10,0.03268260869628725
964,11,0.03545364595274964
964,12,0.03653202921927246
965,1,0.03882688276920927
965,2,0.04000827783852547
965,3,0.04350570177202178
965,4,0.043582048321117284
965,5,0.03844577684862458
965,6,0.03357445767780134
965,7,0.027521706657854094
965,8,0.02869267738859759
965,9,0.030903852763300134
965,10,0.03553779773027317
965,11,0.04061262544582628
965,12,0.041099509748459585
966,1,0.03697756455499547
966,2,0.03666962488433606
966,3,0.03873149267355195
966,4,0.03382669068071481
966,5,0.03249852432460842
966,6,0.03268730450151488
966,7,0.029881946505038046
966,8,0.02971369590080693
966,9,0.032722301834056854
966,10,0.03368087607978627
966,11,0.036385094955129274
966,12,0.03845668892698988
967,1,0.03970087670330047
967,2,0.04118829503145655
967,3,0.04625113516958319
967,4,0.047245057840881004
967,5,0.0387567174472918
967,6,0.03529680028403352
967,7,0.02742693270072104
967,8,0.029083203686979215
967,9,0.030787710027637357
967,10,0.035414950469645254
967,11,0.03839606359970786
967,12,0.04005083674555851
968,1,0.03533394315407677
968,2,0.03611735008703816
968,3,0.038874889618083885
968,4,0.034775542579647
968,5,0.03311009343586881
968,6,0.03269098200811504
968,7,0.030434917012933178
968,8,0.029844025538503936
968,9,0.0329965280549332
968,10,0.03277313854676061
968,11,0.03582527736675131
968,12,0.03671603809522936
969,1,0.04633147891054768
969,2,0.046476892323886736
969,3,0.04522033657950386
969,4,0.049133597711149495
969,5,0.048282639155143796
969,6,0.04652439179597541
969,7,0.03655757542155718
969,8,0.0376060006447075
969,9,0.03956692840373675
969,10,0.039977663135318475
969,11,0.04823002389781783
969,12,0.047072517291243496
970,1,0.03837785329102113
970,2,0.0398281375917665
970,3,0.04273101400040147
970,4,0.0404580516408974
970,5,0.03772865402918231
970,6,0.029855275387361963
970,7,0.0260993496923845
970,8,0.026963696425312263
970,9,0.028431290882945492
970,10,0.03516475574737079
970,11,0.03766208506492864
970,12,0.03911620676232771
971,1,0.03542705222792101
971,2,0.035158426039311
971,3,0.039117736538845614
971,4,0.034714055780848144
971,5,0.032081890349287316
971,6,0.032561097968504066
971,7,0.028165929151701814
971,8,0.028264842487466895
971,9,0.03095087598474545
971,10,0.03290715876189364
971,11,0.037005432980585444
971,12,0.03758294519191138
972,1,0.04705268758201697
972,2,0.04318215811934122
972,3,0.04431399565387051
972,4,0.04441463789253984
972,5,0.0470823717548235
972,6,0.04534239874864722
972,7,0.03438396528441457
972,8,0.03664128909579057
972,9,0.039620878701683
972,10,0.04062238800293586
972,11,0.050149600777405365
972,12,0.04831157432192339
973,1,0.03827713261462799
973,2,0.03997967285638136
973,3,0.04751481737674666
973,4,0.045872965334459836
973,5,0.03495213370285106
973,6,0.03174021223815725
973,7,0.024229290529897297
973,8,0.024955890885365265
973,9,0.0263447208436539
973,10,0.03336271683787204
973,11,0.04092446920508345
973,12,0.039617702554568604
974,1,0.03865114856305241
974,2,0.03888692866077535
974,3,0.044266758104814334
974,4,0.04362464986338184
974,5,0.03871077858889288
974,6,0.03371791586863403
974,7,0.02684664817061286
974,8,0.028574009619581182
974,9,0.030963718082440805
974,10,0.03498200234976642
974,11,0.0391119015594379
974,12,0.03933909726998526
975,1,0.042851051133816695
975,2,0.04138519592036189
975,3,0.04625727768911441
975,4,0.046987369331513075
975,5,0.0410555952294265
975,6,0.035675372031281676
975,7,0.0299884410609146
975,8,0.030981220169499987
975,9,0.033461477531273355
975,10,0.037383673295129746
975,11,0.04331458282745133
975,12,0.04342352884829844
976,1,0.03787787364693468
976,2,0.036891486624819815
976,3,0.040725361543161066
976,4,0.03601624505442328
976,5,0.03343030784320819
976,6,0.03331795363834638
976,7,0.02895679551076983
976,8,0.029292357894654678
976,9,0.032739894137078854
976,10,0.03433554004169465
976,11,0.03918232092357122
976,12,0.03979271298097602
977,1,0.036658465675107
977,2,0.037412854896429565
977,3,0.03948993712247967
977,4,0.037133060148437876
977,5,0.03147032224379488
977,6,0.025734224516777798
977,7,0.02290797382280629
977,8,0.022940271104617285
977,9,0.02490095823464695
977,10,0.02982747539461618
977,11,0.032947025826906194
977,12,0.03556515852288382
978,1,0.03801768723998715
978,2,0.037292525605448205
978,3,0.03900908985159072
978,4,0.036983494342264805
978,5,0.03810992623871081
978,6,0.03619441480092425
978,7,0.03411343331118438
978,8,0.03390381665033674
978,9,0.03464650757728143
978,10,0.03860856098462459
978,11,0.03806996075597202
978,12,0.03665784102854302
979,1,0.03983523361575677
979,2,0.03911270359438079
979,3,0.04336125497504035
979,4,0.04326376022358031
979,5,0.0386970871674565
979,6,0.03344389682794268
979,7,0.027521119113766434
979,8,0.02865694255485662
979,9,0.031162587736066165
979,10,0.03470764429434287
979,11,0.04051217692637393
979,12,0.04012564015500818
980,1,0.038938933631432165
980,2,0.0392937103001198
980,3,0.04357699224702424
980,4,0.043115639754227206
980,5,0.0387689360739239
980,6,0.03306732515125877
980,7,0.026917255592469526
980,8,0.028308285085354077
980,9,0.030867367366592312
980,10,0.03543430590777868
980,11,0.03972116236196489
980,12,0.040450002833847934
981,1,0.03853619789064274
981,2,0.03826159266649017
981,3,0.04268526994167737
981,4,0.04526465565753036
981,5,0.04168595919753013
981,6,0.03986874314538564
981,7,0.030760074534767937
981,8,0.032948202670917144
981,9,0.03536161379069278
981,10,0.035860287686924376
981,11,0.039694318096844705
981,12,0.0397545107843346
982,1,0.03673926634139277
982,2,0.035753617101155634
982,3,0.04152809722508464
982,4,0.03615324879445034
982,5,0.03160034461164404
982,6,0.03144232842596635
982,7,0.028162856610589277
982,8,0.02824080659534614
982,9,0.030102067437634307
982,10,0.03371531878614103
982,11,0.03810881159780285
982,12,0.03803097955642265
983,1,0.04656064918240903
983,2,0.0431704705714055
983,3,0.04958073057009137
983,4,0.048925492002183185
983,5,0.04536244261592216
983,6,0.04487076465350193
983,7,0.031069410636670073
983,8,0.03241634937963629
983,9,0.03665522043149814
983,10,0.038797215311997736
983,11,0.04635760666953333
983,12,0.04769151085769566
984,1,0.039196882193503375
984,2,0.038798197821562325
984,3,0.0430094979331093
984,4,0.043695437789259835
984,5,0.03913359556830981
984,6,0.03414017437160848
984,7,0.027522132117236822
984,8,0.02885059577570336
984,9,0.03126259269176432
984,10,0.03515181457750817
984,11,0.04044436622964224
984,12,0.03977615274507934
985,1,0.03961529455667094
985,2,0.039484810086306124
985,3,0.04464385182392753
985,4,0.0431281381101962
985,5,0.039797634599387524
985,6,0.03197052289585832
985,7,0.026633240681426133
985,8,0.02788545319048187
985,9,0.02986854521220555
985,10,0.03592662597327472
985,11,0.03924958606161083
985,12,0.04015666608230586
986,1,0.046904516726766474
986,2,0.04480265544943003
986,3,0.04477328204841787
986,4,0.04581578063188774
986,5,0.04712384451680203
986,6,0.04521131931680803
986,7,0.035788461691194005
986,8,0.03584355475305345
986,9,0.03930715146722025
986,10,0.04059981945679941
986,11,0.04938145983176609
986,12,0.04790428929343735
987,1,0.035910142099244376
987,2,0.03487025305799062
987,3,0.038708546460022586
987,4,0.03428030266526212
987,5,0.03144145522423974
987,6,0.03126567867991625
987,7,0.02907463353629509
987,8,0.02848143644335587
987,9,0.03085159442408667
987,10,0.033091353289333894
987,11,0.036586469164495844
987,12,0.037402858016818925
988,1,0.034945428913247575
988,2,0.0342775065863769
988,3,0.03857372614026077
988,4,0.03937364380947904
988,5,0.03832274561298326
988,6,0.036910191359657736
988,7,0.029243852034750623
988,8,0.03034152399704491
988,9,0.033835472659514816
988,10,0.03259594570693846
988,11,0.0359497652453899
988,12,0.03537660782525198
989,1,0.04098374126604431
989,2,0.04355805564551709
989,3,0.05041010863067663
989,4,0.04987392885597308
989,5,0.04621120809092707
989,6,0.043837430129202395
989,7,0.03444612269690826
989,8,0.03689355261876045
989,9,0.03812873383677415
989,10,0.03617402104435621
989,11,0.03468331817077105
989,12,0.03738903524096978
990,1,0.03865647025342042
990,2,0.03905128273471678
990,3,0.0424864571263717
990,4,0.038897999436607704
990,5,0.03295814481482238
990,6,0.0344466280387595
990,7,0.028370076541991085
990,8,0.0287493741217575
990,9,0.03275842752606955
990,10,0.03405389189501853
990,11,0.03942967786679081
990,12,0.04095936330498294
991,1,0.03515233248413278
991,2,0.03530399751862566
991,3,0.03768183278017958
991,4,0.03327510659120783
991,5,0.03257265530901566
991,6,0.03189867496383813
991,7,0.029650294648759287
991,8,0.030200843370414697
991,9,0.031194567647030505
991,10,0.032417853370419546
991,11,0.03586786585563764
991,12,0.036046217286963646
992,1,0.04170114919424893
992,2,0.039941034309226235
992,3,0.048103084760845134
992,4,0.04679629674518035
992,5,0.04129109917121929
992,6,0.03846937303059339
992,7,0.029462670921529367
992,8,0.030398534546818578
992,9,0.03437834602584993
992,10,0.03614100772449481
992,11,0.04225973220992521
992,12,0.04369123885367268
993,1,0.041267611180721156
993,2,0.041054813532748737
993,3,0.04479260621236303
993,4,0.043242733306952885
993,5,0.03966596691935106
993,6,0.03401682594296237
993,7,0.02754848439995456
993,8,0.02943486613310316
993,9,0.030735740044680205
993,10,0.03738766036264532
993,11,0.0393804321320953
993,12,0.04139858248423413
994,1,0.03726811845286903
994,2,0.035713679187631776
994,3,0.040910167410460156
994,4,0.03604802643788022
994,5,0.032273133033393415
994,6,0.03218885440822235
994,7,0.028160237633408646
994,8,0.028265434060672227
994,9,0.03157489996499132
994,10,0.033756083788401135
994,11,0.03789552408986725
994,12,0.038405740979780105
995,1,0.040895480231021485
995,2,0.04007277599821175
995,3,0.04573162350832808
995,4,0.04000772720564007
995,5,0.03284054160965048
995,6,0.03392334000116499
995,7,0.02723573612296195
995,8,0.027212864384448837
995,9,0.03195772796450731
995,10,0.03478725650128304
995,11,0.04131430274928491
995,12,0.04257041093452724
996,1,0.04642811892889079
996,2,0.04285235016886378
996,3,0.044209043871155665
996,4,0.04339797940703947
996,5,0.046908112112405524
996,6,0.04406929099884347
996,7,0.034586759254623164
996,8,0.03654444899476771
996,9,0.039185830027774315
996,10,0.04062998652412195
996,11,0.049735112985230076
996,12,0.04793453779748879
997,1,0.04432463429566057
997,2,0.0462783586606521
997,3,0.05128005519671809
997,4,0.051891289864317264
997,5,0.04635229182149555
997,6,0.04340160050199959
997,7,0.033936310133904385
997,8,0.0363461951218064
997,9,0.038385803211636225
997,10,0.036994022918528165
997,11,0.03570304807453683
997,12,0.03971312737512042
998,1,0.041153963593527035
998,2,0.04023874037471849
998,3,0.04480079449972968
998,4,0.04581633438136032
998,5,0.04062447558414249
998,6,0.035406223792431066
998,7,0.02866767750164616
998,8,0.029934340432074102
998,9,0.03267280229366417
998,10,0.03686526070785083
998,11,0.043166228336903284
998,12,0.04201989331809808
999,1,0.04304547408554949
999,2,0.04096788986515387
999,3,0.04779329763747473
999,4,0.04804573509338542
999,5,0.044047943799493276
999,6,0.041255572547484465
999,7,0.030178208086632807
999,8,0.03190496920604991
999,9,0.035040135346615986
999,10,0.03723314469336748
999,11,0.04361905352548361
999,12,0.045264957201192266
1000,1,0.0379139112108545
1000,2,0.037695291395200024
1000,3,0.04575750998133929
1000,4,0.04683465534670266
1000,5,0.03992294227329917
1000,6,0.03701506598553064
1000,7,0.027946174587105337
1000,8,0.02888064016521548
1000,9,0.031805077703018964
1000,10,0.03345270827558213
1000,11,0.038065175406110555
1000,12,0.03872592226830207
1001,1,0.04666408941523176
1001,2,0.046962674624159685
1001,3,0.04983045924565445
1001,4,0.05001664054008084
1001,5,0.04674529045221141
1001,6,0.043894442279242635
1001,7,0.0341506931901294
1001,8,0.03591981842115155
1001,9,0.03866560761750504
1001,10,0.03799902579894428
1001,11,0.037757024282166735
1001,12,0.04252008658786981
1002,1,0.047671607067971175
1002,2,0.04416347393418311
1002,3,0.04533035039839815
1002,4,0.045152083633117866
1002,5,0.047822792558250234
1002,6,0.045453127205289066
1002,7,0.03390509957265292
1002,8,0.035704026572704835
1002,9,0.03936022727997322
1002,10,0.040034451928502496
1002,11,0.046269311895823347
1002,12,0.04796677839940302
1003,1,0.03729161118243686
1003,2,0.038543831833317735
1003,3,0.04198456940142718
1003,4,0.0398429638888741
1003,5,0.037261995007256715
1003,6,0.0294725661647769
1003,7,0.02528143748583802
1003,8,0.026599110109825866
1003,9,0.02822288096819636
1003,10,0.03464470257567675
1003,11,0.03664466029930692
1003,12,0.03779589040185323
1004,1,0.04035839544042997
1004,2,0.04305161371473096
1004,3,0.05046687781108661
1004,4,0.049985914775617084
1004,5,0.04497389758543917
1004,6,0.04350355977450937
1004,7,0.0334862997913008
1004,8,0.03590150349454142
1004,9,0.037532799355235284
1004,10,0.03551108077841744
1004,11,0.03442320758191868
1004,12,0.03712613621109189
1005,1,0.038989066851046576
1005,2,0.03907104134159523
1005,3,0.047813525385078486
1005,4,0.04870706628076827
1005,5,0.03987427109441173
1005,6,0.036976679713762665
1005,7,0.027856316952633985
1005,8,0.02881209583207326
1005,9,0.03106160331977107
1005,10,0.03437042974687625
1005,11,0.039097039460668025
1005,12,0.039794171889506874
1006,1,0.03721321476659822
1006,2,0.03674940109666001
1006,3,0.040478038818167375
1006,4,0.03648820681616577
1006,5,0.03355411962593123
1006,6,0.03405020715546274
1006,7,0.02937921223889722
1006,8,0.0288688572817478
1006,9,0.03335454712829347
1006,10,0.03425594363627064
1006,11,0.03753167436841848
1006,12,0.0389637167849262
1007,1,0.03847036678537654
1007,2,0.03862461710811982
1007,3,0.04384894918653472
1007,4,0.04081729025410073
1007,5,0.037795668320911364
1007,6,0.029346216798375666
1007,7,0.02469470783189411
1007,8,0.026840910657745045
1007,9,0.028857441612110412
1007,10,0.03464779112959109
1007,11,0.037597041597492206
1007,12,0.0385180959387754
1008,1,0.042805919196765296
1008,2,0.042278984779309095
1008,3,0.04600701165261756
1008,4,0.04500018673156754
1008,5,0.04083521536196235
1008,6,0.0366972256327652
1008,7,0.03023430600735906
1008,8,0.02892517061953902
1008,9,0.03296014755203273
1008,10,0.03825117506478335
1008,11,0.04102904583314943
1008,12,0.04344145108560293
1009,1,0.04626362699303828
1009,2,0.04293862635160602
1009,3,0.04359770989622668
1009,4,0.04432145583689602
1009,5,0.04750835681789283
1009,6,0.045136300881282995
1009,7,0.03502421345695345
1009,8,0.03631953888061434
1009,9,0.039666205442044494
1009,10,0.04054099899774152
1009,11,0.050706361621199916
1009,12,0.04822195116166039
1010,1,0.03766436447652127
1010,2,0.036622076510697925
1010,3,0.04066002886560256
1010,4,0.036416087163527754
1010,5,0.03307296538881127
1010,6,0.03394282344210887
1010,7,0.02929412733595596
1010,8,0.02868525154109764
1010,9,0.033046600786603327
1010,10,0.03391879814630173
1010,11,0.03951048915624024
1010,12,0.039887424592317915
1011,1,0.045768694743171315
1011,2,0.047717157255939724
1011,3,0.050178574830287447
1011,4,0.0502125089748679
1011,5,0.04735444918788208
1011,6,0.04476605501269327
1011,7,0.03357505564454163
1011,8,0.03568031261711442
1011,9,0.03920157314312292
1011,10,0.03823467425471822
1011,11,0.03671034201361341
1011,12,0.040666519096941384
1012,1,0.03873698003392569
1012,2,0.03896377287683408
1012,3,0.04384695298173129
1012,4,0.043328254557692826
1012,5,0.03877477359748391
1012,6,0.032879286294302895
1012,7,0.026585292881798554
1012,8,0.0277672895930751
1012,9,0.03004876991615802
1012,10,0.03475440955464547
1012,11,0.038566111859766154
1012,12,0.039337927511396205
1013,1,0.04265997497136495
1013,2,0.04113618606844278
1013,3,0.04472561402306012
1013,4,0.044789658540324476
1013,5,0.04012301852864156
1013,6,0.03616891100527463
1013,7,0.02842193955125174
1013,8,0.029284411387030175
1013,9,0.03133906690054752
1013,10,0.03809163089917972
1013,11,0.04157205147573641
1013,12,0.0432059225526074
1014,1,0.03632055979053043
1014,2,0.03533693284245177
1014,3,0.039208906068806844
1014,4,0.034140973912438664
1014,5,0.0318343854731398
1014,6,0.031953970759996786
1014,7,0.028360801667765046
1014,8,0.02878389365569303
1014,9,0.03128465366333511
1014,10,0.03334341378837081
1014,11,0.037528789065073134
1014,12,0.03757188026462159
1015,1,0.03866417113296798
1015,2,0.03904964726098179
1015,3,0.040897799549766696
1015,4,0.04075655563657187
1015,5,0.043034009060273645
1015,6,0.03664158178285018
1015,7,0.03593404689293621
1015,8,0.033599975292288926
1015,9,0.03585831365411166
1015,10,0.04050349129514713
1015,11,0.040402668867592154
1015,12,0.03826677797838545
1016,1,0.036140489872168995
1016,2,0.03682478045011056
1016,3,0.03859310985850808
1016,4,0.03463423396311895
1016,5,0.0322428408385924
1016,6,0.03278492482458345
1016,7,0.029579408815265787
1016,8,0.02921578466186262
1016,9,0.03244626596394468
1016,10,0.03322510036775611
1016,11,0.03602667218967457
1016,12,0.03740143025468587
1017,1,0.03858834992166272
1017,2,0.03866709052464246
1017,3,0.04675779030653977
1017,4,0.047424423198520055
1017,5,0.0394831575620004
1017,6,0.036768877202273335
1017,7,0.027861369382568
1017,8,0.028984278746243215
1017,9,0.03188182050731243
1017,10,0.03466268883502848
1017,11,0.03947718302998338
1017,12,0.04014956332168698
1018,1,0.0438417021232067
1018,2,0.040682332819761274
1018,3,0.04316004373335325
1018,4,0.044063049724682155
1018,5,0.04512060852376412
1018,6,0.04375976780287673
1018,7,0.032659230516605804
1018,8,0.034455988780735414
1018,9,0.03727511802655307
1018,10,0.038572202418185715
1018,11,0.04328790183364322
1018,12,0.04274201697570632
1019,1,0.04721749764464268
1019,2,0.04360325143050864
1019,3,0.04468883640555234
1019,4,0.044853409463834024
1019,5,0.04768504439529589
1019,6,0.045477191216782654
1019,7,0.03443023490233145
1019,8,0.03596574175514388
1019,9,0.039682518283945756
1019,10,0.04011090768148815
1019,11,0.04811104738991819
1019,12,0.0483926246012859
1020,1,0.04066533070339347
1020,2,0.04304427679350662
1020,3,0.04972794113324429
1020,4,0.04911229569117192
1020,5,0.04433571157634292
1020,6,0.04034308482209721
1020,7,0.03213259950401616
1020,8,0.03496472662111106
1020,9,0.03656918506737286
1020,10,0.035583715977724334
1020,11,0.0354714539470914
1020,12,0.03871039535105215
1021,1,0.03904134620627424
1021,2,0.0405554809651334
1021,3,0.04316694377561632
1021,4,0.0410098778111088
1021,5,0.034294045793520064
1021,6,0.026930799985439312
1021,7,0.02488525246900573
1021,8,0.024944597154064687
1021,9,0.027234160322447833
1021,10,0.03191543942341591
1021,11,0.03484540031066354
1021,12,0.03750034835622487
1022,1,0.04710391248165278
1022,2,0.044461184992074826
1022,3,0.044458770849847486
1022,4,0.045135799311611685
1022,5,0.047778965011859485
1022,6,0.0460839192769795
1022,7,0.03549499427254693
1022,8,0.037134855506280005
1022,9,0.040091225036014276
1022,10,0.04091774735511694
1022,11,0.050916670100673356
1022,12,0.04881441300056512
1023,1,0.04093914121498832
1023,2,0.04038441623794364
1023,3,0.0447748181056486
1023,4,0.04410038992158643
1023,5,0.03981827138304935
1023,6,0.03355814751523151
1023,7,0.027772657842629986
1023,8,0.028414349083612307
1023,9,0.0310941924496893
1023,10,0.03701295782530877
1023,11,0.04029139169137084
1023,12,0.04171391931729928
1024,1,0.04270305871686254
1024,2,0.0417071127176405
1024,3,0.04496833750269155
1024,4,0.044298742811429606
1024,5,0.040525937579688115
1024,6,0.03591592809237452
1024,7,0.027659718638412496
1024,8,0.030128322676739917
1024,9,0.031077346647446193
1024,10,0.037460406044483724
1024,11,0.04050160489439677
1024,12,0.04323836832627923
1025,1,0.044252204490651266
1025,2,0.04562050906558049
1025,3,0.05039502375346385
1025,4,0.052400138214105725
1025,5,0.04643144269585042
1025,6,0.04098006866309102
1025,7,0.03304658786429642
1025,8,0.034543727227024694
1025,9,0.03688510315771951
1025,10,0.03655424862317716
1025,11,0.036025873909241786
1025,12,0.04024392855017096
1026,1,0.04806837679470855
1026,2,0.04479300238999623
1026,3,0.04624707148014147
1026,4,0.04567813798196971
1026,5,0.047696794697358484
1026,6,0.0456316203765139
1026,7,0.03385415949291518
1026,8,0.03568829031703171
1026,9,0.039274523720211604
1026,10,0.04013017963647757
1026,11,0.04446710850962488
1026,12,0.04824374551188346
1027,1,0.047369370974992754
1027,2,0.04386445903328858
1027,3,0.044715262990671
1027,4,0.04449100397269131
1027,5,0.047686768111617255
1027,6,0.045406786056153656
1027,7,0.03461056609061103
1027,8,0.03608087930431608
1027,9,0.039711982941534114
1027,10,0.04058518158992579
1027,11,0.049597830480611005
1027,12,0.04803845276642129
1028,1,0.04571557859329549
1028,2,0.04566884297029681
1028,3,0.04507393842101143
1028,4,0.04806727756928585
1028,5,0.04655560903881783
1028,6,0.04561558868280228
1028,7,0.03544658065748389
1028,8,0.03602971041996466
1028,9,0.039148861961101684
1028,10,0.038838561684459365
1028,11,0.047046518628040886
1028,12,0.046876174365725165
1029,1,0.034651177549715896
1029,2,0.03454947669997541
1029,3,0.03930914310945985
1029,4,0.03941276825586831
1029,5,0.03900172366400175
1029,6,0.037682951725589
1029,7,0.029321655242387057
1029,8,0.031217763541558235
1029,9,0.03402080536638127
1029,10,0.03276107773141976
1029,11,0.03613173570181664
1029,12,0.03510709003787669
1030,1,0.04556242253481267
1030,2,0.04611612036061581
1030,3,0.045649543048033356
1030,4,0.048615493777883205
1030,5,0.04814560465742266
1030,6,0.045796763808655
1030,7,0.03539840823341757
1030,8,0.036540697778656414
1030,9,0.038922721302509004
1030,10,0.03900448884732524
1030,11,0.04602604700897206
1030,12,0.04588342836004481
1031,1,0.035709684509114915
1031,2,0.03670144503130322
1031,3,0.03774660285247679
1031,4,0.033170759303617646
1031,5,0.03213507794505359
1031,6,0.03210299924854724
1031,7,0.029977680425700905
1031,8,0.029888083773451278
1031,9,0.0321265977292131
1031,10,0.03253235102496201
1031,11,0.03560065078164334
1031,12,0.03639085969067111
1032,1,0.04361876465586164
1032,2,0.0413549675909848
1032,3,0.04333564945642841
1032,4,0.04114786257459986
1032,5,0.04253064614379154
1032,6,0.038763484717326685
1032,7,0.036126052797802746
1032,8,0.03479174088052928
1032,9,0.03803487324371024
1032,10,0.04371072119825025
1032,11,0.04376100954923208
1032,12,0.041544685317847975
1033,1,0.03670110849743957
1033,2,0.03742123177409511
1033,3,0.0397181404876089
1033,4,0.03597858873258545
1033,5,0.034156425981940415
1033,6,0.0336910630449343
1033,7,0.030186165835553558
1033,8,0.030462236117505776
1033,9,0.03319942537400568
1033,10,0.033870403397481895
1033,11,0.0375932764759899
1033,12,0.03816356985051043
1034,1,0.03856740780432537
1034,2,0.03910777292701976
1034,3,0.04245570812556144
1034,4,0.04131622832607632
1034,5,0.03740127180686907
1034,6,0.032226810817884144
1034,7,0.026927195991553275
1034,8,0.027335404630471256
1034,9,0.030132853593382768
1034,10,0.034690096631291065
1034,11,0.039308995618933695
1034,12,0.03992059671770959
1035,1,0.038722099311434874
1035,2,0.03873038340173194
1035,3,0.043576183699594824
1035,4,0.04217393082214379
1035,5,0.03900458214040988
1035,6,0.03196293538804878
1035,7,0.026936653621607177
1035,8,0.027681459804630007
1035,9,0.02964722045748036
1035,10,0.035478139359041434
1035,11,0.038144221452813216
1035,12,0.039760931057139084
1036,1,0.03595451815025941
1036,2,0.03547002950523715
1036,3,0.03884156751623605
1036,4,0.03424021068782493
1036,5,0.032233351006322644
1036,6,0.032324375816333774
1036,7,0.02872146488076962
1036,8,0.02864357092140563
1036,9,0.031111598279986448
1036,10,0.03324076355132634
1036,11,0.0373177117184419
1036,12,0.038315794216088134
1037,1,0.03759549466124987
1037,2,0.037771365103666556
1037,3,0.039314632286698806
1037,4,0.03908538562471332
1037,5,0.041748697742625046
1037,6,0.036792338935560595
1037,7,0.03484662586203271
1037,8,0.03330687951633771
1037,9,0.035471566098766415
1037,10,0.038605886073257004
1037,11,0.03831690901024832
1037,12,0.03592636202193117
1038,1,0.040947667209487074
1038,2,0.04051942720187312
1038,3,0.04411244516170114
1038,4,0.04587444502627615
1038,5,0.040514680615907746
1038,6,0.03554994755295689
1038,7,0.02838965649165028
1038,8,0.029626386851964462
1038,9,0.032672648530497436
1038,10,0.037156666353683504
1038,11,0.04292393374367919
1038,12,0.04236639041231455
1039,1,0.037564163620505533
1039,2,0.03763937533422441
1039,3,0.04005611143399649
1039,4,0.03854041479199319
1039,5,0.03960421226591804
1039,6,0.036670776092475495
1039,7,0.03438287190241611
1039,8,0.03319941907596448
1039,9,0.035093610287586605
1039,10,0.03805907944448059
1039,11,0.03910149870827533
1039,12,0.03693898791865682
1040,1,0.03849796314450687
1040,2,0.03954237720590125
1040,3,0.04268045857139605
1040,4,0.039345332837928584
1040,5,0.03320887387854206
1040,6,0.034941282441744666
1040,7,0.028852771210584133
1040,8,0.02934843083438871
1040,9,0.03408349916108192
1040,10,0.034627378564403566
1040,11,0.03983685827942156
1040,12,0.040710130021895906
1041,1,0.039599438375277
1041,2,0.03994971341182819
1041,3,0.04518217851086902
1041,4,0.04458923012943025
1041,5,0.03999214714562414
1041,6,0.03123804565553141
1041,7,0.02673674811552936
1041,8,0.027549265755029306
1041,9,0.030025017632582557
1041,10,0.03572744925615296
1041,11,0.04003715351534496
1041,12,0.04030448963396647
1042,1,0.041949191743015736
1042,2,0.04570777574133643
1042,3,0.051596430912846346
1042,4,0.051414527079103885
1042,5,0.04597345684364666
1042,6,0.04480418995173223
1042,7,0.03418514896149364
1042,8,0.03563107902364518
1042,9,0.03815669031032625
1042,10,0.03706105432226337
1042,11,0.035188221662391495
1042,12,0.03905537280569355
1043,1,0.038756124881122476
1043,2,0.03881617357663926
1043,3,0.039633413967469534
1043,4,0.037734734974567044
1043,5,0.03921531965785878
1043,6,0.03565627270637243
1043,7,0.034137248626091556
1043,8,0.03407683304260217
1043,9,0.035832671553611896
1043,10,0.03825460822123444
1043,11,0.0406736403900471
1043,12,0.0376808442463229
1044,1,0.04216474605820513
1044,2,0.043978411440294914
1044,3,0.05105138852088066
1044,4,0.04996481120744753
1044,5,0.044939711489554036
1044,6,0.04482805474902068
1044,7,0.03277248606016602
1044,8,0.0359563784028965
1044,9,0.03769605833302099
1044,10,0.03584132711662286
1044,11,0.03529336357226921
1044,12,0.03859484338610896
1045,1,0.04508954349864691
1045,2,0.04670342574528909
1045,3,0.050643423522979264
1045,4,0.050369481847575004
1045,5,0.045967303363483134
1045,6,0.043671246214586526
1045,7,0.03390847970973581
1045,8,0.036155872722529465
1045,9,0.038556522614508495
1045,10,0.03719535451566071
1045,11,0.03618927022903986
1045,12,0.04014875079697269
1046,1,0.04642302689818367
1046,2,0.043727294720113996
1046,3,0.04499663590890565
1046,4,0.04511827530640208
1046,5,0.04675219672711612
1046,6,0.04482817303208307
1046,7,0.034502977102760485
1046,8,0.035777420527847
1046,9,0.03932718042720634
1046,10,0.04031695462506441
1046,11,0.04926966791789135
1046,12,0.04807088388791533
1047,1,0.048402683258957545
1047,2,0.046592242416495205
1047,3,0.04836632669670535
1047,4,0.048298886046572086
1047,5,0.04732103146789152
1047,6,0.04468548328525729
1047,7,0.033063642108358625
1047,8,0.03584039708492028
1047,9,0.039030020270350296
1047,10,0.039721924121450446
1047,11,0.03931056596357486
1047,12,0.04392485932325129
1048,1,0.04023372855823326
1048,2,0.03984877712787869
1048,3,0.04467423530336047
1048,4,0.04261234475929836
1048,5,0.0398085544400233
1048,6,0.03164471435329587
1048,7,0.026685612883192128
1048,8,0.028274235422833922
1048,9,0.03032730326726977
1048,10,0.03659533566336768
1048,11,0.03944571108814434
1048,12,0.0401755923892472
1049,1,0.035181094998605035
1049,2,0.03538303935621079
1049,3,0.03762136303861857
1049,4,0.03339928945812657
1049,5,0.031869616914204056
1049,6,0.03171129064588738
1049,7,0.029483832108102084
1049,8,0.02958840759292344
1049,9,0.03108951628498602
1049,10,0.0324937835461485
1049,11,0.03578405078985208
1049,12,0.03616650841968917
1050,1,0.03671162245548945
1050,2,0.037251325576991866
1050,3,0.04192398906364738
1050,4,0.038655583577919685
1050,5,0.033211808606671056
1050,6,0.034859134594058
1050,7,0.02980247376435498
1050,8,0.028818107972494487
1050,9,0.033652526008641305
1050,10,0.034463171082667624
1050,11,0.03843760724442662
1050,12,0.03920851782385971
1051,1,0.039629988376984185
1051,2,0.039724256276336356
1051,3,0.04448803568627319
1051,4,0.04197866990676337
1051,5,0.03908985732152454
1051,6,0.03073137425140831
1051,7,0.025619262033517793
1051,8,0.027075021700567737
1051,9,0.02923272914322689
1051,10,0.03557170454164533
1051,11,0.03826129707499888
1051,12,0.039568357715915874
1052,1,0.03975733562537085
1052,2,0.037939488933808246
1052,3,0.04074913247553097
1052,4,0.04035740785252228
1052,5,0.042418447788142584
1052,6,0.04035280123070739
1052,7,0.032528134273502415
1052,8,0.03405961451316259
1052,9,0.0369190822037196
1052,10,0.03635306022983679
1052,11,0.042117921962213145
1052,12,0.040890326597017475
1053,1,0.04113233337167654
1053,2,0.04146978832096326
1053,3,0.04473431858289815
1053,4,0.0438740756823787
1053,5,0.03932655924293739
1053,6,0.03308468051929783
1053,7,0.02882754759136678
1053,8,0.02944069129146032
1053,9,0.031097649765102098
1053,10,0.03707622521860205
1053,11,0.04039629042471146
1053,12,0.04053467970561931
1054,1,0.03565791816481389
1054,2,0.03562333365230443
1054,3,0.03908324117358751
1054,4,0.03461621296618776
1054,5,0.03195474537865815
1054,6,0.03206322580923921
1054,7,0.028505606359866854
1054,8,0.028468959027689797
1054,9,0.031719356423370565
1054,10,0.03363704189353391
1054,11,0.036993529780654594
1054,12,0.03742391290500271
1055,1,0.03789519542495317
1055,2,0.03847213827721764
1055,3,0.04262771259745843
1055,4,0.040203805648754365
1055,5,0.03726917751066466
1055,6,0.02945076146578936
1055,7,0.025314934944932282
1055,8,0.026149997293785053
1055,9,0.0283269283920252
1055,10,0.034641813496793884
1055,11,0.03691647636098043
1055,12,0.03831677071983524
1056,1,0.041367107923130295
1056,2,0.04054566846771718
1056,3,0.045694800496766816
1056,4,0.04498230665139232
1056,5,0.040497535508480155
1056,6,0.03536259184336818
1056,7,0.02853533193909063
1056,8,0.02937128716998467
1056,9,0.03204582498204307
1056,10,0.03742105756763593
1056,11,0.04169597808984979
1056,12,0.04246439267086554
1057,1,0.03888452895307326
1057,2,0.038644076506766004
1057,3,0.04265265330032875
1057,4,0.03893974839750134
1057,5,0.033851183502088315
1057,6,0.03539978427133452
1057,7,0.02978158247168731
1057,8,0.02891253758397187
1057,9,0.03370130792230924
1057,10,0.034823015137623904
1057,11,0.03941464509986395
1057,12,0.040545328509034605
1058,1,0.039422059838372124
1058,2,0.038836651509182446
1058,3,0.04247357278629184
1058,4,0.041524940141885604
1058,5,0.03709385655522934
1058,6,0.03248850066019101
1058,7,0.02632772739105675
1058,8,0.027567734343761755
1058,9,0.02877599245786972
1058,10,0.03520260690771714
1058,11,0.03822146965231199
1058,12,0.03919703927731016
1059,1,0.039013767109349146
1059,2,0.04014115927550702
1059,3,0.045242371190529554
1059,4,0.042954218939605396
1059,5,0.03931661877530344
1059,6,0.03225248389842601
1059,7,0.026431009579956543
1059,8,0.027236579264933447
1059,9,0.02944551872559668
1059,10,0.03554245644716413
1059,11,0.037897688143028505
1059,12,0.040243239287588266
1060,1,0.042241582878948046
1060,2,0.04511979163811314
1060,3,0.05330570083208339
1060,4,0.05092349316243637
1060,5,0.04601154586208378
1060,6,0.04360496900163669
1060,7,0.03270198888616579
1060,8,0.03593013154423362
1060,9,0.037953689607013064
1060,10,0.036279420499268085
1060,11,0.03514849458677444
1060,12,0.03848525897493374
1061,1,0.04839200513126923
1061,2,0.04448692016111168
1061,3,0.04525565428467227
1061,4,0.045017752059540686
1061,5,0.04828942108232024
1061,6,0.04628282475163271
1061,7,0.03539259857151352
1061,8,0.03672644323830088
1061,9,0.04040174367246674
1061,10,0.040786248516673285
1061,11,0.05097985268050307
1061,12,0.04850706613038995
1062,1,0.040286986487728355
1062,2,0.040707305999976545
1062,3,0.04513158426816414
1062,4,0.04492831201385148
1062,5,0.04026774595583077
1062,6,0.03282253152112833
1062,7,0.0272694436984496
1062,8,0.028216594022958452
1062,9,0.030931843855938192
1062,10,0.035888694935348624
1062,11,0.04080638713682609
1062,12,0.041589211041304947
1063,1,0.03947878040641683
1063,2,0.03986933943472003
1063,3,0.04488220680107881
1063,4,0.04390270007108862
1063,5,0.03894460612606831
1063,6,0.03319597842206967
1063,7,0.026428656370364335
1063,8,0.027504751513774957
1063,9,0.030396168275154782
1063,10,0.03514459412031552
1063,11,0.03907404221872313
1063,12,0.04039167035558938
1064,1,0.037002147159662026
1064,2,0.03714631101472295
1064,3,0.04377254609548395
1064,4,0.04874482551542841
1064,5,0.040397075772899284
1064,6,0.03702747923580355
1064,7,0.028078767402527398
1064,8,0.028791531725822637
1064,9,0.03188943761267386
1064,10,0.033307073673771455
1064,11,0.037793092243360096
1064,12,0.03840353511600341
1065,1,0.0370366926220425
1065,2,0.03752340741471347
1065,3,0.04101672482906854
1065,4,0.039461556497736465
1065,5,0.03648838198037195
1065,6,0.028415891790058784
1065,7,0.025310062246159188
1065,8,0.026040993870757038
1065,9,0.028031198829680918
1065,10,0.034393377780735535
1065,11,0.0353652491096267
1065,12,0.03722061579902934
1066,1,0.038972477792808234
1066,2,0.037883602042493345
1066,3,0.04256293632270045
1066,4,0.04211176324552439
1066,5,0.041622273232189776
1066,6,0.039536164773554226
1066,7,0.031151755140351428
1066,8,0.032573279309715555
1066,9,0.03576454421623346
1066,10,0.035254776102873066
1066,11,0.0398707079179137
1066,12,0.039030175639764034
1067,1,0.047665804784166745
1067,2,0.04367980030267606
1067,3,0.045701268390770065
1067,4,0.04507165144366643
1067,5,0.048301749018142846
1067,6,0.04628911419004089
1067,7,0.0339732371127612
1067,8,0.03558791763307492
1067,9,0.03918114816105843
1067,10,0.03974264753446722
1067,11,0.045602691022488075
1067,12,0.047375011213334886
1068,1,0.043834682276728966
1068,2,0.042065861228902025
1068,3,0.046845891742308014
1068,4,0.048997087237406534
1068,5,0.04206421074721268
1068,6,0.03694150300870387
1068,7,0.029531626874424278
1068,8,0.03067623608404903
1068,9,0.03432615810836994
1068,10,0.03746003480301383
1068,11,0.04316031293425122
1068,12,0.044700733726659975
1069,1,0.04102962518419238
1069,2,0.04017660938166787
1069,3,0.04786164219479235
1069,4,0.049675266010708055
1069,5,0.04125363566970324
1069,6,0.037185650777145064
1069,7,0.027912918837274047
1069,8,0.029441985937447422
1069,9,0.03157359279302179
1069,10,0.035592010080590465
1069,11,0.0405303126419985
1069,12,0.04178085822613748
1070,1,0.03894296657345544
1070,2,0.03937602647238314
1070,3,0.04396124758873789
1070,4,0.041630565575196746
1070,5,0.038464441272331285
1070,6,0.03155371388513369
1070,7,0.02671026196825451
1070,8,0.02740526189292074
1070,9,0.02930663569640711
1070,10,0.03515482576846737
1070,11,0.03783512585494016
1070,12,0.03890512971330981
1071,1,0.04052014238785306
1071,2,0.042301530933069285
1071,3,0.049417705988227326
1071,4,0.0512300942901389
1071,5,0.04521240595816199
1071,6,0.04340512763712013
1071,7,0.03391477225581364
1071,8,0.03565621613176977
1071,9,0.03814170058575682
1071,10,0.03603132683815486
1071,11,0.03460358576860368
1071,12,0.03745791408542548
1072,1,0.043538510748021765
1072,2,0.041466309821677025
1072,3,0.047019333796322005
1072,4,0.0455246500654875
1072,5,0.04381847509275968
1072,6,0.042349823998096545
1072,7,0.03167580587072638
1072,8,0.03278013077619504
1072,9,0.03681907168970502
1072,10,0.037989638449769166
1072,11,0.044537278065942494
1072,12,0.04548576868938868
1073,1,0.044187265792443475
1073,2,0.048094703117033344
1073,3,0.05118276236941507
1073,4,0.05187063584647568
1073,5,0.04681598778691277
1073,6,0.044494838112576506
1073,7,0.034420409867820245
1073,8,0.036225523306792524
1073,9,0.03926195533051134
1073,10,0.03806144313608406
1073,11,0.036402765045799555
1073,12,0.04011661970792929
1074,1,0.036858657748262635
1074,2,0.0385768145339216
1074,3,0.041901109051378456
1074,4,0.04002147056437269
1074,5,0.03708663359755427
1074,6,0.029196561928020715
1074,7,0.02567328321820786
1074,8,0.02661610929409668
1074,9,0.02826345783473991
1074,10,0.03475027652561948
1074,11,0.03602163907692196
1074,12,0.037576652148777125
1075,1,0.04537295879513069
1075,2,0.044442536423915074
1075,3,0.04926941740759022
1075,4,0.05197888815501603
1075,5,0.04202862627534027
1075,6,0.041554669119858174
1075,7,0.030189488037441207
1075,8,0.03168540598264111
1075,9,0.033092530378870916
1075,10,0.03832244211509506
1075,11,0.04202500250326239
1075,12,0.04443834842798182
1076,1,0.042830161032133676
1076,2,0.041240102266303855
1076,3,0.045735374022753385
1076,4,0.04688407126345831
1076,5,0.04186910405246567
1076,6,0.036701151747091716
1076,7,0.02863030127340509
1076,8,0.030095591464116066
1076,9,0.032358895191097234
1076,10,0.03746955358863305
1076,11,0.04228895183764119
1076,12,0.043798062541126594
1077,1,0.0391170366060695
1077,2,0.039514800684564
1077,3,0.044544972047217725
1077,4,0.044106879242525356
1077,5,0.039064721508252805
1077,6,0.03144089262992169
1077,7,0.026535199106319768
1077,8,0.027349173609082067
1077,9,0.029812929081212424
1077,10,0.03557776812423084
1077,11,0.039522388838453694
1077,12,0.03998638625121082
1078,1,0.040074309782132715
1078,2,0.039399903635980525
1078,3,0.04884588563174427
1078,4,0.05030695270045691
1078,5,0.03977240404226903
1078,6,0.03681601070277966
1078,7,0.028810434759938375
1078,8,0.029655639645794898
1078,9,0.03246171389179315
1078,10,0.035581125544525596
1078,11,0.04007843897519427
1078,12,0.04113738594586247
1079,1,0.03712485606630795
1079,2,0.03640058887936817
1079,3,0.04149006478934298
1079,4,0.03758667936883985
1079,5,0.03325060387604078
1079,6,0.03433347358029048
1079,7,0.028740695259816176
1079,8,0.028127847995826762
1079,9,0.03254204769708584
1079,10,0.0336501670092637
1079,11,0.037561324841840805
1079,12,0.039307823628917264
1080,1,0.041986157026197214
1080,2,0.04102898886567076
1080,3,0.0479231068211582
1080,4,0.04849435454490914
1080,5,0.041851976221479695
1080,6,0.03803944736947085
1080,7,0.02948983742915031
1080,8,0.030667610949241163
1080,9,0.03267233563795966
1080,10,0.03690759385635888
1080,11,0.041860246392151385
1080,12,0.04282217900047624
1081,1,0.034755499941165086
1081,2,0.036335369188196305
1081,3,0.042441565529294095
1081,4,0.04234102248288324
1081,5,0.03524572254232421
1081,6,0.033265191401784126
1081,7,0.025899463559340304
1081,8,0.027126152755474302
1081,9,0.029299091296819804
1081,10,0.03191652891073361
1081,11,0.034533899036080166
1081,12,0.035116450236635656
1082,1,0.038410327443839376
1082,2,0.03631643509173062
1082,3,0.04023359159984485
1082,4,0.04033347666243086
1082,5,0.0399305762489806
1082,6,0.0378287689091475
1082,7,0.03143706251032561
1082,8,0.03278201376835357
1082,9,0.03575814849297369
1082,10,0.03554929332018761
1082,11,0.040420214390909565
1082,12,0.038576732247504714
1083,1,0.0420019406423738
1083,2,0.040349554857820796
1083,3,0.04492889695945264
1083,4,0.045072178070726956
1083,5,0.0425550257452837
1083,6,0.040414979564538975
1083,7,0.03168753417302405
1083,8,0.032877788846423464
1083,9,0.03640389030280273
1083,10,0.03687254221328246
1083,11,0.0423718722526032
1083,12,0.0433610438571005
1084,1,0.04295368278592214
1084,2,0.04108858955370637
1084,3,0.041720188882944396
1084,4,0.040873279122584844
1084,5,0.04266989259946442
1084,6,0.037794488017742246
1084,7,0.037134790130710374
1084,8,0.03390990329299491
1084,9,0.03689404250675824
1084,10,0.04223106104194789
1084,11,0.04215036388758195
1084,12,0.03989186640914705
1085,1,0.037666097582924205
1085,2,0.037885996012741646
1085,3,0.0419667314373848
1085,4,0.04089367719987411
1085,5,0.03742856535358796
1085,6,0.03025332030014457
1085,7,0.026177016292453156
1085,8,0.0266089186555504
1085,9,0.027762029234169244
1085,10,0.03507226234164221
1085,11,0.03711552391891023
1085,12,0.03822420722897868
1086,1,0.04550104197780105
1086,2,0.04527522412083432
1086,3,0.050656367044463434
1086,4,0.04979089121740669
1086,5,0.04483649213322545
1086,6,0.042689911397046615
1086,7,0.03335935149375314
1086,8,0.034640317435202295
1086,9,0.037539751125761356
1086,10,0.03805225996870125
1086,11,0.03761936872009758
1086,12,0.042412306717859304
1087,1,0.03968298631639928
1087,2,0.03923142047144895
1087,3,0.04452812186636496
1087,4,0.043591494316686366
1087,5,0.039195341533857515
1087,6,0.03394658275810827
1087,7,0.027973180657126548
1087,8,0.028551041463421547
1087,9,0.031071766966416805
1087,10,0.03620060441820741
1087,11,0.04028920504249264
1087,12,0.04110126034470237
1088,1,0.03745462494865596
1088,2,0.037516191835321074
1088,3,0.04119566419465438
1088,4,0.037190780074598105
1088,5,0.033331419554926654
1088,6,0.0332275764984864
1088,7,0.02932366996383564
1088,8,0.02882690705212093
1088,9,0.03267093307212274
1088,10,0.03436048006987988
1088,11,0.03896267280818671
1088,12,0.03977487036974067
1089,1,0.03818837500128165
1089,2,0.03715469822927164
1089,3,0.042759204833702234
1089,4,0.037798493463821144
1089,5,0.03312147079549738
1089,6,0.034151100720299345
1089,7,0.028206037308013094
1089,8,0.028616267874953152
1089,9,0.0320040258087253
1089,10,0.03400151092623699
1089,11,0.03866718827766416
1089,12,0.039705630941493965
1090,1,0.04100332536200366
1090,2,0.03981140963068354
1090,3,0.04517845165635834
1090,4,0.04539023552975845
1090,5,0.04071332602698791
1090,6,0.03536301060092055
1090,7,0.029041453272140437
1090,8,0.02950755880919221
1090,9,0.03230590984870294
1090,10,0.036263084809845636
1090,11,0.041759475880217535
1090,12,0.0414482745319209
1091,1,0.03957200455889062
1091,2,0.039882961185563705
1091,3,0.04012998935087649
1091,4,0.03876679092007047
1091,5,0.040893473084636846
1091,6,0.03684646169088321
1091,7,0.03502024436344171
1091,8,0.03303146167997579
1091,9,0.036536871501787846
1091,10,0.04087801057782536
1091,11,0.04165037179449429
1091,12,0.03889032224610116
1092,1,0.03652753501917786
1092,2,0.038033133033155885
1092,3,0.04143804738277462
1092,4,0.039012704017452195
1092,5,0.03549335435257124
1092,6,0.02915935200681768
1092,7,0.025208515726204535
1092,8,0.026049069361095082
1092,9,0.028037850923468954
1092,10,0.03325691249582682
1092,11,0.03600762853335651
1092,12,0.03758928719120928
1093,1,0.03802465038548824
1093,2,0.03709775465574922
1093,3,0.03904162066867129
1093,4,0.038140537180686954
1093,5,0.030163188418050435
1093,6,0.024670828599810683
1093,7,0.024464540366459266
1093,8,0.02407797031097127
1093,9,0.02582237026972195
1093,10,0.03103094807662206
1093,11,0.032697591582052356
1093,12,0.03657824656232097
1094,1,0.03987045798738555
1094,2,0.04280372713743268
1094,3,0.04948381158753485
1094,4,0.04844222552219631
1094,5,0.045126260775865235
1094,6,0.04355948044162891
1094,7,0.03348771452029965
1094,8,0.03583028633268045
1094,9,0.037555781094446586
1094,10,0.03481822800938131
1094,11,0.03418692864299181
1094,12,0.03666938035158732
1095,1,0.04106401538124216
1095,2,0.04013062689347735
1095,3,0.04540328295835371
1095,4,0.045417552254473206
1095,5,0.041175396056608686
1095,6,0.036110527313258936
1095,7,0.02907843236287503
1095,8,0.029504804615643736
1095,9,0.03159951351255195
1095,10,0.03654104667978569
1095,11,0.041511573811208756
1095,12,0.04337221615234612
1096,1,0.04178175368913444
1096,2,0.04083906681498474
1096,3,0.045766254951250425
1096,4,0.045320496497727986
1096,5,0.04093536754024061
1096,6,0.035451971577537725
1096,7,0.02873619010638514
1096,8,0.029506166756040834
1096,9,0.03218111817474005
1096,10,0.0379826938507909
1096,11,0.04230981653865115
1096,12,0.043535785501642554
1097,1,0.0354003839278394
1097,2,0.035083022478851054
1097,3,0.037717850050078
1097,4,0.033095680964812635
1097,5,0.031201215824205646
1097,6,0.031967920367543604
1097,7,0.029540918846634935
1097,8,0.029662617838382095
1097,9,0.02998476793927017
1097,10,0.03187423235287303
1097,11,0.03570969894966744
1097,12,0.0364429576279471
1098,1,0.034394376144510776
1098,2,0.03552356213821524
1098,3,0.03743137994963918
1098,4,0.03354955292723383
1098,5,0.031779109336692646
1098,6,0.032232175627286495
1098,7,0.029068791681441067
1098,8,0.02951554537903551
1098,9,0.03183413150003792
1098,10,0.031641206076637056
1098,11,0.03523041773401654
1098,12,0.035459407298381415
1099,1,0.03585448083735861
1099,2,0.034884891259365204
1099,3,0.039640367067804244
1099,4,0.03463505811708527
1099,5,0.030993736680450495
1099,6,0.03184320324069509
1099,7,0.0282813698361349
1099,8,0.028314686263993832
1099,9,0.030369238181458633
1099,10,0.03364991008495001
1099,11,0.037304636077159614
1099,12,0.03757534242967976
1100,1,0.04370259815125924
1100,2,0.04226625568822445
1100,3,0.046433592105852795
1100,4,0.04581746469311227
1100,5,0.04119705512909049
1100,6,0.04096997598975738
1100,7,0.028956310036036798
1100,8,0.02985865677906516
1100,9,0.03249337682246516
1100,10,0.03823332081260923
1100,11,0.042068098869308325
1100,12,0.044276571971267366
1101,1,0.0376693393592202
1101,2,0.037799247527228505
1101,3,0.039471054901475566
1101,4,0.039927867020921805
1101,5,0.042502450382948684
1101,6,0.036774035424627934
1101,7,0.03543924349543256
1101,8,0.03336521390449111
1101,9,0.035170272497837496
1101,10,0.03793534512983565
1101,11,0.0392505099946906
1101,12,0.03664316834043883
1102,1,0.041481618507593604
1102,2,0.040845711490192366
1102,3,0.04614465580105258
1102,4,0.04585276252412445
1102,5,0.040586681070502874
1102,6,0.03664751591929491
1102,7,0.0290535758041309
1102,8,0.029861044175643753
1102,9,0.03219799263202228
1102,10,0.03588164140909609
1102,11,0.040796068451605105
1102,12,0.0418616810167829
1103,1,0.03715618290843015
1103,2,0.03635002449940157
1103,3,0.04146942602204859
1103,4,0.03646212099511249
1103,5,0.032664569966204086
1103,6,0.032415596877922545
1103,7,0.027666911496180197
1103,8,0.027493403745568717
1103,9,0.03137562609078657
1103,10,0.03374783281846217
1103,11,0.038642566595360826
1103,12,0.03814130812003468
1104,1,0.03711638256183471
1104,2,0.04052989241621656
1104,3,0.04637728768542781
1104,4,0.051842424784962225
1104,5,0.043502911071408204
1104,6,0.04152099726279524
1104,7,0.03350497156173061
1104,8,0.034828519390096395
1104,9,0.03638025659162325
1104,10,0.03412346102956357
1104,11,0.032897592803521225
1104,12,0.03515629890713416
1105,1,0.04095495142322713
1105,2,0.04045886592701561
1105,3,0.04484843391379285
1105,4,0.044201950726860256
1105,5,0.039435879727737475
1105,6,0.03320654593051728
1105,7,0.02785871563715571
1105,8,0.02798386654491867
1105,9,0.030832528588788776
1105,10,0.03696679379799292
1105,11,0.039933550755942425
1105,12,0.04178066081281104
1106,1,0.03656776128117771
1106,2,0.03772853792673301
1106,3,0.04122549053150172
1106,4,0.039008758420104025
1106,5,0.03533063612784176
1106,6,0.028586216893357448
1106,7,0.024794592432343807
1106,8,0.026310704753279682
1106,9,0.027769554583467113
1106,10,0.033480018907387395
1106,11,0.036042611806807075
1106,12,0.03696367782615801
1107,1,0.042828631243252306
1107,2,0.04186680244907107
1107,3,0.046336618258700564
1107,4,0.04669843718620742
1107,5,0.04241806891553045
1107,6,0.03703169005988046
1107,7,0.028619753351817656
1107,8,0.02990728022623026
1107,9,0.03185078028947131
1107,10,0.03707996309233165
1107,11,0.04139760993331385
1107,12,0.0429714043977661
1108,1,0.03700864851660362
1108,2,0.036770940604652115
1108,3,0.03970511735437681
1108,4,0.03432477985203164
1108,5,0.03312319550449136
1108,6,0.03311049983704416
1108,7,0.029059519674695857
1108,8,0.029131562094443154
1108,9,0.03292999866987554
1108,10,0.03436072530041669
1108,11,0.03761761392220036
1108,12,0.0387180930156388
1109,1,0.038975841352206546
1109,2,0.03732907188758041
1109,3,0.03985203216775067
1109,4,0.03785164151489992
1109,5,0.03766850689818663
1109,6,0.03572587222964561
1109,7,0.035334869644578916
1109,8,0.03271160348375447
1109,9,0.0353916380758666
1109,10,0.03519928091826423
1109,11,0.03717291997216542
1109,12,0.0360824305446102
1110,1,0.04091141097066527
1110,2,0.03928110347586336
1110,3,0.04504995402843641
1110,4,0.04516951249126511
1110,5,0.04340236856807164
1110,6,0.041854313753490496
1110,7,0.031088496292518128
1110,8,0.032339224579441
1110,9,0.03509754072528556
1110,10,0.036010211606602505
1110,11,0.040926470576914634
1110,12,0.04063744314999222
1111,1,0.04186757609137279
1111,2,0.04089836392039497
1111,3,0.04501698343080643
1111,4,0.04381546708203629
1111,5,0.039780892219891686
1111,6,0.03423336713408714
1111,7,0.027935457534764556
1111,8,0.029138250208750632
1111,9,0.030792738255660125
1111,10,0.038004965462886606
1111,11,0.04093838117819753
1111,12,0.04288740859157875
1112,1,0.042740512383935114
1112,2,0.04160533921234627
1112,3,0.04620646803451942
1112,4,0.04691609576442919
1112,5,0.04192411024941209
1112,6,0.03924922852171432
1112,7,0.02952048330580949
1112,8,0.030652607471662298
1112,9,0.0325625728204996
1112,10,0.03764811373941396
1112,11,0.04194807559283993
1112,12,0.04362727679215905
1113,1,0.04762934276165454
1113,2,0.042972133354289385
1113,3,0.04416041663636407
1113,4,0.04463380603885111
1113,5,0.04789558268160415
1113,6,0.044783755084495044
1113,7,0.034486550189912334
1113,8,0.036090428490209214
1113,9,0.03892457421242727
1113,10,0.040568765273724515
1113,11,0.049447586706359466
1113,12,0.04841219571029387
1114,1,0.04330660930855142
1114,2,0.04239764940250903
1114,3,0.048196917570717486
1114,4,0.05087968402016736
1114,5,0.04143015604114438
1114,6,0.038041009974992254
1114,7,0.02942481097715435
1114,8,0.030557800720074347
1114,9,0.03347227566672646
1114,10,0.03785749453143546
1114,11,0.043040140552634165
1114,12,0.043513883501373946
1115,1,0.037916808012238644
1115,2,0.038360216436622636
1115,3,0.0425738059012138
1115,4,0.03954506367019669
1115,5,0.034001569969346335
1115,6,0.03591545441055451
1115,7,0.028133573159536754
1115,8,0.028710324276721332
1115,9,0.03316884509176193
1115,10,0.03341933480448236
1115,11,0.038755022284954144
1115,12,0.0392257604013432
1116,1,0.034379343112370245
1116,2,0.03493149665780092
1116,3,0.03725535271643951
1116,4,0.033650931277927044
1116,5,0.03248902593129431
1116,6,0.03236397497582117
1116,7,0.029878554342747447
1116,8,0.029312208351011372
1116,9,0.03223314981084107
1116,10,0.03266237818974059
1116,11,0.03513574208024061
1116,12,0.03485395859464259
1117,1,0.04578393554911323
1117,2,0.04246226626546316
1117,3,0.04434780939165363
1117,4,0.04319706500262835
1117,5,0.04691272060205416
1117,6,0.04415153955303298
1117,7,0.03465914970963449
1117,8,0.0363622472982698
1117,9,0.03929482596963834
1117,10,0.03995980168702822
1117,11,0.05111756908941547
1117,12,0.04764257895055969
1118,1,0.0419570783633118
1118,2,0.044106413672923554
1118,3,0.05259884146380368
1118,4,0.049622792873547476
1118,5,0.044787984902164714
1118,6,0.040610116302847894
1118,7,0.03254648914082919
1118,8,0.03474573567586714
1118,9,0.037163358683654876
1118,10,0.0365826048878006
1118,11,0.03565493175322914
1118,12,0.04003139899685703
1119,1,0.04758106726334193
1119,2,0.04497008279382256
1119,3,0.04574182454806029
1119,4,0.0480237356691534
1119,5,0.04780785550906254
1119,6,0.04556812555432833
1119,7,0.03403553650336891
1119,8,0.036234216089909885
1119,9,0.03932645148603377
1119,10,0.04007398721172534
1119,11,0.04583555890853233
1119,12,0.048769295223998185
1120,1,0.042853169509712435
1120,2,0.04147766694530704
1120,3,0.045981226868834456
1120,4,0.046404183396880676
1120,5,0.04225993468000452
1120,6,0.03777041500133568
1120,7,0.028858328182654207
1120,8,0.03030773935440232
1120,9,0.03304203314196777
1120,10,0.03743437459481228
1120,11,0.043446045202868044
1120,12,0.0454131386493719
1121,1,0.03754248239068623
1121,2,0.040237100838214766
1121,3,0.048161431623833656
1121,4,0.04578263972097347
1121,5,0.0338031876219805
1121,6,0.03326115620161067
1121,7,0.024257605250356036
1121,8,0.025269091345210815
1121,9,0.02667782627597209
1121,10,0.03354951712916415
1121,11,0.03915370074583712
1121,12,0.039664999070433984
1122,1,0.03846396389004775
1122,2,0.037741488149729906
1122,3,0.03968189203744284
1122,4,0.03735061907830182
1122,5,0.03876685774776129
1122,6,0.03629193893508125
1122,7,0.034262850921085844
1122,8,0.032941190825422025
1122,9,0.03483045500053587
1122,10,0.03492094954553738
1122,11,0.03860398970133273
1122,12,0.03703105636483059
1123,1,0.03845559798605156
1123,2,0.03612829944927193
1123,3,0.03805166177657612
1123,4,0.037036425044279946
1123,5,0.04241498551531019
1123,6,0.03923243025144568
1123,7,0.03546647430697841
1123,8,0.03497259737958871
1123,9,0.03553450341271485
1123,10,0.03423572210076282
1123,11,0.03623510498151365
1123,12,0.03523883965226798
1124,1,0.04621962004933818
1124,2,0.04701291864005237
1124,3,0.048801743257559635
1124,4,0.049433015226638274
1124,5,0.04696943177413977
1124,6,0.04423926992785809
1124,7,0.033240569239522656
1124,8,0.035674142661678974
1124,9,0.03840820194035357
1124,10,0.0381892235111876
1124,11,0.03715129474382863
1124,12,0.041321005692305846
1125,1,0.044483876275650716
1125,2,0.04203047102376466
1125,3,0.04755096343063152
1125,4,0.0480904130981137
1125,5,0.04342192711828605
1125,6,0.040940037471743254
1125,7,0.03174174930163223
1125,8,0.03225895790347255
1125,9,0.03595630776127655
1125,10,0.037678590879860946
1125,11,0.04467189907240949
1125,12,0.04624992962977704
1126,1,0.04008016761500318
1126,2,0.04032815570625456
1126,3,0.04488491927422201
1126,4,0.04436458699946951
1126,5,0.03984618634565174
1126,6,0.03213481872217418
1126,7,0.027262396835292125
1126,8,0.027724479347052827
1126,9,0.030341951108618866
1126,10,0.03578687652689238
1126,11,0.040155098754346266
1126,12,0.04063393910155246
1127,1,0.0364293338450261
1127,2,0.034860852773339314
1127,3,0.03982843673246056
1127,4,0.03499495896774566
1127,5,0.031203425287813315
1127,6,0.032189296573064394
1127,7,0.028363029200795722
1127,8,0.028529836228645983
1127,9,0.030608414930346314
1127,10,0.033828130909076715
1127,11,0.03778727252513697
1127,12,0.03750613207647251
1128,1,0.03811260826932999
1128,2,0.038707556105551294
1128,3,0.0423610200846869
1128,4,0.044162567525646006
1128,5,0.03864393909968496
1128,6,0.03608899241868007
1128,7,0.028803615474267574
1128,8,0.02843098073361574
1128,9,0.030040808319893315
1128,10,0.03380885935186517
1128,11,0.03722003964567658
1128,12,0.03879036297870984
1129,1,0.03791361485070252
1129,2,0.03580376827079075
1129,3,0.04243809159500425
1129,4,0.03733611603150822
1129,5,0.03193914161399695
1129,6,0.03264922806027575
1129,7,0.027612446558407052
1129,8,0.02796544308460017
1129,9,0.03139217704276329
1129,10,0.033419823077086935
1129,11,0.03877512032233726
1129,12,0.03899441199111445
1130,1,0.03972569029362919
1130,2,0.0388307977703179
1130,3,0.047314776729555655
1130,4,0.04647475955596909
1130,5,0.04105841545568769
1130,6,0.038499713752678355
1130,7,0.029060303415175116
1130,8,0.030275744569632817
1130,9,0.03332711080421161
1130,10,0.0345045472885911
1130,11,0.03979752211817049
1130,12,0.040806720180247995
1131,1,0.03990736053572308
1131,2,0.04159870758415873
1131,3,0.04975610424711768
1131,4,0.05156282988250726
1131,5,0.045208365590070215
1131,6,0.04317552761525871
1131,7,0.03351445744916874
1131,8,0.03592040031380477
1131,9,0.03813797746373216
1131,10,0.035560061440017283
1131,11,0.03411924022388091
1131,12,0.03709697836346343
1132,1,0.037813639857589516
1132,2,0.03705031083193493
1132,3,0.039984907751121755
1132,4,0.03843767215562839
1132,5,0.040442629758673486
1132,6,0.03693817057137294
1132,7,0.03600201641593697
1132,8,0.03423175977242742
1132,9,0.03537965202556216
1132,10,0.03968664440938464
1132,11,0.03940502985179148
1132,12,0.03616850530878461
1133,1,0.04635025951434705
1133,2,0.04148390953054147
1133,3,0.04421944297679995
1133,4,0.04358107462208583
1133,5,0.04685977492824008
1133,6,0.042851069189715735
1133,7,0.035061360608571325
1133,8,0.036656123291971605
1133,9,0.03967948167242914
1133,10,0.040343998347100944
1133,11,0.050212078968237435
1133,12,0.04888863072026944
1134,1,0.04068041948647635
1134,2,0.03964541380629056
1134,3,0.04369792511139631
1134,4,0.04374069524798651
1134,5,0.03922670993683761
1134,6,0.03284236746859366
1134,7,0.027634838407465768
1134,8,0.028494349991308874
1134,9,0.031159794759765807
1134,10,0.036246288199666195
1134,11,0.0408925354423182
1134,12,0.04172208923436216
1135,1,0.047646753087976695
1135,2,0.043104141792426214
1135,3,0.043937679940832974
1135,4,0.04459795777345592
1135,5,0.04814638196935437
1135,6,0.044371176908033265
1135,7,0.034877316134083076
1135,8,0.036548318521222915
1135,9,0.03948452012883985
1135,10,0.041071807632828264
1135,11,0.04972144632458954
1135,12,0.048523939269737956
1136,1,0.04355531146568931
1136,2,0.04200704906072495
1136,3,0.0456406658207794
1136,4,0.0446373528101861
1136,5,0.0407714948824956
1136,6,0.04048298261534834
1136,7,0.030032643472536064
1136,8,0.03031882471466124
1136,9,0.031876135238951844
1136,10,0.03735183634218746
1136,11,0.04168686241351566
1136,12,0.04278534177314145
1137,1,0.035482770211721144
1137,2,0.034804879600970805
1137,3,0.039466940139706384
1137,4,0.040441913393685705
1137,5,0.038754319374087944
1137,6,0.037687571036665264
1137,7,0.02957293110312934
1137,8,0.03075591690845267
1137,9,0.033632917199937426
1137,10,0.032978538546875595
1137,11,0.036109442601011905
1137,12,0.03604869912965389
1138,1,0.045153416553532645
1138,2,0.04355941652159083
1138,3,0.04903896848436935
1138,4,0.05160035448151412
1138,5,0.042816390867383126
1138,6,0.0423667709188403
1138,7,0.030070277769143065
1138,8,0.031596600595632185
1138,9,0.03296524358474412
1138,10,0.03817498652852674
1138,11,0.04260108518505892
1138,12,0.04491233696033042
1139,1,0.038950770889256636
1139,2,0.037553171335372816
1139,3,0.04136350896759313
1139,4,0.04180333513715594
1139,5,0.04137409030118688
1139,6,0.03905130639999595
1139,7,0.030845308650421958
1139,8,0.03281026299091285
1139,9,0.035424913772063485
1139,10,0.034870845793216906
1139,11,0.03950125814799676
1139,12,0.03862285917085408
1140,1,0.03844088040211886
1140,2,0.038486468293755315
1140,3,0.04734540384440823
1140,4,0.046800461434393044
1140,5,0.039916118264877835
1140,6,0.03758271692633667
1140,7,0.0285887465663188
1140,8,0.029145132059374947
1140,9,0.03238202474469128
1140,10,0.03449601089387104
1140,11,0.039073488489665034
1140,12,0.03897545135911592
1141,1,0.037455913806895794
1141,2,0.03873690983814837
1141,3,0.04212595594514669
1141,4,0.03906543423823793
1141,5,0.03639702639264369
1141,6,0.029520126390386828
1141,7,0.025064085662938544
1141,8,0.025927280080976032
1141,9,0.027410473147814824
1141,10,0.03366859792995675
1141,11,0.03647691441375898
1141,12,0.038090795082143795
1142,1,0.044029744911543454
1142,2,0.04636807126496988
1142,3,0.05052903745259074
1142,4,0.05155459557527098
1142,5,0.04576133661763503
1142,6,0.04343653964317814
1142,7,0.03375871012481825
1142,8,0.0357007118405102
1142,9,0.03847022326209263
1142,10,0.03775603409983776
1142,11,0.03615349091292166
1142,12,0.040633456163810006
1143,1,0.04335358755400752
1143,2,0.041989615554930096
1143,3,0.04860171080074361
1143,4,0.04880327512923795
1143,5,0.04489114015272044
1143,6,0.04284036843073333
1143,7,0.03055308844485512
1143,8,0.032642914391450055
1143,9,0.035669298800585475
1143,10,0.037251273389627144
1143,11,0.04332194839604017
1143,12,0.045238927931528894
1144,1,0.03994393032388569
1144,2,0.039945721007653305
1144,3,0.04657468187728806
1144,4,0.04965052500269884
1144,5,0.04163662998497372
1144,6,0.03780358615223787
1144,7,0.027986009654210598
1144,8,0.02936588473974082
1144,9,0.03210636620435899
1144,10,0.03478016800845131
1144,11,0.040163158961063164
1144,12,0.0408365746490996
1145,1,0.042188102129920566
1145,2,0.0414322991551547
1145,3,0.04861506474083794
1145,4,0.0504694111453789
1145,5,0.04176240934181154
1145,6,0.03793282472097265
1145,7,0.028640022161307194
1145,8,0.029857413102977803
1145,9,0.032267453266753454
1145,10,0.0369126802755267
1145,11,0.0418907052725783
1145,12,0.04282699645392843
1146,1,0.03431033446731807
1146,2,0.0347395044624713
1146,3,0.03935689085136955
1146,4,0.035584092899813416
1146,5,0.03201934251658044
1146,6,0.031874010639528466
1146,7,0.028753540029042908
1146,8,0.028084673350877627
1146,9,0.03158443980863108
1146,10,0.03282267365619153
1146,11,0.03676054431188534
1146,12,0.036624802181454426
1147,1,0.045013015220208785
1147,2,0.041783898391373926
1147,3,0.04691447357339207
1147,4,0.0471755135925944
1147,5,0.04251841352441992
1147,6,0.040152567190661355
1147,7,0.03079244785046522
1147,8,0.03175910746610135
1147,9,0.03598195970284751
1147,10,0.037879731038913365
1147,11,0.04419118048542605
1147,12,0.04640493654902848
1148,1,0.036451637195061885
1148,2,0.03550966870710856
1148,3,0.040106144010014326
1148,4,0.034308713223133135
1148,5,0.03279311688375015
1148,6,0.032504006632498306
1148,7,0.028426551870164067
1148,8,0.028783027233407484
1148,9,0.03233948705801363
1148,10,0.032942882049707446
1148,11,0.036773167059944954
1148,12,0.037828198448577315
1149,1,0.04629907228128016
1149,2,0.04466188286397149
1149,3,0.04541356440044055
1149,4,0.045550768825261156
1149,5,0.04645052372934042
1149,6,0.045223955972443
1149,7,0.03542251698872685
1149,8,0.03659270060164609
1149,9,0.039114698758058765
1149,10,0.039710694832104744
1149,11,0.04810022211606543
1149,12,0.047957134223916946
1150,1,0.035392039854065374
1150,2,0.03552153870418926
1150,3,0.03703076561203832
1150,4,0.03325019669001865
1150,5,0.03163116580570371
1150,6,0.031122503073353753
1150,7,0.02903247601963494
1150,8,0.030334924282396404
1150,9,0.03132224427890557
1150,10,0.03206242232317811
1150,11,0.03592281526086961
1150,12,0.03587481969414282
1151,1,0.042063381597576666
1151,2,0.04020380713961818
1151,3,0.048029714999144116
1151,4,0.046845436378590614
1151,5,0.043962674296492525
1151,6,0.04190476073651531
1151,7,0.029873293142306634
1151,8,0.031610107267291784
1151,9,0.034500890955532944
1151,10,0.03592127033294383
1151,11,0.04190414800272578
1151,12,0.04455909208726512
1152,1,0.040386029270651526
1152,2,0.03985813651594333
1152,3,0.04509936210937063
1152,4,0.04475780736456164
1152,5,0.04020697230767184
1152,6,0.0346703843466767
1152,7,0.027612865426780056
1152,8,0.029035036734823966
1152,9,0.031523853775889586
1152,10,0.03627296733618445
1152,11,0.0402490672263784
1152,12,0.041387063113806695
1153,1,0.039165821534827915
1153,2,0.03884384214475973
1153,3,0.04652711165055871
1153,4,0.04894903911547269
1153,5,0.0403482362360097
1153,6,0.03765387822154323
1153,7,0.02839394798945552
1153,8,0.029861953442415556
1153,9,0.03274517701019094
1153,10,0.034933426566436165
1153,11,0.03944271110057084
1153,12,0.04035415298433214
1154,1,0.04083282016254989
1154,2,0.0395409109353545
1154,3,0.0442745958638702
1154,4,0.0448056090759495
1154,5,0.03925735494880727
1154,6,0.03478908984524455
1154,7,0.02868397377228042
1154,8,0.029784334215260763
1154,9,0.03290395090509971
1154,10,0.036579328891572664
1154,11,0.042023575743983535
1154,12,0.04199077829399643
1155,1,0.03816579430800692
1155,2,0.041398605464906695
1155,3,0.04556549946411099
1155,4,0.04931475048536562
1155,5,0.043378221414304634
1155,6,0.04058159713640712
1155,7,0.03320518635106755
1155,8,0.03420466067500002
1155,9,0.03642538686219498
1155,10,0.03476060513557175
1155,11,0.03406381105714033
1155,12,0.03664047787564612
1156,1,0.03657606554871609
1156,2,0.035874347537899774
1156,3,0.041104414941201636
1156,4,0.03537923946169578
1156,5,0.03137817248821596
1156,6,0.03205992534194187
1156,7,0.02825681349151853
1156,8,0.028056761679281093
1156,9,0.031175996744248455
1156,10,0.03418041296079406
1156,11,0.037850566296160244
1156,12,0.03785058300321451
1157,1,0.040219693652873395
1157,2,0.03928277412756455
1157,3,0.04376348874160898
1157,4,0.044337730335851776
1157,5,0.04005874440672634
1157,6,0.0351024903556125
1157,7,0.027630193232643957
1157,8,0.029236627559324765
1157,9,0.031812153682303584
1157,10,0.035413885436752855
1157,11,0.04115478255465728
1157,12,0.041111765351091484
1158,1,0.04165714167146415
1158,2,0.04356781436387085
1158,3,0.052027704169216524
1158,4,0.04877232752937395
1158,5,0.04442192774234889
1158,6,0.04357371060494276
1158,7,0.03322765975789737
1158,8,0.0358654839545729
1158,9,0.03771855662397795
1158,10,0.03559511504870352
1158,11,0.03491912764200896
1158,12,0.0376798998250452
1159,1,0.04363334899508305
1159,2,0.041407150686344596
1159,3,0.0486148634988565
1159,4,0.04925160790327956
1159,5,0.04539902717797825
1159,6,0.0424218071885351
1159,7,0.030564184173720428
1159,8,0.0321673127397709
1159,9,0.03510059102070124
1159,10,0.036532485269276535
1159,11,0.042518294429068855
1159,12,0.044656628912735766
1160,1,0.046593098076742195
1160,2,0.044424929074714396
1160,3,0.04935401347633125
1160,4,0.052927958872883735
1160,5,0.0438867986693666
1160,6,0.04279277538672516
1160,7,0.03184476490321869
1160,8,0.03212244038750519
1160,9,0.03519206340950763
1160,10,0.03979016533987488
1160,11,0.04362883569188197
1160,12,0.046404649378550634
1161,1,0.03646923679436334
1161,2,0.035240417131547436
1161,3,0.039915684610864366
1161,4,0.035603771744783394
1161,5,0.0329401475774906
1161,6,0.03239960153503788
1161,7,0.028247864510941283
1161,8,0.028833143180330686
1161,9,0.03166362180719526
1161,10,0.03373461330028291
1161,11,0.037775446376347464
1161,12,0.03800257306770854
1162,1,0.03771846538395769
1162,2,0.03841862473380087
1162,3,0.04191739117935429
1162,4,0.04060174890113023
1162,5,0.037149309981036105
1162,6,0.03008573620821464
1162,7,0.025538742183284165
1162,8,0.026434257347037693
1162,9,0.027391386811171196
1162,10,0.03417190254583033
1162,11,0.036426018554848796
1162,12,0.03761744846318786
1163,1,0.04199411766308915
1163,2,0.04103144735498983
1163,3,0.04454459304519151
1163,4,0.04458453562381634
1163,5,0.03986186656250582
1163,6,0.03391907322768379
1163,7,0.028454845350934812
1163,8,0.02961552930160588
1163,9,0.031003381750095507
1163,10,0.03776284730092912
1163,11,0.040295631014753794
1163,12,0.04205575034834435
1164,1,0.04321238074584827
1164,2,0.042204183676056946
1164,3,0.046293472630078436
1164,4,0.044401572924621525
1164,5,0.04037958401375439
1164,6,0.03937402631095581
1164,7,0.029545471859808912
1164,8,0.029341228519283384
1164,9,0.03232275793900026
1164,10,0.037600045169289366
1164,11,0.0413596385841815
1164,12,0.04386969014627766
1165,1,0.040800581059684614
1165,2,0.039943232180234205
1165,3,0.04836071733470266
1165,4,0.04728707112050705
1165,5,0.040952077825621054
1165,6,0.038724566486833
1165,7,0.029112390786605543
1165,8,0.030346724240524096
1165,9,0.03396642866128546
1165,10,0.03581148164497163
1165,11,0.04099174632001052
1165,12,0.04268551221515566
1166,1,0.04456529127219802
1166,2,0.046780729143184326
1166,3,0.05316055854932922
1166,4,0.05099161875286497
1166,5,0.04690704899875185
1166,6,0.04158910007709562
1166,7,0.033888579065073456
1166,8,0.03550611461283354
1166,9,0.03802476155074142
1166,10,0.03725818927588893
1166,11,0.036967792903245006
1166,12,0.041060518830084596
1167,1,0.04245028050202278
1167,2,0.04185157144678374
1167,3,0.046922723223149325
1167,4,0.04914560668096605
1167,5,0.04152692774886728
1167,6,0.03862162407587809
1167,7,0.028988611276366583
1167,8,0.03044689904828566
1167,9,0.03263916053673776
1167,10,0.03745677952212296
1167,11,0.04143302745004692
1167,12,0.043090725365141684
1168,1,0.037267158152205444
1168,2,0.036883975080708994
1168,3,0.03960650320653278
1168,4,0.03478410992163747
1168,5,0.033435817839808146
1168,6,0.032978290944617836
1168,7,0.029454608174545018
1168,8,0.02952802186972429
1168,9,0.032629316247394693
1168,10,0.03362440819422201
1168,11,0.03845341758887546
1168,12,0.03866606957628177
1169,1,0.040972792893566666
1169,2,0.03996574234083052
1169,3,0.044059338379631295
1169,4,0.04351521753863727
1169,5,0.03948965758815002
1169,6,0.03304059381589898
1169,7,0.027233398815092437
1169,8,0.028239576921279205
1169,9,0.02959476063397311
1169,10,0.03731509003162112
1169,11,0.040060303456729625
1169,12,0.04103108948821043
1170,1,0.043516172401854444
1170,2,0.04263105875634171
1170,3,0.05030233180152307
1170,4,0.048784755850914796
1170,5,0.044743174939547846
1170,6,0.043179455483595836
1170,7,0.03122647691601061
1170,8,0.03258806532817932
1170,9,0.0358191657813181
1170,10,0.037573558696996384
1170,11,0.04416078768014897
1170,12,0.04574580744119954
1171,1,0.036143979361771425
1171,2,0.03516018211545421
1171,3,0.03961846616551312
1171,4,0.035460961741128616
1171,5,0.03220262443293919
1171,6,0.03217133305015586
1171,7,0.027872702311272018
1171,8,0.027765512569957088
1171,9,0.031234786650452234
1171,10,0.0334031267996173
1171,11,0.037426613297890245
1171,12,0.037512435233013064
1172,1,0.04043328675648839
1172,2,0.04386977416423494
1172,3,0.0498179802813828
1172,4,0.04807434618885507
1172,5,0.04561997396793985
1172,6,0.04136910047489434
1172,7,0.03211649772858753
1172,8,0.03335053513531328
1172,9,0.03634169713810522
1172,10,0.03636802689088098
1172,11,0.034808392780568874
1172,12,0.038146336681041795
1173,1,0.04565661427950715
1173,2,0.04107622902949973
1173,3,0.044451107903269754
1173,4,0.043813171188376764
1173,5,0.046193787387490436
1173,6,0.042843167291762956
1173,7,0.03426736579643801
1173,8,0.03534578540340563
1173,9,0.0387106072647236
1173,10,0.03911957701539199
1173,11,0.04648512309424208
1173,12,0.045971937745471855
1174,1,0.042000396977646966
1174,2,0.04050402491633301
1174,3,0.045504778866594674
1174,4,0.04530283518502852
1174,5,0.04109163717848361
1174,6,0.03652564789951284
1174,7,0.0285596965874673
1174,8,0.030098126093049873
1174,9,0.032633569203295625
1174,10,0.03644622859182292
1174,11,0.04320708227721833
1174,12,0.04380510676246046
1175,1,0.0375459557749343
1175,2,0.037989405752454804
1175,3,0.04255644936848085
1175,4,0.040263589285221946
1175,5,0.03693280664680831
1175,6,0.028736610996659792
1175,7,0.025213528638898475
1175,8,0.02607893601615742
1175,9,0.028032522007873407
1175,10,0.03391612939903816
1175,11,0.03716309046115377
1175,12,0.03762186253614257
1176,1,0.03522177048191955
1176,2,0.037635138121283884
1176,3,0.04350285634094164
1176,4,0.04748694505015789
1176,5,0.0404216824142684
1176,6,0.03864222398531222
1176,7,0.03161646539805554
1176,8,0.0329968214918385
1176,9,0.03418626378176959
1176,10,0.033648760209189166
1176,11,0.03233541407636835
1176,12,0.03405946688156402
1177,1,0.04184580737770698
1177,2,0.0407884568144549
1177,3,0.04551630945851991
1177,4,0.04486721792102743
1177,5,0.04092224578102547
1177,6,0.0355378462025571
1177,7,0.02790062541618562
1177,8,0.0284853978637044
1177,9,0.0311043772897762
1177,10,0.03747647045424199
1177,11,0.04033107030782586
1177,12,0.042742642489113414
1178,1,0.03703830637935341
1178,2,0.03806413928688672
1178,3,0.0469942249982244
1178,4,0.04382438697957821
1178,5,0.03462454801636998
1178,6,0.03130074795727564
1178,7,0.02345993628456513
1178,8,0.024110596825506914
1178,9,0.025160986865710274
1178,10,0.03278230656677752
1178,11,0.037684539985247845
1178,12,0.03873704304353266
1179,1,0.04614238259932836
1179,2,0.04384336108466118
1179,3,0.04491484165234567
1179,4,0.04478094341252297
1179,5,0.047349866925938226
1179,6,0.04532794452389686
1179,7,0.03447602116857356
1179,8,0.03610833320172772
1179,9,0.03899521931742943
1179,10,0.04062982164612722
1179,11,0.04775640528764635
1179,12,0.04925647394700525
1180,1,0.038440738695597026
1180,2,0.03774796774416463
1180,3,0.04184951906964014
1180,4,0.03866464841224586
1180,5,0.033822305556673704
1180,6,0.03497449781667128
1180,7,0.02931926870693338
1180,8,0.028605187923026167
1180,9,0.033071736989196285
1180,10,0.03404621246502866
1180,11,0.038578353826151775
1180,12,0.03961961652561427
1181,1,0.03931031377956934
1181,2,0.03975466063509622
1181,3,0.04415097252488878
1181,4,0.04270715295122192
1181,5,0.03908703459929382
1181,6,0.03200345348694705
1181,7,0.02589815131945152
1181,8,0.027792150108075085
1181,9,0.02965467173392424
1181,10,0.035510676222496075
1181,11,0.03915112208718787
1181,12,0.040001332779029966
1182,1,0.04381376837976261
1182,2,0.04189272205839065
1182,3,0.048912461923996405
1182,4,0.04982921702593977
1182,5,0.04582114375793731
1182,6,0.042316276350929674
1182,7,0.031334980766875985
1182,8,0.03279493249362294
1182,9,0.036125185334025554
1182,10,0.036894544048421
1182,11,0.043297731483483745
1182,12,0.0447539258804543
1183,1,0.04252395436984265
1183,2,0.045280417825461085
1183,3,0.05045996581259614
1183,4,0.05070487448423618
1183,5,0.04529640952760388
1183,6,0.043736628928967645
1183,7,0.03341205695636634
1183,8,0.03612784940204544
1183,9,0.03783010601285104
1183,10,0.03632397212223252
1183,11,0.034639648227043254
1183,12,0.038650563208984016
1184,1,0.034471243023379526
1184,2,0.035519746148264954
1184,3,0.03735938753210291
1184,4,0.032614943226778034
1184,5,0.03205590106291445
1184,6,0.03193283726988136
1184,7,0.02950543375274099
1184,8,0.030412676109568354
1184,9,0.032161566609503055
1184,10,0.03233202083156303
1184,11,0.03512170269115039
1184,12,0.035913457815877466
1185,1,0.04670778287745095
1185,2,0.04706074657735132
1185,3,0.046506387992673676
1185,4,0.047613527633698874
1185,5,0.048238581549519204
1185,6,0.046504633240581815
1185,7,0.035733635811606504
1185,8,0.03724139862092003
1185,9,0.04018450936855173
1185,10,0.04051931374312892
1185,11,0.047423952938192925
1185,12,0.04883190779383266
1186,1,0.04610855602313438
1186,2,0.04669819908893574
1186,3,0.05229583571676786
1186,4,0.051417394443802465
1186,5,0.046348611443873235
1186,6,0.04425105473532269
1186,7,0.03375211896197457
1186,8,0.03585192714391152
1186,9,0.038988505787218755
1186,10,0.0377441159307886
1186,11,0.037505645956018706
1186,12,0.04204278125225272
1187,1,0.045982344916392026
1187,2,0.04304849512884813
1187,3,0.04725410402827668
1187,4,0.0475524455940137
1187,5,0.04480223680499723
1187,6,0.043828745244856256
1187,7,0.03103801617237599
1187,8,0.03314975631546793
1187,9,0.03652502611720049
1187,10,0.037676774701445835
1187,11,0.044700643665924834
1187,12,0.04664649614655096
1188,1,0.03761715022087645
1188,2,0.03619556436131546
1188,3,0.04031919085823712
1188,4,0.03501924008217462
1188,5,0.03338434625239286
1188,6,0.033225815105107824
1188,7,0.02881099858670887
1188,8,0.029466693175209207
1188,9,0.032456935112465064
1188,10,0.03352056470996135
1188,11,0.03804989749881577
1188,12,0.03854272697853866
1189,1,0.03830844448986482
1189,2,0.03879908098770479
1189,3,0.042607253341522516
1189,4,0.040953657360800706
1189,5,0.03799763242183724
1189,6,0.029453660862883382
1189,7,0.025542620774387178
1189,8,0.026593313752526746
1189,9,0.028293578994241095
1189,10,0.03521139097702432
1189,11,0.037879231322444286
1189,12,0.03842733492523331
1190,1,0.0357134486867798
1190,2,0.03530882736356452
1190,3,0.04196956833730305
1190,4,0.03606603931041064
1190,5,0.03209446921171195
1190,6,0.032449370465579316
1190,7,0.02719974682335571
1190,8,0.027749356536660042
1190,9,0.030165973900585875
1190,10,0.032716694877178744
1190,11,0.03746239547642521
1190,12,0.03756434505887325
1191,1,0.04356780187033884
1191,2,0.041383972495471495
1191,3,0.0468427868271001
1191,4,0.04835095693231157
1191,5,0.042474817351894005
1191,6,0.036872772053595036
1191,7,0.03002132975833793
1191,8,0.031581486309591275
1191,9,0.03344315765531496
1191,10,0.0374304383036687
1191,11,0.042993821421505166
1191,12,0.044372814092683815
1192,1,0.04275236799741239
1192,2,0.04601298190597769
1192,3,0.04976706338320942
1192,4,0.050681037088087307
1192,5,0.046136937905890824
1192,6,0.04464375254379966
1192,7,0.03340925627906183
1192,8,0.035578996053688555
1192,9,0.03769135650604013
1192,10,0.03711954457866622
1192,11,0.03495614132641792
1192,12,0.03906755853341852
1193,1,0.04158890279942401
1193,2,0.04066412582890093
1193,3,0.044079434327130414
1193,4,0.045901152901189395
1193,5,0.0403796201731162
1193,6,0.036186453291970726
1193,7,0.02858858186354837
1193,8,0.029612215243926175
1193,9,0.03297826212221026
1193,10,0.036930834142281085
1193,11,0.04287485064682732
1193,12,0.04237394639141587
1194,1,0.0428532429954234
1194,2,0.0414777507598236
1194,3,0.04870385085149612
1194,4,0.050302970627737635
1194,5,0.0423331849681476
1194,6,0.03963946603347942
1194,7,0.030256496668587287
1194,8,0.031216142679176693
1194,9,0.03348797866383891
1194,10,0.037828877875377954
1194,11,0.04329377419213042
1194,12,0.04429685917186405
1195,1,0.03962092652803142
1195,2,0.03980732813544574
1195,3,0.04335000208080546
1195,4,0.041008563354647615
1195,5,0.03319688184743698
1195,6,0.034892562480663115
1195,7,0.027834209525318374
1195,8,0.028115987629280716
1195,9,0.03303810489371802
1195,10,0.034413903188660465
1195,11,0.03991156696109127
1195,12,0.04086417579940148
1196,1,0.043558414096107
1196,2,0.04207223889362792
1196,3,0.04553860756611141
1196,4,0.04525593571556498
1196,5,0.043148195404510446
1196,6,0.03676857520390316
1196,7,0.028917545246833765
1196,8,0.0297812775726683
1196,9,0.03171660921792962
1196,10,0.03818596733751522
1196,11,0.04141232526134685
1196,12,0.04412548353562754
1197,1,0.04436895515695034
1197,2,0.045770719010087446
1197,3,0.04460664041721072
1197,4,0.048852117450889763
1197,5,0.046509676484516024
1197,6,0.04574150519523993
1197,7,0.03577007255567647
1197,8,0.03623664458443889
1197,9,0.03910870008593671
1197,10,0.03856848499862425
1197,11,0.04473981916195283
1197,12,0.04318998027649852
1198,1,0.03635988370464432
1198,2,0.03595380083050775
1198,3,0.038133734151211955
1198,4,0.03356131787377778
1198,5,0.03228754660983003
1198,6,0.03291426397850788
1198,7,0.029701428557521968
1198,8,0.03028533577234365
1198,9,0.032268217821420454
1198,10,0.032918327766922356
1198,11,0.035884573572749635
1198,12,0.03749535247579955
1199,1,0.03587890230127547
1199,2,0.035727120334665075
1199,3,0.04114748536778414
1199,4,0.03585749130786833
1199,5,0.031810009147373954
1199,6,0.0327973171405467
1199,7,0.028097774080597767
1199,8,0.027183284223980662
1199,9,0.031143723195999205
1199,10,0.032861006565592134
1199,11,0.037673307359844935
1199,12,0.03762137037530177
1200,1,0.03826545318655302
1200,2,0.03903069967247228
1200,3,0.04183720596903847
1200,4,0.03765706708886341
1200,5,0.03352760062536453
1200,6,0.0344073527523209
1200,7,0.029049613499905293
1200,8,0.029134351935566738
1200,9,0.03399709607309404
1200,10,0.03521882687859687
1200,11,0.04025967865940419
1200,12,0.04126549988646586
1201,1,0.03665170104850324
1201,2,0.041084664880152215
1201,3,0.04469664626332848
1201,4,0.05124603355273693
1201,5,0.04279839406748605
1201,6,0.040302092863655506
1201,7,0.032418843208858156
1201,8,0.03440201063062429
1201,9,0.035191516780696354
1201,10,0.03356264614021044
1201,11,0.03250083825338585
1201,12,0.034364914553262876
1202,1,0.038701936724689134
1202,2,0.03926326105053113
1202,3,0.04410887926074417
1202,4,0.042284214992656104
1202,5,0.03883108583276195
1202,6,0.03110149690203674
1202,7,0.026238603432160112
1202,8,0.027371280674115882
1202,9,0.02990565947803947
1202,10,0.03491505228940728
1202,11,0.03809253430209681
1202,12,0.03902503606900226
1203,1,0.037902868636939396
1203,2,0.03786472820214364
1203,3,0.04709328103351208
1203,4,0.04733240911298993
1203,5,0.03980486363214287
1203,6,0.037092281820846444
1203,7,0.02758739719592554
1203,8,0.028612653099246613
1203,9,0.031526186918258495
1203,10,0.03397560161532771
1203,11,0.03840711268882765
1203,12,0.03923849336128462
1204,1,0.0428903465863948
1204,2,0.041587529324109064
1204,3,0.0467329760962082
1204,4,0.04697426077469764
1204,5,0.042291101495579055
1204,6,0.037933564379602054
1204,7,0.029356699216626543
1204,8,0.030062299223087993
1204,9,0.0329260586048897
1204,10,0.037257740974410446
1204,11,0.04172577095528762
1204,12,0.043443389899028594
1205,1,0.0383429343547804
1205,2,0.04227662133878645
1205,3,0.04694796362645063
1205,4,0.05116104864651393
1205,5,0.04409896721121804
1205,6,0.04179589321965238
1205,7,0.03296145971326808
1205,8,0.03418919707405971
1205,9,0.036346216071876
1205,10,0.03504562021061413
1205,11,0.03411097790987495
1205,12,0.03597536047459617
1206,1,0.039846896473995495
1206,2,0.04137586894071143
1206,3,0.04574954724856923
1206,4,0.04422810338030147
1206,5,0.039914438106969374
1206,6,0.03319777201305949
1206,7,0.02657863095815842
1206,8,0.027538293788214034
1206,9,0.029413531288632166
1206,10,0.03637167815570894
1206,11,0.03957097307626166
1206,12,0.04091912836738264
1207,1,0.04648950234765699
1207,2,0.04637786389197181
1207,3,0.05003540872861961
1207,4,0.05000948965963377
1207,5,0.04668539556341252
1207,6,0.04332262820617237
1207,7,0.03336895618996543
1207,8,0.03513680361906697
1207,9,0.0384702053932335
1207,10,0.037737852001379475
1207,11,0.03782634009016641
1207,12,0.04283802161478236
1208,1,0.04677903670000381
1208,2,0.047374674505509334
1208,3,0.04926202769275881
1208,4,0.0499304299864911
1208,5,0.047567347158600636
1208,6,0.04462018091024449
1208,7,0.033460933405397235
1208,8,0.0358525488255821
1208,9,0.039339639291880904
1208,10,0.038758466716352656
1208,11,0.03741186667514788
1208,12,0.04194921102053689
1209,1,0.040708853132665056
1209,2,0.040229603712405734
1209,3,0.04791937381469467
1209,4,0.05221463656349056
1209,5,0.042294899855225894
1209,6,0.03866734342110217
1209,7,0.028702596616396042
1209,8,0.03046936467405912
1209,9,0.033133519199612445
1209,10,0.0356932420856531
1209,11,0.04152938286598323
1209,12,0.04220530966481673
1210,1,0.042816752426683785
1210,2,0.04232246414918114
1210,3,0.04568742030913726
1210,4,0.04560962222582333
1210,5,0.0410482980376968
1210,6,0.03772131815165262
1210,7,0.028402422681526474
1210,8,0.030042108794110577
1210,9,0.031899370565608993
1210,10,0.037018271087336546
1210,11,0.04135178689829779
1210,12,0.04322709061594605
1211,1,0.04040143847722597
1211,2,0.038548686190404545
1211,3,0.04427255748666074
1211,4,0.04504909875434139
1211,5,0.0429439511724921
1211,6,0.04028465151316882
1211,7,0.03163083085337865
1211,8,0.03310293960262296
1211,9,0.036095259592521876
1211,10,0.0366101249272227
1211,11,0.041651554409230684
1211,12,0.04160677864527664
1212,1,0.03749463514780556
1212,2,0.03911114229698897
1212,3,0.04179815901478921
1212,4,0.03795000142159977
1212,5,0.033682652028286984
1212,6,0.03356376129313305
1212,7,0.029022165580289378
1212,8,0.02919641774838021
1212,9,0.03387466838239269
1212,10,0.03468720085528861
1212,11,0.039051104583152495
1212,12,0.040183485844092294
1213,1,0.03663172576551561
1213,2,0.03581119112011739
1213,3,0.03973015869463314
1213,4,0.03442557045069129
1213,5,0.03377228492025644
1213,6,0.032359936565625996
1213,7,0.029020209769848846
1213,8,0.028893632419155598
1213,9,0.032378125323828624
1213,10,0.03307069168633828
1213,11,0.03804612374356944
1213,12,0.03785323454648602
1214,1,0.03809233957464885
1214,2,0.0384774629681663
1214,3,0.040228649394267145
1214,4,0.03890526833407371
1214,5,0.032342535443234184
1214,6,0.025576202481994957
1214,7,0.024516140774673487
1214,8,0.02422643876668375
1214,9,0.026635991053437082
1214,10,0.029785352401864553
1214,11,0.03359484542530386
1214,12,0.03662746863786104
1215,1,0.043429286402116615
1215,2,0.045528352847885235
1215,3,0.05199985542268515
1215,4,0.051539856180389226
1215,5,0.04638325102877062
1215,6,0.045001779096516474
1215,7,0.034053900622475625
1215,8,0.03712456263665343
1215,9,0.03885030086280706
1215,10,0.037307162324692764
1215,11,0.03599940734162891
1215,12,0.0390977325826985
1216,1,0.04145684043296196
1216,2,0.039854497259002704
1216,3,0.047229309042412355
1216,4,0.04753139492327936
1216,5,0.041914848243935744
1216,6,0.03971640339382661
1216,7,0.02945154007692523
1216,8,0.0307241089779428
1216,9,0.03424232646744763
1216,10,0.035908173673739885
1216,11,0.041855955295463626
1216,12,0.04373977293759452
1217,1,0.04560505329729612
1217,2,0.04472910909560756
1217,3,0.04505494349488708
1217,4,0.04528750597661813
1217,5,0.0472154820826007
1217,6,0.04538475746099386
1217,7,0.03531321575645079
1217,8,0.0364515305703226
1217,9,0.039180494872759576
1217,10,0.03972539175949404
1217,11,0.047438699688841506
1217,12,0.04867752733701624
1218,1,0.04055333061407737
1218,2,0.040150453743072724
1218,3,0.04435716883298575
1218,4,0.04247816797906164
1218,5,0.039031870781636495
1218,6,0.03245295570591765
1218,7,0.02628682065138391
1218,8,0.027907750039287776
1218,9,0.029667628549265402
1218,10,0.03674200292368789
1218,11,0.038425225822817106
1218,12,0.04038977920543478
1219,1,0.0426905789180706
1219,2,0.04139161759543121
1219,3,0.04816226891908158
1219,4,0.05010737697271748
1219,5,0.041615273046774086
1219,6,0.038507082463618274
1219,7,0.028662239188824084
1219,8,0.03026576782639926
1219,9,0.032944682541302575
1219,10,0.037074050657847246
1219,11,0.04185850737969388
1219,12,0.04310028175428164
1220,1,0.04256525988640438
1220,2,0.04219280164030509
1220,3,0.04556126917109975
1220,4,0.044550232459819844
1220,5,0.04064261531527251
1220,6,0.03580185952351462
1220,7,0.02787898278685215
1220,8,0.028546465703802006
1220,9,0.03097766920820782
1220,10,0.037552763994392606
1220,11,0.04154413949572973
1220,12,0.04341143555086092
1221,1,0.03617466193379934
1221,2,0.03645813717155319
1221,3,0.03860554563008988
1221,4,0.03520573547195805
1221,5,0.032995276513205295
1221,6,0.03241143270788593
1221,7,0.030327941470975967
1221,8,0.029797025269131153
1221,9,0.03226208722713938
1221,10,0.033624178239471815
1221,11,0.03705582577123351
1221,12,0.037419176466865094
1222,1,0.037951850114484195
1222,2,0.038318098446915375
1222,3,0.04310220165622763
1222,4,0.04206934099802069
1222,5,0.03796021038184658
1222,6,0.032844040314412584
1222,7,0.026787514059551105
1222,8,0.02752186377169969
1222,9,0.029831920296206103
1222,10,0.03384117972452577
1222,11,0.038053383912398216
1222,12,0.03899955318846185
1223,1,0.0352691124195515
1223,2,0.03445860907548262
1223,3,0.04067146371418911
1223,4,0.035747734908119805
1223,5,0.03144439213502821
1223,6,0.03191106644526078
1223,7,0.026882054253586325
1223,8,0.026697546403724765
1223,9,0.03024785011075105
1223,10,0.03200318274196146
1223,11,0.036875998128970446
1223,12,0.037076896546211456
1224,1,0.04606392681437754
1224,2,0.043164412461358506
1224,3,0.043253737319088104
1224,4,0.04437464264484627
1224,5,0.04677286311925397
1224,6,0.04543568187874415
1224,7,0.035379094199923126
1224,8,0.03656308624595327
1224,9,0.03949025910680971
1224,10,0.0400352074812743
1224,11,0.0511542853776832
1224,12,0.04694036377626457
1225,1,0.044135617776190135
1225,2,0.041822641883814377
1225,3,0.04981415012043514
1225,4,0.04920308698467946
1225,5,0.04552336014547086
1225,6,0.042345871422692506
1225,7,0.0305933927102843
1225,8,0.032894863823295935
1225,9,0.03563949874991259
1225,10,0.03664277882734064
1225,11,0.04302413636602278
1225,12,0.044718972007889136
1226,1,0.03462318747958613
1226,2,0.035231210432835176
1226,3,0.03709779246886813
1226,4,0.033253621249807366
1226,5,0.03109607270118572
1226,6,0.031211967025960147
1226,7,0.029800122486379647
1226,8,0.029805286989600766
1226,9,0.03016247561739199
1226,10,0.03158428756161849
1226,11,0.0359644007311979
1226,12,0.035459164572599344
1227,1,0.03358365237763901
1227,2,0.033478991724859936
1227,3,0.03689315809194324
1227,4,0.03249562825056422
1227,5,0.030407410848563576
1227,6,0.03065462148711261
1227,7,0.028734522439228315
1227,8,0.02842068757407791
1227,9,0.029421952702954834
1227,10,0.030767021401760655
1227,11,0.033882147790217865
1227,12,0.03505721224127523
1228,1,0.03763038461038415
1228,2,0.037615805374435006
1228,3,0.040967937684199
1228,4,0.03974531949266763
1228,5,0.04007188802838438
1228,6,0.03614341116233157
1228,7,0.03552991550854799
1228,8,0.03419522448644883
1228,9,0.03512645067957383
1228,10,0.036586474167789686
1228,11,0.04453862589692263
1228,12,0.036776827671700686
1229,1,0.04178317041147192
1229,2,0.04084684613589995
1229,3,0.04625391089561836
1229,4,0.045907897207830034
1229,5,0.04122091551779175
1229,6,0.03645660306657167
1229,7,0.02903155865346997
1229,8,0.030464498716913684
1229,9,0.03252133734137765
1229,10,0.037284616795661266
1229,11,0.043397297573512114
1229,12,0.042967760302628125
1230,1,0.04281599510257743
1230,2,0.03998962974105144
1230,3,0.04699722394270691
1230,4,0.046735928995834744
1230,5,0.041730277185725764
1230,6,0.03917446181798496
1230,7,0.02978980208947388
1230,8,0.03065853185956246
1230,9,0.03438426917274022
1230,10,0.036354341715033614
1230,11,0.04379410695575505
1230,12,0.0456015519575618
1231,1,0.0380519032057226
1231,2,0.03653837128527729
1231,3,0.041963784360906406
1231,4,0.03891904811116797
1231,5,0.04531333918214426
1231,6,0.039899437397508467
1231,7,0.03521007275628608
1231,8,0.03584530106439186
1231,9,0.036204489667576945
1231,10,0.034110822959548884
1231,11,0.034925766497899934
1231,12,0.03528968467619089
1232,1,0.0365290087826391
1232,2,0.035245680267488755
1232,3,0.040147154001163976
1232,4,0.035345105252935334
1232,5,0.03150964641056287
1232,6,0.03212529488113077
1232,7,0.02876079590404549
1232,8,0.028423545326025163
1232,9,0.030669804840391775
1232,10,0.03328993269351957
1232,11,0.03770634012102022
1232,12,0.0377228796043968
1233,1,0.04124614669142338
1233,2,0.04057434658595209
1233,3,0.04940389365151345
1233,4,0.049625453881939396
1233,5,0.040988601902036056
1233,6,0.03772611862220611
1233,7,0.027905509956819865
1233,8,0.02914144846813959
1233,9,0.031913767792180685
1233,10,0.03606936538815229
1233,11,0.04135209954264791
1233,12,0.04191023598603523
1234,1,0.046983736499010116
1234,2,0.044377637517069156
1234,3,0.04506822898852147
1234,4,0.04464514917473683
1234,5,0.0476529535239919
1234,6,0.04664245418519071
1234,7,0.034310224875124085
1234,8,0.03560730814860275
1234,9,0.03928467542892109
1234,10,0.04037072151538281
1234,11,0.04597702859472176
1234,12,0.048057636563839205
1235,1,0.03796504243554123
1235,2,0.0390543546584541
1235,3,0.04296044791372095
1235,4,0.04020367960487484
1235,5,0.03691780378341432
1235,6,0.029020898344477755
1235,7,0.02526452345003568
1235,8,0.026426538691145467
1235,9,0.028068710977786415
1235,10,0.034583169063508536
1235,11,0.03647534975344193
1235,12,0.0379416107162006
1236,1,0.04029793779104735
1236,2,0.03979275423174596
1236,3,0.043259971713108344
1236,4,0.04169455301253679
1236,5,0.03861450973777764
1236,6,0.03211724419528208
1236,7,0.026015234646071285
1236,8,0.02771966421735063
1236,9,0.029061331915159708
1236,10,0.03593563917606149
1236,11,0.03834803155327207
1236,12,0.040901404173790866
1237,1,0.038935966192055305
1237,2,0.03938947591559032
1237,3,0.04358314952902444
1237,4,0.04095597764082786
1237,5,0.03823527388116236
1237,6,0.029871805297651707
1237,7,0.025365965472701396
1237,8,0.02656621469053801
1237,9,0.028671626890443724
1237,10,0.035520971982900156
1237,11,0.03771103299813264
1237,12,0.03923665135554902
1238,1,0.036037565743889693
1238,2,0.036469450127413996
1238,3,0.038349391493216596
1238,4,0.03377526286660632
1238,5,0.0326629069498133
1238,6,0.03270929316770357
1238,7,0.029691047867233547
1238,8,0.03009598925164794
1238,9,0.03247152784905345
1238,10,0.033091174045150606
1238,11,0.03604070946357014
1238,12,0.03710763916658539
1239,1,0.041212580837765266
1239,2,0.04039789265913465
1239,3,0.04444340429419028
1239,4,0.04439955581628337
1239,5,0.03902028206898783
1239,6,0.03540833202899883
1239,7,0.029229999592056723
1239,8,0.030326775642471077
1239,9,0.033123904574851294
1239,10,0.03639036401928893
1239,11,0.04171267803656121
1239,12,0.04167826062381979
1240,1,0.034016878625219016
1240,2,0.03440081288530037
1240,3,0.036043293453142486
1240,4,0.033029962376217116
1240,5,0.031877432345420995
1240,6,0.032236258126290135
1240,7,0.029744370142556258
1240,8,0.03038466383345544
1240,9,0.03137314688572705
1240,10,0.03223183499553945
1240,11,0.034374030709478386
1240,12,0.03481970362112179
1241,1,0.0418037498812623
1241,2,0.04207156367195764
1241,3,0.04787900147303408
1241,4,0.04994620430342587
1241,5,0.04023129808519705
1241,6,0.03732758874214275
1241,7,0.02896030405927922
1241,8,0.030120586269282597
1241,9,0.032543784651283936
1241,10,0.03676024042623787
1241,11,0.0398855634801104
1241,12,0.04168864774353422
1242,1,0.039189427567137766
1242,2,0.04106760847840592
1242,3,0.04730507963270094
1242,4,0.04788635764646633
1242,5,0.0433007037853691
1242,6,0.041649978191855494
1242,7,0.032212626472809015
1242,8,0.033396270661546226
1242,9,0.035372450351019526
1242,10,0.034901185285214735
1242,11,0.033391052769679325
1242,12,0.035879707732811024
1243,1,0.04077208335558646
1243,2,0.04448392805620385
1243,3,0.05143257070089493
1243,4,0.0491371006468477
1243,5,0.046338654939102886
1243,6,0.04149024890849408
1243,7,0.03268692968919779
1243,8,0.03411489735969414
1243,9,0.03746711235721373
1243,10,0.03717068189921684
1243,11,0.03541758429046048
1243,12,0.03856328536097877
1244,1,0.0381280556993206
1244,2,0.03772060242696631
1244,3,0.03833983970921017
1244,4,0.035960693051281835
1244,5,0.03742579569222998
1244,6,0.0338939625905816
1244,7,0.034539807412702565
1244,8,0.033749552017809305
1244,9,0.03469857516815932
1244,10,0.03455717944417561
1244,11,0.036930465269207714
1244,12,0.03563123320903896
1245,1,0.04030345768544102
1245,2,0.040142765263982354
1245,3,0.044774895431559096
1245,4,0.04435890840298316
1245,5,0.040032628186894785
1245,6,0.03253682552434552
1245,7,0.027154416042935767
1245,8,0.02842285695849413
1245,9,0.030407472577312973
1245,10,0.03598201459777136
1245,11,0.04108235450783504
1245,12,0.04131728015434017
1246,1,0.03780171979664843
1246,2,0.03773800483270853
1246,3,0.04459979926988068
1246,4,0.04689290877903738
1246,5,0.03920252911460842
1246,6,0.03663988814315165
1246,7,0.027372092898844114
1246,8,0.02821163017728669
1246,9,0.0302854302109807
1246,10,0.03306959134800086
1246,11,0.037800848746481014
1246,12,0.03848281402500278
1247,1,0.04207290137546998
1247,2,0.041304382207424134
1247,3,0.04476414969108044
1247,4,0.0445310405500074
1247,5,0.0395703341551303
1247,6,0.03419127825194138
1247,7,0.028414757504809512
1247,8,0.029420284027475287
1247,9,0.030778804809678845
1247,10,0.03840547216943315
1247,11,0.04168488802110979
1247,12,0.04325262650463517
1248,1,0.03583585867844729
1248,2,0.034726648208703394
1248,3,0.04040955193821835
1248,4,0.03521925595700816
1248,5,0.031500345765820864
1248,6,0.03269341973826812
1248,7,0.027939475261821153
1248,8,0.02774156977582478
1248,9,0.030502691269739143
1248,10,0.03272371238806349
1248,11,0.03687629351160587
1248,12,0.036534782992179486
1249,1,0.045844965117718135
1249,2,0.044377135173831614
1249,3,0.04384671893080116
1249,4,0.044576168823197426
1249,5,0.04688745678683195
1249,6,0.04577333142807931
1249,7,0.0358620231581106
1249,8,0.03645584856711633
1249,9,0.03936346053836901
1249,10,0.04010928182104298
1249,11,0.05127066509783021
1249,12,0.04735799462169687
1250,1,0.039407004513135335
1250,2,0.0404784837510362
1250,3,0.04520923844589866
1250,4,0.044290463551390415
1250,5,0.04035223337860005
1250,6,0.0330575899541495
1250,7,0.027327874064196157
1250,8,0.028658037769292877
1250,9,0.03108213739204553
1250,10,0.03655773251859486
1250,11,0.040253723085807075
1250,12,0.04084256795811288
1251,1,0.04204957088261279
1251,2,0.04061906132470351
1251,3,0.04525540815066265
1251,4,0.04565011540358343
1251,5,0.042103535638839146
1251,6,0.03655981219053624
1251,7,0.028646314348877544
1251,8,0.029954100199168592
1251,9,0.033512852399330335
1251,10,0.036755620039289845
1251,11,0.0427175593675232
1251,12,0.0437463928038613
1252,1,0.0399280505063929
1252,2,0.04238742663918814
1252,3,0.04987842571406652
1252,4,0.0487472475633289
1252,5,0.04507567710184968
1252,6,0.042630583212464435
1252,7,0.032909548618177915
1252,8,0.035262307872382215
1252,9,0.037119230813324335
1252,10,0.03584786337684595
1252,11,0.033920300407046425
1252,12,0.03733024002272403
1253,1,0.04844922342503264
1253,2,0.044023234257335564
1253,3,0.04577124773709314
1253,4,0.045980309593007335
1253,5,0.04831611458564742
1253,6,0.04605751085568778
1253,7,0.03356372419673425
1253,8,0.03604006644019263
1253,9,0.039455950505121865
1253,10,0.04062572284681275
1253,11,0.046965695798292864
1253,12,0.04729788137979415
1254,1,0.03664442493592636
1254,2,0.03489134412985994
1254,3,0.04013701297819811
1254,4,0.034841069833728366
1254,5,0.03170824653177975
1254,6,0.03207344261475998
1254,7,0.028013018256290073
1254,8,0.028187422055037
1254,9,0.031108566830982686
1254,10,0.033269222285648124
1254,11,0.037999482286318206
1254,12,0.03765222898365042
1255,1,0.035300481906149914
1255,2,0.03469576101524161
1255,3,0.03861218026524935
1255,4,0.03941325016984695
1255,5,0.038401668726452655
1255,6,0.03748698652096906
1255,7,0.029656072540955935
1255,8,0.031079700082565664
1255,9,0.0339665673069452
1255,10,0.033237431096053684
1255,11,0.036594872696948694
1255,12,0.03583851390705038
1256,1,0.03879335657063771
1256,2,0.039116456619902665
1256,3,0.043663410127913006
1256,4,0.03910366357308951
1256,5,0.03390246845068434
1256,6,0.03446610735174715
1256,7,0.02929303470767859
1256,8,0.029640890090830246
1256,9,0.033620308778940705
1256,10,0.035423907567855475
1256,11,0.04049730519066792
1256,12,0.041807952528909835
1257,1,0.035118427403934324
1257,2,0.03489470642393429
1257,3,0.039243654223126714
1257,4,0.03453251287372564
1257,5,0.03170931488150163
1257,6,0.031972505980486406
1257,7,0.028660498394589392
1257,8,0.02800108645693413
1257,9,0.031293789918426955
1257,10,0.03393193174133353
1257,11,0.03613313583923961
1257,12,0.037347190862551775
1258,1,0.038883171928234025
1258,2,0.03755470806293731
1258,3,0.040810151238037246
1258,4,0.04127649215977757
1258,5,0.04102336411066279
1258,6,0.03984111840662908
1258,7,0.031044198433575153
1258,8,0.031979681090279835
1258,9,0.035016790315870024
1258,10,0.035303462222275074
1258,11,0.039070666774462096
1258,12,0.03861328142092498
1259,1,0.04045045239252137
1259,2,0.03946060619386982
1259,3,0.04937050929157967
1259,4,0.04699396201864711
1259,5,0.04049007950264194
1259,6,0.0382537641728669
1259,7,0.029051331012536184
1259,8,0.03032628580284211
1259,9,0.03411722861114712
1259,10,0.03522273277117468
1259,11,0.04111737072014657
1259,12,0.04205701536126561
1260,1,0.03872074083548796
1260,2,0.03724060284558453
1260,3,0.03940500038013822
1260,4,0.03815531770015975
1260,5,0.0386228608661495
1260,6,0.03587722172477681
1260,7,0.03532241337046315
1260,8,0.03237742279694281
1260,9,0.03503147473711726
1260,10,0.03498319064278053
1260,11,0.0383491540575241
1260,12,0.03595697630534568
1261,1,0.04790113814429047
1261,2,0.04322883895169484
1261,3,0.0442169817777124
1261,4,0.04540745630879166
1261,5,0.047996668846505025
1261,6,0.04475864796907241
1261,7,0.03489176254159407
1261,8,0.03677265135762167
1261,9,0.040041755637209825
1261,10,0.040837259435284934
1261,11,0.04989236678258419
1261,12,0.04852610535401523
1262,1,0.04535518699867487
1262,2,0.04386094866440169
1262,3,0.04867475481941554
1262,4,0.051711365827746894
1262,5,0.042639106978927345
1262,6,0.042319597655127904
1262,7,0.030698935690722507
1262,8,0.031735253934274614
1262,9,0.033658696882471015
1262,10,0.038672090283182754
1262,11,0.04295140690846139
1262,12,0.04501582334852976
1263,1,0.04436447113342101
1263,2,0.04643812924843195
1263,3,0.05089281390674792
1263,4,0.05086540806330576
1263,5,0.04602624136389636
1263,6,0.04290467670327722
1263,7,0.033478779439506896
1263,8,0.0357038244230884
1263,9,0.038379714708075434
1263,10,0.03703288623137292
1263,11,0.03604156037264541
1263,12,0.04041310634763836
1264,1,0.03922543895792363
1264,2,0.037787539526407614
1264,3,0.04317948996358853
1264,4,0.044485696637591346
1264,5,0.04108838544836198
1264,6,0.038417813433824714
1264,7,0.03046643716646331
1264,8,0.03172332451874492
1264,9,0.03526866891264086
1264,10,0.03540513171010104
1264,11,0.03885567433360642
1264,12,0.039365041632277636
1265,1,0.03829169108909009
1265,2,0.03931678699761551
1265,3,0.04260756754205084
1265,4,0.04071470473287027
1265,5,0.033389483065494656
1265,6,0.027102675878611076
1265,7,0.023851475102587893
1265,8,0.024466472938022253
1265,9,0.026371563494151932
1265,10,0.03125767037040639
1265,11,0.0345018172870429
1265,12,0.03696388215470069
1266,1,0.03605705793650646
1266,2,0.03661751204478809
1266,3,0.039282646458234684
1266,4,0.035317304744492364
1266,5,0.03277610197874096
1266,6,0.03321548176685203
1266,7,0.02986648489041954
1266,8,0.029048468460526097
1266,9,0.03274300762943062
1266,10,0.03301147293201524
1266,11,0.03710798617590004
1266,12,0.037763531902317876
1267,1,0.04490052757467799
1267,2,0.04266929783750448
1267,3,0.04803167569853324
1267,4,0.048454394172268864
1267,5,0.04614111610379918
1267,6,0.043734795472250385
1267,7,0.03194140704898759
1267,8,0.03371461184764451
1267,9,0.03694814005005784
1267,10,0.03859766285949133
1267,11,0.044160798067676796
1267,12,0.045570128758092576
1268,1,0.035433366372904604
1268,2,0.03674852549066682
1268,3,0.03816983307488496
1268,4,0.03466155171280143
1268,5,0.0321423877049277
1268,6,0.032326553775405144
1268,7,0.029993325027184138
1268,8,0.02907968852631492
1268,9,0.03246701379826691
1268,10,0.032684396426804034
1268,11,0.035779185934318836
1268,12,0.037004459373970504
1269,1,0.0348729345145654
1269,2,0.03697914512004495
1269,3,0.04744405516253613
1269,4,0.04127965170859293
1269,5,0.039972519885694315
1269,6,0.037670025405166084
1269,7,0.029259854021729252
1269,8,0.031349240302673616
1269,9,0.03286595729097941
1269,10,0.03209544562418627
1269,11,0.03149696400269441
1269,12,0.03366964854283353
1270,1,0.0421018613123334
1270,2,0.04067109527728865
1270,3,0.04515204162991527
1270,4,0.045856860057977324
1270,5,0.04210274543333182
1270,6,0.036610538807438225
1270,7,0.02856615714327891
1270,8,0.030401925863029262
1270,9,0.03333105823302559
1270,10,0.036507772204177516
1270,11,0.042884174787512504
1270,12,0.044018853278912785
1271,1,0.03879005941962435
1271,2,0.038200628526876286
1271,3,0.04252546289798549
1271,4,0.03969305263161637
1271,5,0.03342447751260481
1271,6,0.03579638209993197
1271,7,0.028182787384790322
1271,8,0.028384808581890873
1271,9,0.03300393691293331
1271,10,0.03391020430464915
1271,11,0.03927816568144529
1271,12,0.03952778709296487
1272,1,0.04178930581469294
1272,2,0.04108464673725791
1272,3,0.047663808671705256
1272,4,0.04972203552575204
1272,5,0.041248084824601565
1272,6,0.037822057172591
1272,7,0.028121218977301073
1272,8,0.02996222830530772
1272,9,0.03263872290650456
1272,10,0.03643929057672777
1272,11,0.040830450340505135
1272,12,0.04237661741245061
1273,1,0.03610709113137319
1273,2,0.03555266619915802
1273,3,0.03911676537260332
1273,4,0.034072661894409814
1273,5,0.03186547245970104
1273,6,0.03154714902874333
1273,7,0.028744490367198176
1273,8,0.02889778916154083
1273,9,0.031549150226245146
1273,10,0.03294242812931971
1273,11,0.03693606119634409
1273,12,0.03717163883308955
1274,1,0.03958537222715176
1274,2,0.04039573601323163
1274,3,0.0459175934675117
1274,4,0.04371083146865909
1274,5,0.03912521267269122
1274,6,0.033353191570165926
1274,7,0.0270108517357
1274,8,0.028374090133305073
1274,9,0.030055137037171675
1274,10,0.03622113181587214
1274,11,0.0397372433216693
1274,12,0.04037684371052126
1275,1,0.043467209283500084
1275,2,0.045482637579748596
1275,3,0.05300703656268542
1275,4,0.0496997020456927
1275,5,0.04690208943720623
1275,6,0.0447631780811982
1275,7,0.03366192680924432
1275,8,0.03582128995912695
1275,9,0.03816999840476154
1275,10,0.036987959561711234
1275,11,0.03678613956534401
1275,12,0.040471004889381955
1276,1,0.04109978935165287
1276,2,0.04073814039446668
1276,3,0.04880264544590681
1276,4,0.05029262611810873
1276,5,0.04101594181881152
1276,6,0.0372028781630691
1276,7,0.028910362795872308
1276,8,0.029546271243432565
1276,9,0.03290070524519159
1276,10,0.036047836309777315
1276,11,0.04109236802129159
1276,12,0.04209512254335826
1277,1,0.03371125637163131
1277,2,0.03422441754381538
1277,3,0.03648941798743083
1277,4,0.03259786236377507
1277,5,0.030952706800111796
1277,6,0.03114724127458024
1277,7,0.02861372644644239
1277,8,0.02926454111031977
1277,9,0.029615422566623813
1277,10,0.03103754823803221
1277,11,0.03430092785043018
1277,12,0.03507958723136793
1278,1,0.03823551908145668
1278,2,0.03859241674773703
1278,3,0.042901452484656946
1278,4,0.038609139765191765
1278,5,0.03332565908743696
1278,6,0.03480471235044337
1278,7,0.028822963571585057
1278,8,0.029561570350511924
1278,9,0.03314553524353197
1278,10,0.034353963545451324
1278,11,0.03968272571839978
1278,12,0.040947903898553704
1279,1,0.036216729387716064
1279,2,0.035948088576107734
1279,3,0.04167139332752159
1279,4,0.03601939525136071
1279,5,0.03224412114952897
1279,6,0.032815506584323
1279,7,0.02828352537576025
1279,8,0.02779085872729486
1279,9,0.0314487030226011
1279,10,0.033183867283885525
1279,11,0.03779037391891311
1279,12,0.03716538762357635
1280,1,0.02505280507963431
1280,2,0.026644120714864047
1280,3,0.03185598765557306
1280,4,0.0324659452447103
1280,5,0.030793466878860472
1280,6,0.030117213760128044
1280,7,0.024360716473432405
1280,8,0.02540450441886917
1280,9,0.027446951110471556
1280,10,0.024957570181965424
1280,11,0.024357028970480425
1280,12,0.025180925103053836
1281,1,0.042968386566297784
1281,2,0.04194267550698566
1281,3,0.04654777267324292
1281,4,0.04578695296135205
1281,5,0.04196823529855939
1281,6,0.03697458198034565
1281,7,0.029555390360949202
1281,8,0.030016980454437243
1281,9,0.03281870327829738
1281,10,0.03756381605574638
1281,11,0.041449214718351494
1281,12,0.043026333856114256
1282,1,0.03837947421177627
1282,2,0.038402156116068446
1282,3,0.042355492242482945
1282,4,0.04055022510604622
1282,5,0.033357261094913236
1282,6,0.035640718479028666
1282,7,0.027797078331381057
1282,8,0.028346184365507204
1282,9,0.0333176549445284
1282,10,0.032681354015526375
1282,11,0.038470135040195225
1282,12,0.03867653231038226
1283,1,0.046697683513394726
1283,2,0.0416931837407315
1283,3,0.043137553400659466
1283,4,0.04494296687112153
1283,5,0.0470042893665942
1283,6,0.04381057634921204
1283,7,0.03369723015614696
1283,8,0.03541982449652289
1283,9,0.03897252573211044
1283,10,0.039517054339786674
1283,11,0.04829689673167166
1283,12,0.04667370046582411
1284,1,0.0465576050772092
1284,2,0.04309903209058877
1284,3,0.05006627809448228
1284,4,0.04797421382213467
1284,5,0.04610186754431926
1284,6,0.04470860742463746
1284,7,0.03239343079375156
1284,8,0.03327473302905743
1284,9,0.037095972003672914
1284,10,0.03920445249719983
1284,11,0.04620812068112358
1284,12,0.047829928018383996
1285,1,0.038360790447026796
1285,2,0.03726405425986253
1285,3,0.042836978819696135
1285,4,0.04250864159783011
1285,5,0.040487615636757214
1285,6,0.038409579890626565
1285,7,0.030026559141391997
1285,8,0.031710007007625655
1285,9,0.03476752289919779
1285,10,0.03448184142066778
1285,11,0.038620027166806827
1285,12,0.0385527188309412
1286,1,0.04024623419862085
1286,2,0.039009643820978775
1286,3,0.04486656367604854
1286,4,0.04575843281600891
1286,5,0.042194618646666376
1286,6,0.040140694666759555
1286,7,0.030839722624693797
1286,8,0.032751645746820164
1286,9,0.03604478668317131
1286,10,0.036187406800079015
1286,11,0.04041804049121675
1286,12,0.040828075843041815
1287,1,0.03686095031275177
1287,2,0.03879413477272489
1287,3,0.04766191921293787
1287,4,0.04543400095251273
1287,5,0.03425680732049631
1287,6,0.0322731491899706
1287,7,0.023419300263090338
1287,8,0.023986910920334323
1287,9,0.025868160785969065
1287,10,0.03223373194553634
1287,11,0.03825754392539924
1287,12,0.03701905590378528
1288,1,0.03864333699111337
1288,2,0.03805380914522143
1288,3,0.046086414774736593
1288,4,0.0464742860260746
1288,5,0.039969041859005836
1288,6,0.0381032011639409
1288,7,0.02816417826994328
1288,8,0.029645129761657552
1288,9,0.03282124975610117
1288,10,0.034324502337216074
1288,11,0.03943573478119224
1288,12,0.039942916250722965
1289,1,0.04169760155880154
1289,2,0.04056552645669495
1289,3,0.044522573606245605
1289,4,0.043962575465171266
1289,5,0.04013366996483977
1289,6,0.0334242640902006
1289,7,0.027838201891558105
1289,8,0.02897338308292033
1289,9,0.030652217750665522
1289,10,0.03742555204840316
1289,11,0.04010381142792124
1289,12,0.04149022375904905
1290,1,0.03701472779356196
1290,2,0.03681251993538959
1290,3,0.040494254158368465
1290,4,0.03683974853619417
1290,5,0.03383154399250223
1290,6,0.03451729819152188
1290,7,0.029798974239310137
1290,8,0.028983470875087073
1290,9,0.03338721759224643
1290,10,0.034417803642577474
1290,11,0.03770595887310334
1290,12,0.03908094558408937
1291,1,0.04295241473497945
1291,2,0.04174321559458647
1291,3,0.04523412394018294
1291,4,0.046458384078318156
1291,5,0.04119002817611606
1291,6,0.03662690561622991
1291,7,0.02906685772642712
1291,8,0.03028145924217933
1291,9,0.033570179735162645
1291,10,0.03798782238441147
1291,11,0.043602132597894444
1291,12,0.04363576936020313
1292,1,0.039316527733336666
1292,2,0.03933800255730571
1292,3,0.042744288512344214
1292,4,0.04165375913134702
1292,5,0.03692462277335989
1292,6,0.03276049784002289
1292,7,0.026500412181752808
1292,8,0.028477368029889844
1292,9,0.031178136211356625
1292,10,0.034798553683032564
1292,11,0.039593947283277836
1292,12,0.03974028632297175
1293,1,0.041943490117755694
1293,2,0.044385341722840733
1293,3,0.05122031677180462
1293,4,0.049850064083861084
1293,5,0.04483832662850783
1293,6,0.044225378575100546
1293,7,0.03328925906159579
1293,8,0.03629773635310187
1293,9,0.03820492928923811
1293,10,0.035588782815416616
1293,11,0.035135550031934325
1293,12,0.03802237191272745
1294,1,0.0386832458629683
1294,2,0.03844645087804676
1294,3,0.04189281363239892
1294,4,0.03785298898137108
1294,5,0.03383131017882053
1294,6,0.03528729364551219
1294,7,0.029795777118185058
1294,8,0.029381154477673806
1294,9,0.03304417029795421
1294,10,0.03515543686260224
1294,11,0.040285569124257944
1294,12,0.04013761784048912
1295,1,0.040464833914278825
1295,2,0.03964524689955339
1295,3,0.04885893774172769
1295,4,0.05105508460406049
1295,5,0.040836136532750214
1295,6,0.03704260354113938
1295,7,0.02932055805349845
1295,8,0.029412476942674484
1295,9,0.03282346108771956
1295,10,0.03537927486516802
1295,11,0.040769708274178286
1295,12,0.04181093599927194
1296,1,0.03954438478781267
1296,2,0.04001185674469103
1296,3,0.04499988662300799
1296,4,0.04319664883250444
1296,5,0.03939300548716924
1296,6,0.032630484607878346
1296,7,0.026674332383856154
1296,8,0.02828418302818576
1296,9,0.03025038203532919
1296,10,0.03594094950092692
1296,11,0.03921640746823061
1296,12,0.04120603993153631
1297,1,0.04694017200095449
1297,2,0.04261484987885845
1297,3,0.04396601911442558
1297,4,0.04455374798040704
1297,5,0.047524012597816176
1297,6,0.0451144189525058
1297,7,0.033826837631394754
1297,8,0.035436291148740064
1297,9,0.03822522693155601
1297,10,0.03937048187819561
1297,11,0.046138280990632954
1297,12,0.04644304984125828
1298,1,0.03810050269258891
1298,2,0.03731616812066361
1298,3,0.03896100276132207
1298,4,0.03696149868294835
1298,5,0.03832733918515279
1298,6,0.03550538160100243
1298,7,0.036241201287353086
1298,8,0.03325737452800199
1298,9,0.03465972127283939
1298,10,0.03496651486510142
1298,11,0.038541513929202374
1298,12,0.03556425504446506
1299,1,0.04368700430831945
1299,2,0.042639130681141
1299,3,0.04748980003564352
1299,4,0.04729649913154068
1299,5,0.04231926551132594
1299,6,0.03687917557245067
1299,7,0.02931291415659787
1299,8,0.031151382088988967
1299,9,0.03387234348995279
1299,10,0.03824596394753957
1299,11,0.043548225935917236
1299,12,0.04537190683411583
1300,1,0.03585982145008409
1300,2,0.036312680077927234
1300,3,0.03755128252220335
1300,4,0.03314714608301478
1300,5,0.0318911753856075
1300,6,0.03185537715794938
1300,7,0.03022477824338667
1300,8,0.030340906901552084
1300,9,0.0325116478651571
1300,10,0.03263259022900972
1300,11,0.03502834835069243
1300,12,0.036070308427818325
1301,1,0.047373321572047225
1301,2,0.042953310924505876
1301,3,0.044476762565148716
1301,4,0.043887692994480594
1301,5,0.04847769654041556
1301,6,0.04456775480732007
1301,7,0.034525845085553335
1301,8,0.03644886823760985
1301,9,0.0393587665979124
1301,10,0.04099124895657516
1301,11,0.050659267228269564
1301,12,0.04868599768199535
1302,1,0.04782374881449498
1302,2,0.045306979814498556
1302,3,0.046167982378997656
1302,4,0.04780326539507077
1302,5,0.047831836918541655
1302,6,0.0457887910891849
1302,7,0.034602234830786005
1302,8,0.03624919094164076
1302,9,0.039276303601119215
1302,10,0.04003253907523468
1302,11,0.045360326910285326
1302,12,0.0493904977712347
1303,1,0.045830015223657955
1303,2,0.04687613408032777
1303,3,0.05087218332123256
1303,4,0.0509620601682692
1303,5,0.04656750234735484
1303,6,0.044443591642262345
1303,7,0.03390465158185118
1303,8,0.03590678329096343
1303,9,0.03905714290692467
1303,10,0.03738760916104362
1303,11,0.036325657535253686
1303,12,0.04075883585685931
1304,1,0.03822981819561148
1304,2,0.03839729626929273
1304,3,0.040874361039326276
1304,4,0.03986735232259281
1304,5,0.043255288867639324
1304,6,0.03953487844185838
1304,7,0.03650302992289627
1304,8,0.035282253338253945
1304,9,0.03626502528808732
1304,10,0.03681274274053801
1304,11,0.04019731581523766
1304,12,0.03788390715368783
1305,1,0.0370002661816662
1305,2,0.040312923928080495
1305,3,0.046264127586340534
1305,4,0.04982154761301516
1305,5,0.04063186449831159
1305,6,0.0399261985325738
1305,7,0.032185467598528986
1305,8,0.03328894276855204
1305,9,0.0349512335317312
1305,10,0.03481278717514458
1305,11,0.03259187354871443
1305,12,0.03513754486712194
1306,1,0.038270233253749675
1306,2,0.03818291274688791
1306,3,0.04348858745995033
1306,4,0.04318881023339517
1306,5,0.03908639319436587
1306,6,0.03334757535480426
1306,7,0.026892009743417846
1306,8,0.027907532375518056
1306,9,0.030351376218897285
1306,10,0.035572954570589156
1306,11,0.03883670083404287
1306,12,0.03958784764475596
1307,1,0.035829429378214483
1307,2,0.03601237298511207
1307,3,0.04075973996788231
1307,4,0.03589010703180054
1307,5,0.031470818499944646
1307,6,0.03285946067151097
1307,7,0.02708785813397638
1307,8,0.0273636044770589
1307,9,0.03118587394955318
1307,10,0.03267607033885064
1307,11,0.03715145303697058
1307,12,0.037942441641457686
1308,1,0.03619500964715217
1308,2,0.03592244523091861
1308,3,0.03738691564793754
1308,4,0.033047523806597374
1308,5,0.032121712854916155
1308,6,0.032502529711983405
1308,7,0.029982275599891785
1308,8,0.030366799269847696
1308,9,0.03172732754824175
1308,10,0.03213466414021866
1308,11,0.03568199422921447
1308,12,0.03599702435503812
1309,1,0.0476449902457698
1309,2,0.04479509764056798
1309,3,0.04514192652327439
1309,4,0.04514525208606406
1309,5,0.048227760811299814
1309,6,0.0462689406248424
1309,7,0.034821630235942994
1309,8,0.03671832780543011
1309,9,0.039662822030886405
1309,10,0.041088629793634666
1309,11,0.04767789982137042
1309,12,0.04948536478107409
1310,1,0.04543899979865595
1310,2,0.04182356987485043
1310,3,0.04370239103602971
1310,4,0.044546282071217844
1310,5,0.04742962165074795
1310,6,0.04348295321355075
1310,7,0.034584473634674096
1310,8,0.03640538739770644
1310,9,0.03919293615193647
1310,10,0.0401183545592134
1310,11,0.049186986349008296
1310,12,0.05034829390896334
1311,1,0.037915092293042844
1311,2,0.03798108963079794
1311,3,0.04644258479999962
1311,4,0.04587263431462783
1311,5,0.039653657243471696
1311,6,0.03719237296314252
1311,7,0.02860960104802404
1311,8,0.02912707629284285
1311,9,0.031831378525916186
1311,10,0.03405984543492881
1311,11,0.038538405494573796
1311,12,0.038701129175381634
1312,1,0.035094736887707825
1312,2,0.03450332671334827
1312,3,0.03873985141674842
1312,4,0.03410766372228066
1312,5,0.031073724162057788
1312,6,0.03128969654036646
1312,7,0.02849225738864356
1312,8,0.02807796603703289
1312,9,0.030006279944296128
1312,10,0.03290687497215221
1312,11,0.03623979592393497
1312,12,0.037406948088089885
1313,1,0.04213724258764968
1313,2,0.04127272942805685
1313,3,0.04564498706687709
1313,4,0.046396670041265346
1313,5,0.04174467224677092
1313,6,0.03693970993533729
1313,7,0.028911065650036774
1313,8,0.030359202294187964
1313,9,0.03261346462970072
1313,10,0.03699929140906502
1313,11,0.04191507458659111
1313,12,0.04391184592766128
1314,1,0.0376603672328775
1314,2,0.041706844996333266
1314,3,0.0473366780394437
1314,4,0.05278680624779579
1314,5,0.044818863509548626
1314,6,0.042404733821440076
1314,7,0.03412178433044603
1314,8,0.03573691225730342
1314,9,0.03763889151865738
1314,10,0.03525235236993119
1314,11,0.033483866000349465
1314,12,0.03551330082344318
1315,1,0.04042685879014237
1315,2,0.0397389509642313
1315,3,0.04781198579483722
1315,4,0.04953557056732638
1315,5,0.04079532604597277
1315,6,0.03700701604492858
1315,7,0.027954357107030765
1315,8,0.029850732432355198
1315,9,0.03180611734423175
1315,10,0.0356296113258554
1315,11,0.04060295979430008
1315,12,0.04135553445743305
1316,1,0.03762703186976017
1316,2,0.03865815927210132
1316,3,0.045463637343336964
1316,4,0.04516129208173497
1316,5,0.03669208247250895
1316,6,0.035369587523441236
1316,7,0.026697727191523343
1316,8,0.02831161143761151
1316,9,0.0307001264017807
1316,10,0.033268095860895214
1316,11,0.03648541678035397
1316,12,0.0377840609739843
1317,1,0.03605640872689768
1317,2,0.03468621080543543
1317,3,0.04106572421492893
1317,4,0.03554065586664855
1317,5,0.031737248946796366
1317,6,0.03118468886089322
1317,7,0.028553862813747517
1317,8,0.028397308765164976
1317,9,0.029949140741398823
1317,10,0.0335304599548479
1317,11,0.037899379850667395
1317,12,0.037757042661404554
1318,1,0.03905365042980155
1318,2,0.039096355204180824
1318,3,0.04901037296766347
1318,4,0.04983383267669938
1318,5,0.04057919246502119
1318,6,0.03776424370107856
1318,7,0.02909463409886606
1318,8,0.029339777160036155
1318,9,0.032487431944862255
1318,10,0.034241574814938204
1318,11,0.03921967374365366
1318,12,0.03942461644399372
1319,1,0.04534321753041443
1319,2,0.044154584853680866
1319,3,0.04844035362154532
1319,4,0.05068367873344224
1319,5,0.042710642922084145
1319,6,0.04095000986891737
1319,7,0.030269374606733353
1319,8,0.03174725658130478
1319,9,0.03371193215584349
1319,10,0.03849892715392785
1319,11,0.04227836389290765
1319,12,0.04441726844079108
1320,1,0.03798595799902965
1320,2,0.040028527099809606
1320,3,0.04407974682498989
1320,4,0.04170118670038278
1320,5,0.03765101508842483
1320,6,0.03267932532722543
1320,7,0.026408876147700815
1320,8,0.026817952893768194
1320,9,0.02993303349597668
1320,10,0.03394884714486102
1320,11,0.03813303558631019
1320,12,0.03869174763799221
1321,1,0.03555553430684682
1321,2,0.03636686394990048
1321,3,0.038157994185968255
1321,4,0.033063564846144665
1321,5,0.03233320214524083
1321,6,0.03257637597653986
1321,7,0.029988751427752744
1321,8,0.02991541176828475
1321,9,0.03234752816872305
1321,10,0.032827716272247065
1321,11,0.03555181197371771
1321,12,0.036863652869855296
1322,1,0.04000770418789358
1322,2,0.03992078692438151
1322,3,0.04361380768520859
1322,4,0.04234600147531989
1322,5,0.039072463915921875
1322,6,0.03232918461187178
1322,7,0.026518063392175606
1322,8,0.02751855466143953
1322,9,0.029610699176464635
1322,10,0.035838672436433974
1322,11,0.03897195132698277
1322,12,0.03982755046262213
1323,1,0.04323656395928242
1323,2,0.03990536934966424
1323,3,0.04656558202696736
1323,4,0.04669755728660298
1323,5,0.04155030733948442
1323,6,0.0394608601451526
1323,7,0.030091912453042078
1323,8,0.03074281279714783
1323,9,0.03491063174772307
1323,10,0.03614823622573507
1323,11,0.04383487165277697
1323,12,0.045427966470520366
1324,1,0.03475480406047043
1324,2,0.03515770740751299
1324,3,0.03671775155055061
1324,4,0.033797671457280534
1324,5,0.03218210751157393
1324,6,0.03187798622726713
1324,7,0.029551883763333574
1324,8,0.030168515892922333
1324,9,0.03175889540941881
1324,10,0.03244825880393502
1324,11,0.03535059760920757
1324,12,0.03546103069555298
1325,1,0.04154363044833514
1325,2,0.044027971155834913
1325,3,0.05074359110959734
1325,4,0.04904996383945028
1325,5,0.04455815746047211
1325,6,0.04140443256490474
1325,7,0.0324472376821405
1325,8,0.034909968027648335
1325,9,0.03717449221579389
1325,10,0.03629832795854603
1325,11,0.03552867668932784
1325,12,0.038613436249559104
1326,1,0.042828005046842234
1326,2,0.0413090877058294
1326,3,0.04547342123232684
1326,4,0.04658811776951738
1326,5,0.04440977003356374
1326,6,0.041711172599466904
1326,7,0.03167718687983758
1326,8,0.03320414159337168
1326,9,0.0363946971422342
1326,10,0.03725225530343221
1326,11,0.0443241546022235
1326,12,0.04506455022375535
1327,1,0.03608838152205474
1327,2,0.03546559303854235
1327,3,0.03861095828208994
1327,4,0.03430543461965675
1327,5,0.03201321220172719
1327,6,0.031467624288050555
1327,7,0.028956852456261475
1327,8,0.028599402254876415
1327,9,0.030303117922259516
1327,10,0.03348624940633147
1327,11,0.03678610765708035
1327,12,0.03769883125208231
1328,1,0.04715048367543823
1328,2,0.043669526731311296
1328,3,0.04514813256333884
1328,4,0.045074671050667266
1328,5,0.047598817263645274
1328,6,0.045075125882410604
1328,7,0.03401274586106333
1328,8,0.03636587741046121
1328,9,0.03921929783585514
1328,10,0.04050676479520449
1328,11,0.04824308547896402
1328,12,0.048246413048673144
1329,1,0.03487642124413857
1329,2,0.03483239760098854
1329,3,0.038910493699548986
1329,4,0.0340333515602423
1329,5,0.032442290611520964
1329,6,0.032383488133730425
1329,7,0.02895015541415925
1329,8,0.029458420549713798
1329,9,0.032039668378244075
1329,10,0.0325250489722985
1329,11,0.03536613418679071
1329,12,0.035744068092598544
1330,1,0.03809192940585093
1330,2,0.037586078136928415
1330,3,0.03834191667324386
1330,4,0.03599000785764048
1330,5,0.03682373964421002
1330,6,0.03410285509764393
1330,7,0.033676328361964804
1330,8,0.032941742306119556
1330,9,0.03404301718952608
1330,10,0.03404473273088469
1330,11,0.03599009923802326
1330,12,0.03569912172865781
1331,1,0.04769225657521009
1331,2,0.044359277012034556
1331,3,0.04529365401755708
1331,4,0.045896808797407644
1331,5,0.04791703568265984
1331,6,0.04555257120048147
1331,7,0.034169451155568104
1331,8,0.0361377893874589
1331,9,0.03919497143468199
1331,10,0.04038438274166167
1331,11,0.0461030773733269
1331,12,0.04859572388215789
1332,1,0.042359578033869374
1332,2,0.04110884802088883
1332,3,0.046189838260135944
1332,4,0.046295036207781554
1332,5,0.04121085603822635
1332,6,0.03715207564274245
1332,7,0.02818273148718639
1332,8,0.02974017969232406
1332,9,0.03132599862176354
1332,10,0.03651947019868809
1332,11,0.041497034432944564
1332,12,0.04283219204819358
1333,1,0.05127773032763576
1333,2,0.04603274669887936
1333,3,0.05309801695740449
1333,4,0.051337172403091914
1333,5,0.046009419468280306
1333,6,0.042100455136566184
1333,7,0.03234623540434807
1333,8,0.032753603004711335
1333,9,0.03635774444860726
1333,10,0.039267056821416416
1333,11,0.04823300918472788
1333,12,0.049472323325246786
1334,1,0.038344232478911444
1334,2,0.037378237187456045
1334,3,0.0398242845204185
1334,4,0.03754687195666526
1334,5,0.03748374977947079
1334,6,0.03555524431645633
1334,7,0.03501951023496242
1334,8,0.032554134626690365
1334,9,0.03474585556567436
1334,10,0.033917801553130525
1334,11,0.0368899748952144
1334,12,0.035996681028369136
1335,1,0.04433492016176178
1335,2,0.04767037371866192
1335,3,0.050179803689409656
1335,4,0.05152244815092043
1335,5,0.04671346555003969
1335,6,0.04489761893114323
1335,7,0.03412643366761704
1335,8,0.03612928704707268
1335,9,0.03807530198407972
1335,10,0.03731028068338217
1335,11,0.03588728915237783
1335,12,0.0394905779908275
1336,1,0.03786438729688653
1336,2,0.03660808673602991
1336,3,0.04058577432265546
1336,4,0.040967683023424184
1336,5,0.040433187284668916
1336,6,0.039148147023786634
1336,7,0.030519175588960917
1336,8,0.032437361233971
1336,9,0.035289771478023
1336,10,0.034555589197540024
1336,11,0.03908152117536992
1336,12,0.03787185054050271
1337,1,0.040984836568487636
1337,2,0.0401856702375069
1337,3,0.04997878668211604
1337,4,0.051063669597146706
1337,5,0.040723338513220915
1337,6,0.03669842609267686
1337,7,0.028267466537295092
1337,8,0.02959699919236259
1337,9,0.032820458902055996
1337,10,0.03536455999401109
1337,11,0.04116827654176554
1337,12,0.04150781789800537
1338,1,0.04163466512749346
1338,2,0.04120179142215895
1338,3,0.044613932738729725
1338,4,0.04448256991928151
1338,5,0.040108773750670706
1338,6,0.0342797895977593
1338,7,0.028588529017056132
1338,8,0.02913583447978166
1338,9,0.030756559743602
1338,10,0.037926832152809904
1338,11,0.040509054760966265
1338,12,0.04179873664588067
1339,1,0.03895907599606934
1339,2,0.03891783488017556
1339,3,0.04253961993431853
1339,4,0.0390146686499033
1339,5,0.03467561602761519
1339,6,0.03503194412625225
1339,7,0.02926442839352099
1339,8,0.030404785142954107
1339,9,0.033680748379729716
1339,10,0.03491881637248016
1339,11,0.040424420852799264
1339,12,0.04060508634901385
1340,1,0.04250526013944684
1340,2,0.04030541030250838
1340,3,0.047448533105048624
1340,4,0.047270736445322314
1340,5,0.045122660918553284
1340,6,0.04204830886633052
1340,7,0.02992035818048493
1340,8,0.03227527004686317
1340,9,0.03527180092713339
1340,10,0.0363476724285733
1340,11,0.04258979070363333
1340,12,0.04470679897430357
1341,1,0.04254831431230989
1341,2,0.04101693772313568
1341,3,0.04777311798231882
1341,4,0.04747655887669901
1341,5,0.04398921113029658
1341,6,0.04175338675205904
1341,7,0.030402637232263025
1341,8,0.03198384239868017
1341,9,0.03475938746057617
1341,10,0.03635757764722364
1341,11,0.04206726745379045
1341,12,0.04369380690426474
1342,1,0.03702207610470312
1342,2,0.03613799506965156
1342,3,0.03891916210089686
1342,4,0.034037031031784425
1342,5,0.033396895531633414
1342,6,0.0325222717403083
1342,7,0.029585699368174654
1342,8,0.02958848963303967
1342,9,0.03156685645366146
1342,10,0.033718888125991754
1342,11,0.037123740934384024
1342,12,0.03781489975944851
1343,1,0.041332859541420186
1343,2,0.041107751273264305
1343,3,0.046698951778223675
1343,4,0.046464367602376634
1343,5,0.04016751345043579
1343,6,0.0366130698978245
1343,7,0.028710008055542684
1343,8,0.029781369215347537
1343,9,0.03209969050391482
1343,10,0.035653723362372707
1343,11,0.04045162220435749
1343,12,0.041712857880631025
1344,1,0.03728417720628378
1344,2,0.03703291105865595
1344,3,0.04155822080367948
1344,4,0.03708135265670012
1344,5,0.03300421458348639
1344,6,0.03329388565332984
1344,7,0.029031695090202876
1344,8,0.02845171667740992
1344,9,0.03325275072780359
1344,10,0.034543540838610325
1344,11,0.039425294880198004
1344,12,0.03941930197063165
1345,1,0.04326956854822405
1345,2,0.042565325808767616
1345,3,0.04610094957865732
1345,4,0.04619580828020716
1345,5,0.04109602065062837
1345,6,0.03843305312363746
1345,7,0.027997676141331963
1345,8,0.029777265788890978
1345,9,0.032185176658619856
1345,10,0.03735472748941363
1345,11,0.04168144505175108
1345,12,0.04369125351285938
1346,1,0.03832215334676942
1346,2,0.03832168000247174
1346,3,0.04668100724435948
1346,4,0.04734384289296521
1346,5,0.039112951597125495
1346,6,0.036600019209933006
1346,7,0.027530000755243846
1346,8,0.02850523693721533
1346,9,0.03136955079861627
1346,10,0.033990681411037296
1346,11,0.03878849903581777
1346,12,0.03949775076509982
1347,1,0.03580193135506218
1347,2,0.03740043635738219
1347,3,0.04088042655192515
1347,4,0.038939545380344776
1347,5,0.035242893340303075
1347,6,0.028745427742861804
1347,7,0.024843233981006917
1347,8,0.026062576743289434
1347,9,0.027649138775686855
1347,10,0.033815162907520686
1347,11,0.03590878350806249
1347,12,0.036853967899853415
1348,1,0.043976341639154516
1348,2,0.04521442334022709
1348,3,0.05049165501231447
1348,4,0.049553024695650066
1348,5,0.04596160022149479
1348,6,0.04219264050265885
1348,7,0.03331056694723936
1348,8,0.035978934803704975
1348,9,0.037940578492077076
1348,10,0.03640420145494957
1348,11,0.03633511102624285
1348,12,0.039941768041748066
1349,1,0.033014245664276076
1349,2,0.0350665757019203
1349,3,0.03900359289722937
1349,4,0.04474025198367918
1349,5,0.038744768713143696
1349,6,0.03799359908581848
1349,7,0.030304068033385374
1349,8,0.03131664330913724
1349,9,0.03249497377613091
1349,10,0.030576161131973978
1349,11,0.030576398627108883
1349,12,0.032114092704077724
1350,1,0.041249024306124676
1350,2,0.04137231993692813
1350,3,0.0473720234768645
1350,4,0.0498895351837995
1350,5,0.03932701166730668
1350,6,0.03735904058328303
1350,7,0.028861096215137123
1350,8,0.030524276030706152
1350,9,0.03124424325111206
1350,10,0.037060999958636855
1350,11,0.040078230048435935
1350,12,0.040906181052836776
1351,1,0.04326556427295393
1351,2,0.04498541929292469
1351,3,0.05131174511891269
1351,4,0.04858833437490583
1351,5,0.04548997932053511
1351,6,0.04244202351518379
1351,7,0.033079720022379175
1351,8,0.03518941041023005
1351,9,0.0371391350603286
1351,10,0.036224211463709084
1351,11,0.03583033086077183
1351,12,0.03933413850308309
1352,1,0.035099055585159744
1352,2,0.035920025827102686
1352,3,0.03790132363123968
1352,4,0.03430991543787869
1352,5,0.032653988432986614
1352,6,0.03283936021439001
1352,7,0.02970416792572189
1352,8,0.029769764394979508
1352,9,0.03252474674985479
1352,10,0.03280630385895391
1352,11,0.03608510751610741
1352,12,0.036710283483671745
1353,1,0.03868410060783705
1353,2,0.038431844515871665
1353,3,0.04370097181791796
1353,4,0.041941854317464625
1353,5,0.037984217044830966
1353,6,0.03206760101208884
1353,7,0.025652309833278167
1353,8,0.026637283991907283
1353,9,0.028544772139622646
1353,10,0.03476940698883057
1353,11,0.03723926367253359
1353,12,0.0385950988015532
1354,1,0.04761725836684727
1354,2,0.046603942877014075
1354,3,0.05202721839495747
1354,4,0.050041740020385216
1354,5,0.04699251484277954
1354,6,0.044371683673724016
1354,7,0.03360092229336281
1354,8,0.03551334947475131
1354,9,0.03858221753685467
1354,10,0.038818361722573365
1354,11,0.03836931024626197
1354,12,0.04335338625041131
1355,1,0.037810967686009035
1355,2,0.0372688668028965
1355,3,0.03880002445673153
1355,4,0.03939400561584771
1355,5,0.0417713467178597
1355,6,0.0367510831548373
1355,7,0.03514869380795662
1355,8,0.03400785982628844
1355,9,0.03539288595627153
1355,10,0.03782250560605342
1355,11,0.04103703977419493
1355,12,0.03556732016162614
1356,1,0.03846461932504809
1356,2,0.03876726582284251
1356,3,0.04375636444320085
1356,4,0.0433289791867826
1356,5,0.03878337122481885
1356,6,0.03269659690518169
1356,7,0.02690914317826203
1356,8,0.027233808325910425
1356,9,0.030240066544120828
1356,10,0.035052069635176805
1356,11,0.038679996881323515
1356,12,0.03976297513323829
1357,1,0.039938235112793034
1357,2,0.039914203534335786
1357,3,0.044907531142800605
1357,4,0.04452254054682955
1357,5,0.04050329623186481
1357,6,0.032866360630409784
1357,7,0.02723626226107636
1357,8,0.02800608259968079
1357,9,0.030548079468233486
1357,10,0.036325358940030215
1357,11,0.04023993984652093
1357,12,0.04047248801190303
1358,1,0.03953590534059768
1358,2,0.0418954116546429
1358,3,0.04792385239384508
1358,4,0.04828992713098083
1358,5,0.04323437919239291
1358,6,0.03995530922699656
1358,7,0.032137874198570726
1358,8,0.03407997981896821
1358,9,0.036020083098621175
1358,10,0.03499342312410857
1358,11,0.03382413945469708
1358,12,0.03695679608892344
1359,1,0.047837916306290515
1359,2,0.04602149600530786
1359,3,0.04705324114915159
1359,4,0.0484566273753884
1359,5,0.048963332764015766
1359,6,0.044859569422142066
1359,7,0.03482454574930593
1359,8,0.0362025165280538
1359,9,0.03930407584419605
1359,10,0.03945752499686956
1359,11,0.04354341854442956
1359,12,0.048373441660432295
1360,1,0.0460601980090831
1360,2,0.04399676899191993
1360,3,0.04828292373421115
1360,4,0.05212610447622192
1360,5,0.04322903159173943
1360,6,0.04214988131492023
1360,7,0.03063680770905121
1360,8,0.03199353058935859
1360,9,0.03382247932286579
1360,10,0.03847703509975558
1360,11,0.043644791707579074
1360,12,0.046119085695420566
1361,1,0.04038270542403121
1361,2,0.040192205373305784
1361,3,0.044068628573235756
1361,4,0.04337400326058461
1361,5,0.03950766708855851
1361,6,0.03326857518524396
1361,7,0.026572976644222993
1361,8,0.028234600745518392
1361,9,0.029461187886741062
1361,10,0.03676471838569583
1361,11,0.0394296074426482
1361,12,0.0404297667089708
1362,1,0.03699024542141384
1362,2,0.03618609845767126
1362,3,0.04075648296467472
1362,4,0.040794751367679565
1362,5,0.03985959113821923
1362,6,0.03857495770408383
1362,7,0.030187230418086304
1362,8,0.031985262646057264
1362,9,0.035178600690404065
1362,10,0.03389142777838577
1362,11,0.038252789818596776
1362,12,0.03695558742415732
1363,1,0.037511843741628824
1363,2,0.03969892931302191
1363,3,0.048727812886472266
1363,4,0.04589065278679284
1363,5,0.042126233884574225
1363,6,0.03918474282067465
1363,7,0.030739210408265782
1363,8,0.03269824311636871
1363,9,0.034068495353619804
1363,10,0.03329317545298014
1363,11,0.033517902579292894
1363,12,0.03607227142385556
1364,1,0.03978633661502196
1364,2,0.039770832431485624
1364,3,0.04290091073208666
1364,4,0.044368173918541504
1364,5,0.038993493981688936
1364,6,0.03398425798837123
1364,7,0.027854320232920796
1364,8,0.029232906635876462
1364,9,0.03192961972445342
1364,10,0.03665990410420835
1364,11,0.04239090162458426
1364,12,0.0413770785293744
1365,1,0.0422355984279345
1365,2,0.04009924424407536
1365,3,0.045203093516295034
1365,4,0.04475872319472276
1365,5,0.04230802687802698
1365,6,0.039669117316349096
1365,7,0.03196169484629015
1365,8,0.03266035885171803
1365,9,0.035832680586908645
1365,10,0.03662611786684842
1365,11,0.043131997857516965
1365,12,0.043463536906679784
1366,1,0.037591825741627366
1366,2,0.0377923053614973
1366,3,0.03866476091259525
1366,4,0.03665962576125686
1366,5,0.03781940098521362
1366,6,0.0355061093351626
1366,7,0.033594564662169035
1366,8,0.03313656289362258
1366,9,0.034610467779404734
1366,10,0.03720130799894133
1366,11,0.03908048344017704
1366,12,0.03684052193283753
1367,1,0.039757490683269954
1367,2,0.03835862477818086
1367,3,0.04418814250676648
1367,4,0.0447136892596871
1367,5,0.04214711522494077
1367,6,0.040568688141136226
1367,7,0.030444398727800057
1367,8,0.032209615012030235
1367,9,0.035171208943263865
1367,10,0.03534789960124873
1367,11,0.039757206514124316
1367,12,0.03992598074538741
1368,1,0.03821331727248974
1368,2,0.039280257510039135
1368,3,0.04323334763000104
1368,4,0.039226922489748406
1368,5,0.033984174031185414
1368,6,0.03589752944166642
1368,7,0.028753465259495948
1368,8,0.029069310803019388
1368,9,0.03394981589996077
1368,10,0.03501954795388609
1368,11,0.039385836175143255
1368,12,0.04018587330203908
1369,1,0.045831860313216434
1369,2,0.04353398937225903
1369,3,0.049425575232197504
1369,4,0.04793638279759161
1369,5,0.0456897427005601
1369,6,0.04431154706310916
1369,7,0.032277481078684694
1369,8,0.033468989189120675
1369,9,0.03676965988862656
1369,10,0.03890086759244179
1369,11,0.04593232046414154
1369,12,0.047996213450600136
1370,1,0.043818905207636226
1370,2,0.042344628717197685
1370,3,0.04538823172076949
1370,4,0.04558778474227234
1370,5,0.04159464496762022
1370,6,0.03844256095526173
1370,7,0.029574308331710684
1370,8,0.030221779282380783
1370,9,0.03279536787667259
1370,10,0.03802308218657281
1370,11,0.04205499974030714
1370,12,0.04379431118201558
1371,1,0.034861812435527335
1371,2,0.03569932762956834
1371,3,0.04044757286161165
1371,4,0.041432602639753735
1371,5,0.03532514244241412
1371,6,0.03401894331882268
1371,7,0.02630089345798774
1371,8,0.02760035957844845
1371,9,0.029031005027644243
1371,10,0.03143711413668402
1371,11,0.03469628592024769
1371,12,0.03522642252274533
1372,1,0.03804859369958366
1372,2,0.037548560809198474
1372,3,0.045753602132013585
1372,4,0.046572212185493046
1372,5,0.039854291670618214
1372,6,0.03692590584091729
1372,7,0.027864665002133353
1372,8,0.028991906966203157
1372,9,0.03214594919862191
1372,10,0.033734779078443675
1372,11,0.03837153542768142
1372,12,0.03856420857092066
1373,1,0.03961455488339042
1373,2,0.03903924556589875
1373,3,0.047176675568108985
1373,4,0.04927857086563696
1373,5,0.04100324196525622
1373,6,0.03810569770918
1373,7,0.028079514258510917
1373,8,0.028876610885646525
1373,9,0.03175758637920917
1373,10,0.03416997593917636
1373,11,0.03974114971097852
1373,12,0.04018958965303529
1374,1,0.04576087505692857
1374,2,0.04601335249856437
1374,3,0.05040254560942552
1374,4,0.05122676187160366
1374,5,0.04590365693086983
1374,6,0.043749170523208904
1374,7,0.0338286867872043
1374,8,0.03560605501901428
1374,9,0.03816072070966872
1374,10,0.037767411249426855
1374,11,0.036831112975712836
1374,12,0.04186591484683441
1375,1,0.039472843446776394
1375,2,0.037583317201668145
1375,3,0.04216142592760206
1375,4,0.04195735989614089
1375,5,0.04133256922030935
1375,6,0.03944506848914438
1375,7,0.03136234790943213
1375,8,0.0326395680766874
1375,9,0.03610067589652175
1375,10,0.035649000955041095
1375,11,0.040208823489960424
1375,12,0.03985836309946905
1376,1,0.04231138027890618
1376,2,0.04085477757111182
1376,3,0.04604767974390572
1376,4,0.04574679708906879
1376,5,0.04145863375722085
1376,6,0.036439846628179715
1376,7,0.02917594612810203
1376,8,0.029523907117177325
1376,9,0.03152869001679675
1376,10,0.0378510164258453
1376,11,0.04193158408440745
1376,12,0.04349572187898316
1377,1,0.03947556090472653
1377,2,0.039610076392703225
1377,3,0.04415785190168639
1377,4,0.042683281672030025
1377,5,0.03855184627840868
1377,6,0.03268561108554866
1377,7,0.02686172465029696
1377,8,0.02739689556549127
1377,9,0.02974757996157039
1377,10,0.03580979118316546
1377,11,0.03853407824858863
1377,12,0.0398707806638956
1378,1,0.03613387197389357
1378,2,0.03599076902086921
1378,3,0.03990665389045237
1378,4,0.034563097030194403
1378,5,0.032306731424202366
1378,6,0.03206651372952208
1378,7,0.029834026120720825
1378,8,0.02978545751489717
1378,9,0.03183235007354746
1378,10,0.034205444364646
1378,11,0.03816922264356324
1378,12,0.037820402449534184
1379,1,0.03799069385306287
1379,2,0.03756954117913891
1379,3,0.039764828651629794
1379,4,0.03897512374440152
1379,5,0.040140932017136005
1379,6,0.03628471503267632
1379,7,0.03580914633720458
1379,8,0.033618160228507964
1379,9,0.03491929881383233
1379,10,0.03938801057542448
1379,11,0.03970258721090263
1379,12,0.03657742133895493
1380,1,0.0356169325029113
1380,2,0.03510450582132388
1380,3,0.03932438678831521
1380,4,0.03445322830451183
1380,5,0.032131417565127
1380,6,0.031955496990395946
1380,7,0.028620391236573776
1380,8,0.028047145305850996
1380,9,0.031109453634362932
1380,10,0.03314177018064835
1380,11,0.036831481114601425
1380,12,0.036534863373632855
1381,1,0.03717764497757013
1381,2,0.03729498634702689
1381,3,0.039492847383565045
1381,4,0.03563215986679608
1381,5,0.03282497137879357
1381,6,0.03298681326631449
1381,7,0.029591736336284355
1381,8,0.02936557817769078
1381,9,0.032868086111718986
1381,10,0.03393793769863487
1381,11,0.037735196402732596
1381,12,0.03836356298492854
1382,1,0.03777188133393933
1382,2,0.03762968425636273
1382,3,0.045413941422890174
1382,4,0.04800926472103122
1382,5,0.040327828433642986
1382,6,0.03726963515491294
1382,7,0.028121362072413194
1382,8,0.029030413023041535
1382,9,0.03208441093335783
1382,10,0.03353508897087301
1382,11,0.03816559724886244
1382,12,0.0385729523505487
1383,1,0.040265214660337584
1383,2,0.04063039351158637
1383,3,0.04403813656531102
1383,4,0.04451655876523369
1383,5,0.04022147047909841
1383,6,0.03358280691374212
1383,7,0.02750525300510367
1383,8,0.02857340597405343
1383,9,0.031557935390040676
1383,10,0.03640882082607419
1383,11,0.04093749998385979
1383,12,0.042025568985017865
1384,1,0.041414959859335375
1384,2,0.04399129760043845
1384,3,0.05085025291019064
1384,4,0.0496898259142832
1384,5,0.04580035274064159
1384,6,0.043010286890062005
1384,7,0.032820149116098644
1384,8,0.03604145252122379
1384,9,0.03734984187309738
1384,10,0.03562628771374457
1384,11,0.03462851529624442
1384,12,0.037737319105899815
1385,1,0.04153235844426872
1385,2,0.040701924750638566
1385,3,0.04413173803203879
1385,4,0.04344790763470472
1385,5,0.039979848315565884
1385,6,0.0341156218919031
1385,7,0.028030699678151475
1385,8,0.028752464219504694
1385,9,0.030490401325711205
1385,10,0.03735043679965308
1385,11,0.0402005236393932
1385,12,0.04185510555931716
1386,1,0.03993182941406939
1386,2,0.04125821722427692
1386,3,0.04607372052149825
1386,4,0.044117061586024756
1386,5,0.03982078388912507
1386,6,0.03317729570996554
1386,7,0.02678747588425006
1386,8,0.027812377751439677
1386,9,0.03023593904811108
1386,10,0.036019075635552046
1386,11,0.03944944513614244
1386,12,0.04129409728183737
1387,1,0.03522373540805112
1387,2,0.03538713902629376
1387,3,0.03688039176402958
1387,4,0.033379516678983145
1387,5,0.03159889020770315
1387,6,0.03157655829310198
1387,7,0.029223550818461147
1387,8,0.03040006553420622
1387,9,0.030974379932302624
1387,10,0.032140068057615656
1387,11,0.035418727088734045
1387,12,0.03587030727379802
1388,1,0.04325372355277315
1388,2,0.0420966240899087
1388,3,0.04541860286430003
1388,4,0.045378036854449834
1388,5,0.04227137903935721
1388,6,0.0374487853074546
1388,7,0.028899353077523914
1388,8,0.03006334884596414
1388,9,0.032024351546115944
1388,10,0.03733403889641121
1388,11,0.04153256925639534
1388,12,0.04332618516613853
1389,1,0.03734519385303032
1389,2,0.036697215405771526
1389,3,0.041188976165520905
1389,4,0.04130132990774249
1389,5,0.03852778681876893
1389,6,0.0374490661784958
1389,7,0.02941195537110547
1389,8,0.030985168006337254
1389,9,0.033836976541340255
1389,10,0.033944300690794786
1389,11,0.03755985123784212
1389,12,0.038335100077218257
1390,1,0.041726369684022976
1390,2,0.04141421027946422
1390,3,0.045981756118565115
1390,4,0.0470524262662244
1390,5,0.04143788044209777
1390,6,0.037016487506956984
1390,7,0.02934174293785638
1390,8,0.02964273641101746
1390,9,0.032321538339035415
1390,10,0.03657741946570693
1390,11,0.04142839829612132
1390,12,0.04267190191049152
1391,1,0.047533233516286855
1391,2,0.04422905332537757
1391,3,0.045335580776580474
1391,4,0.04583884205583763
1391,5,0.047790812727472994
1391,6,0.04528894396582488
1391,7,0.03426046557860412
1391,8,0.03583193442089451
1391,9,0.03922584062984913
1391,10,0.04051949424721678
1391,11,0.04673155755459268
1391,12,0.04873277417401513
1392,1,0.042860939481834885
1392,2,0.04112661235375374
1392,3,0.04501997546514206
1392,4,0.04447712435796727
1392,5,0.040301027761381066
1392,6,0.035498165463116814
1392,7,0.02814448805129992
1392,8,0.029007555733685117
1392,9,0.03085363933228751
1392,10,0.03789876602855738
1392,11,0.041136878852011775
1392,12,0.042859291669453445
1393,1,0.03826094153165542
1393,2,0.0371499665452297
1393,3,0.039176269267170084
1393,4,0.03666481839334067
1393,5,0.03744631227490441
1393,6,0.03574735356660199
1393,7,0.035378787014981324
1393,8,0.0328421443236172
1393,9,0.03456653067170589
1393,10,0.034685832319142365
1393,11,0.037617308188476216
1393,12,0.03620446363059764
1394,1,0.03865952782470312
1394,2,0.039308358760156314
1394,3,0.04359728706465968
1394,4,0.04159747195723834
1394,5,0.03384167134203048
1394,6,0.03544206572456851
1394,7,0.027672854439742718
1394,8,0.028361134815015662
1394,9,0.03366607242080419
1394,10,0.03476242797153075
1394,11,0.03988145986671383
1394,12,0.0407633183153149
1395,1,0.046930477314849804
1395,2,0.04179010799155591
1395,3,0.04329965518504023
1395,4,0.04393913787884832
1395,5,0.04703581545623259
1395,6,0.044539270271218685
1395,7,0.034238583085990065
1395,8,0.03597445712355983
1395,9,0.039249687703774974
1395,10,0.04050207361816305
1395,11,0.048096426816538196
1395,12,0.04714873764200347
1396,1,0.041593053351061685
1396,2,0.044636663893207904
1396,3,0.050093158456889525
1396,4,0.04857401585530381
1396,5,0.04471693169604042
1396,6,0.04220382631034094
1396,7,0.032747014500924994
1396,8,0.034912926793546184
1396,9,0.037023568489479144
1396,10,0.03605800657254051
1396,11,0.035547880954296236
1396,12,0.038905517783492355
1397,1,0.043350758335272445
1397,2,0.04217174840634104
1397,3,0.046627876115233884
1397,4,0.048337450573765255
1397,5,0.041237046339260744
1397,6,0.03834905033572565
1397,7,0.02929353296886814
1397,8,0.030662058500459864
1397,9,0.033532237614048714
1397,10,0.03755109712270274
1397,11,0.043319340229264404
1397,12,0.04469859628612514
1398,1,0.0388935505663007
1398,2,0.03918520090510166
1398,3,0.04363618414884977
1398,4,0.042285870583516835
1398,5,0.03873849047157753
1398,6,0.03167763454355685
1398,7,0.026716973048250256
1398,8,0.027659500579232266
1398,9,0.029804245757861402
1398,10,0.03533637838569832
1398,11,0.03847366582937275
1398,12,0.03962198101976765
1399,1,0.04002839328011114
1399,2,0.03795382691369678
1399,3,0.04281178392251219
1399,4,0.04059797747434871
1399,5,0.0337929909723596
1399,6,0.03165708318484421
1399,7,0.027272060915511456
1399,8,0.029438578875318692
1399,9,0.033539170065036684
1399,10,0.03529580368578005
1399,11,0.04137849939688371
1399,12,0.0425792234724973
1400,1,0.037180693548725635
1400,2,0.038092569308332415
1400,3,0.04166351680034298
1400,4,0.03926349004459013
1400,5,0.03647992343107693
1400,6,0.02843336643098376
1400,7,0.024559393949900157
1400,8,0.025828782451547874
1400,9,0.027488664314175876
1400,10,0.03366116059611955
1400,11,0.035961517545256186
1400,12,0.03701876698499569
1401,1,0.0369623811843126
1401,2,0.03619069340752532
1401,3,0.0418020015015333
1401,4,0.03676313026845254
1401,5,0.032341329047150584
1401,6,0.03228145226597167
1401,7,0.02732801839631889
1401,8,0.02752752999622606
1401,9,0.031354026735255704
1401,10,0.033296981790128154
1401,11,0.038825873654210426
1401,12,0.03844804643103295
1402,1,0.035298801588535524
1402,2,0.03575333220834727
1402,3,0.037047660941739995
1402,4,0.033131579690815274
1402,5,0.03200276187247635
1402,6,0.03210725345578875
1402,7,0.029755007424196237
1402,8,0.029990379910037085
1402,9,0.032004749484120555
1402,10,0.03300817132180776
1402,11,0.0352714193913092
1402,12,0.035799057491219956
1403,1,0.04223997366573676
1403,2,0.040501538810087015
1403,3,0.04507069891657481
1403,4,0.04529441516913228
1403,5,0.04291232728046691
1403,6,0.04034681032131991
1403,7,0.032224301164073064
1403,8,0.032904274077057004
1403,9,0.03655596872512559
1403,10,0.03715037654616797
1403,11,0.04345284135270475
1403,12,0.04413677161842809
1404,1,0.04115938541784687
1404,2,0.04068530196310011
1404,3,0.04550351168617878
1404,4,0.045869391482836565
1404,5,0.041301775365759276
1404,6,0.03532388228825704
1404,7,0.028729937416883806
1404,8,0.03034413523989614
1404,9,0.032756120719209345
1404,10,0.03705353331477835
1404,11,0.04281287975181176
1404,12,0.043291553587156195
1405,1,0.042075285439190604
1405,2,0.04072232132472217
1405,3,0.045104754917973805
1405,4,0.04681080238347424
1405,5,0.04166130813116692
1405,6,0.037244077088685185
1405,7,0.02926324238354397
1405,8,0.029879569665961475
1405,9,0.03219068206821128
1405,10,0.036480408823399375
1405,11,0.0418550317424619
1405,12,0.043963247352750714
1406,1,0.036709367472003866
1406,2,0.03607830631159807
1406,3,0.03992690761468697
1406,4,0.03426679015614461
1406,5,0.032468921519853935
1406,6,0.03208677321864986
1406,7,0.028787637741112555
1406,8,0.028223699105246795
1406,9,0.03169650990082211
1406,10,0.032470106271845565
1406,11,0.03685769305873206
1406,12,0.038143649545106906
1407,1,0.04079481935357302
1407,2,0.040061553524453876
1407,3,0.048274747474225735
1407,4,0.04967196729368722
1407,5,0.04137662721519272
1407,6,0.03813474789520061
1407,7,0.0283033961707437
1407,8,0.029189086987336695
1407,9,0.032277734259580894
1407,10,0.03538972762710855
1407,11,0.04119420338701554
1407,12,0.04142017966663706
1408,1,0.03668513749716366
1408,2,0.035449907240191016
1408,3,0.04085460392728862
1408,4,0.03512963576996724
1408,5,0.031269106334445
1408,6,0.03156234755986131
1408,7,0.028164324040779554
1408,8,0.028652450881104914
1408,9,0.03062847341370304
1408,10,0.033412240933145126
1408,11,0.0383308469188985
1408,12,0.03802487691275393
1409,1,0.038186479867246645
1409,2,0.03810210730480309
1409,3,0.04062993339251397
1409,4,0.03818846332210447
1409,5,0.03977369045772413
1409,6,0.03636292020598647
1409,7,0.03631328662563759
1409,8,0.03409068375178642
1409,9,0.03506942413419873
1409,10,0.037144364871229484
1409,11,0.0384076386323081
1409,12,0.03678012739152746
1410,1,0.0387864797512625
1410,2,0.03869184078732507
1410,3,0.0425385800203881
1410,4,0.042097302650362864
1410,5,0.038452077861951414
1410,6,0.030611361008096354
1410,7,0.02626732348312705
1410,8,0.027142386608362927
1410,9,0.028814278567402738
1410,10,0.03547915948904908
1410,11,0.03757314140144454
1410,12,0.0390734406026162
1411,1,0.035281441100352424
1411,2,0.03519772613153192
1411,3,0.03742438981202225
1411,4,0.03271122834036462
1411,5,0.03171166458115832
1411,6,0.03211015979058792
1411,7,0.02943212022103358
1411,8,0.029483097133079735
1411,9,0.03123819036976111
1411,10,0.032731858025062045
1411,11,0.034712460111756216
1411,12,0.03573397939727974
1412,1,0.044349355336279664
1412,2,0.04296500823431168
1412,3,0.04676521859939049
1412,4,0.04698934427317063
1412,5,0.041063845337919375
1412,6,0.03970302078055656
1412,7,0.02885077673704804
1412,8,0.030486457153442753
1412,9,0.031803332560584936
1412,10,0.037800882773634775
1412,11,0.04195945846823166
1412,12,0.04341608634799885
1413,1,0.04209684808029019
1413,2,0.040627101085011635
1413,3,0.04597591740006436
1413,4,0.04581245944243121
1413,5,0.04129284752139698
1413,6,0.036912972331500746
1413,7,0.028565469946497148
1413,8,0.02938080767557726
1413,9,0.03123163574411605
1413,10,0.03739240548075519
1413,11,0.04268371215095365
1413,12,0.04300612206397034
1414,1,0.04309065799470884
1414,2,0.041802857060657
1414,3,0.046898435552855444
1414,4,0.04670930774327582
1414,5,0.041970852154361984
1414,6,0.03700648435689341
1414,7,0.028738077812048058
1414,8,0.029806807770316704
1414,9,0.032320958730655935
1414,10,0.037224505598422726
1414,11,0.04178313865030304
1414,12,0.04332571717976434
1415,1,0.04456020257940424
1415,2,0.04281403019061006
1415,3,0.04696437468668855
1415,4,0.046961020451700836
1415,5,0.041957754638352905
1415,6,0.04041633636195407
1415,7,0.030091827435504707
1415,8,0.030438197343106824
1415,9,0.032273291769865216
1415,10,0.03903973158197287
1415,11,0.04355708461760685
1415,12,0.04457380685277304
1416,1,0.038477474270029316
1416,2,0.03688764153577524
1416,3,0.042099365786798466
1416,4,0.03723993066783489
1416,5,0.03356424087349498
1416,6,0.034102592987907646
1416,7,0.02869159923616705
1416,8,0.028899340864622088
1416,9,0.033520922158578985
1416,10,0.034601747363944085
1416,11,0.039125917686329455
1416,12,0.04033204140631543
1417,1,0.03478452678778204
1417,2,0.03519091987458863
1417,3,0.03732265877165857
1417,4,0.03287873205080801
1417,5,0.03213531130040403
1417,6,0.032074813814435985
1417,7,0.028721491374016698
1417,8,0.029568239314092398
1417,9,0.03155166701620858
1417,10,0.032486650991710386
1417,11,0.03509310496008
1417,12,0.03612099132209167
1418,1,0.047113970492622094
1418,2,0.045294869634222794
1418,3,0.0451564392148182
1418,4,0.04599913678547639
1418,5,0.04733459359398093
1418,6,0.04587977851385424
1418,7,0.03541209377108907
1418,8,0.036767075836949374
1418,9,0.03917739383842605
1418,10,0.04039376258838456
1418,11,0.04985006917971516
1418,12,0.04778592965174947
1419,1,0.04093570672212068
1419,2,0.04040857161540267
1419,3,0.0449085238307458
1419,4,0.044279829271016764
1419,5,0.0398806277277244
1419,6,0.03447665972478601
1419,7,0.02827632836773226
1419,8,0.0288420020079082
1419,9,0.031482399209485465
1419,10,0.03701889445568116
1419,11,0.040891086945176756
1419,12,0.04190403641533055
1420,1,0.039975229377913916
1420,2,0.03951335773837103
1420,3,0.04476244655155886
1420,4,0.045320540205953816
1420,5,0.04031978139121481
1420,6,0.03512127897916282
1420,7,0.028220568961271543
1420,8,0.029278669589571434
1420,9,0.03251891279053394
1420,10,0.036112464960055074
1420,11,0.040762320867643385
1420,12,0.041134710784488174
1421,1,0.04389535986831688
1421,2,0.04257513901103706
1421,3,0.04667894628611048
1421,4,0.046840641422439405
1421,5,0.04141201581915279
1421,6,0.03860424553049233
1421,7,0.029584499379578594
1421,8,0.030314505589962747
1421,9,0.03209899262379798
1421,10,0.0375965492173539
1421,11,0.04133176339325205
1421,12,0.04312923580509296
1422,1,0.040391684838953376
1422,2,0.040108260132830725
1422,3,0.04988595221895609
1422,4,0.04983448931320221
1422,5,0.04087782143623715
1422,6,0.037504588736804054
1422,7,0.027968968320080993
1422,8,0.029605529364092515
1422,9,0.03184193681208809
1422,10,0.03501706265460999
1422,11,0.03995241111331935
1422,12,0.0413279738417836
1423,1,0.03466084273792394
1423,2,0.035598543087574375
1423,3,0.03698617011123296
1423,4,0.032803015099458585
1423,5,0.03146365017150595
1423,6,0.031318240114031275
1423,7,0.02911207067625559
1423,8,0.029890788974822363
1423,9,0.03142780718024098
1423,10,0.03199921070963465
1423,11,0.03502755528775735
1423,12,0.035722975528249754
1424,1,0.04016317582125204
1424,2,0.039870767492917576
1424,3,0.047168431669841374
1424,4,0.04965162619447178
1424,5,0.040390377106314344
1424,6,0.036987345704015136
1424,7,0.027915868042906543
1424,8,0.029083068061672632
1424,9,0.031445094172501194
1424,10,0.03465959804081663
1424,11,0.03977935973744814
1424,12,0.040307592643997324
1425,1,0.036493813241484034
1425,2,0.035440061247632486
1425,3,0.040966485438912466
1425,4,0.03574577899904336
1425,5,0.03162219282381905
1425,6,0.03202948823213155
1425,7,0.028241580129128876
1425,8,0.028326785075677482
1425,9,0.03087095408539843
1425,10,0.03380672681593518
1425,11,0.03811290550031732
1425,12,0.03844017792046559
1426,1,0.042684788879072566
1426,2,0.04104925228810962
1426,3,0.04621223374692743
1426,4,0.04563526161394692
1426,5,0.04194941659256727
1426,6,0.0372505101417712
1426,7,0.028729732610486936
1426,8,0.02991667786539828
1426,9,0.0331760009591445
1426,10,0.03743487276906583
1426,11,0.042729437890804634
1426,12,0.045122191877324025
1427,1,0.030687526357029357
1427,2,0.033213623684606466
1427,3,0.03738916782252071
1427,4,0.041264286836626696
1427,5,0.03642930246407645
1427,6,0.03447367792017821
1427,7,0.028722292018586334
1427,8,0.02981784094631643
1427,9,0.03102711868682319
1427,10,0.02929562472540116
1427,11,0.02828725660558008
1427,12,0.029607289654013758
1428,1,0.03927088795829156
1428,2,0.037060043024633726
1428,3,0.04063087726066852
1428,4,0.040715851656042516
1428,5,0.04036271188169102
1428,6,0.03866751494630388
1428,7,0.030611664933315814
1428,8,0.03196943002512375
1428,9,0.035744526530011776
1428,10,0.035532002742269336
1428,11,0.03985394087092413
1428,12,0.039610675458852225
1429,1,0.043588321783238126
1429,2,0.04120239884672695
1429,3,0.049223598689562
1429,4,0.048275442833484034
1429,5,0.04456169416641345
1429,6,0.043028240981263004
1429,7,0.030434521870747168
1429,8,0.032122901373066864
1429,9,0.03513678988819858
1429,10,0.03668365276526776
1429,11,0.04316288394134789
1429,12,0.04499614292383047
1430,1,0.038726455705356565
1430,2,0.038845781023663935
1430,3,0.042967702932691657
1430,4,0.040749794073699434
1430,5,0.03805274010153287
1430,6,0.029667807600654822
1430,7,0.025694347986585972
1430,8,0.0268052187401311
1430,9,0.02930747653650315
1430,10,0.03536124740589104
1430,11,0.03712412994770485
1430,12,0.03877688430138914
1431,1,0.04136081549961507
1431,2,0.04372271536575619
1431,3,0.05085578307123869
1431,4,0.050558026569194135
1431,5,0.044735498080548046
1431,6,0.044700915362312674
1431,7,0.03364002632357211
1431,8,0.03625750808410528
1431,9,0.03794931195312855
1431,10,0.03569720303343066
1431,11,0.034588397581845946
1431,12,0.03770163872867636
1432,1,0.042206508574747795
1432,2,0.04175644353009766
1432,3,0.046331996086163424
1432,4,0.047445232115341775
1432,5,0.040919563413757735
1432,6,0.03775131951397965
1432,7,0.028528466695296285
1432,8,0.029881198917193576
1432,9,0.03225439545325653
1432,10,0.036724346517283665
1432,11,0.04065891744691372
1432,12,0.042166847014134125
1433,1,0.041462060923453545
1433,2,0.04330035943425965
1433,3,0.049693411678966334
1433,4,0.0474702119500517
1433,5,0.044619745132656104
1433,6,0.04123358542802602
1433,7,0.032548925764372356
1433,8,0.03430332721779738
1433,9,0.03640659583432342
1433,10,0.036007318835565016
1433,11,0.03535612338561216
1433,12,0.03872442177067927
1434,1,0.035646715817174164
1434,2,0.03705378357438334
1434,3,0.042762153426025164
1434,4,0.04287054052363409
1434,5,0.0355587662774133
1434,6,0.033847699631223055
1434,7,0.026458098444348096
1434,8,0.027824021787429678
1434,9,0.028831696260256758
1434,10,0.03207697280248652
1434,11,0.03491637100329425
1434,12,0.03611103601904041
1435,1,0.04592732773109771
1435,2,0.04587760557618473
1435,3,0.04519874749568665
1435,4,0.047311947760803816
1435,5,0.04676737087070211
1435,6,0.045985536477996414
1435,7,0.03578082717909276
1435,8,0.0365566423869593
1435,9,0.0389930008853447
1435,10,0.03985334384153095
1435,11,0.04769030830841908
1435,12,0.04627702923110759
1436,1,0.03927865639765639
1436,2,0.04107682609145025
1436,3,0.0484027349567743
1436,4,0.04747432309680178
1436,5,0.044568787328730985
1436,6,0.041231903922146006
1436,7,0.03243674752937727
1436,8,0.03463355902026496
1436,9,0.03524108900302826
1436,10,0.03439939757055398
1436,11,0.03393325427220587
1436,12,0.03630801257362174
1437,1,0.039635050354288354
1437,2,0.04336469149386672
1437,3,0.04944587854101383
1437,4,0.0492229344314717
1437,5,0.04510874495558568
1437,6,0.0431128765194366
1437,7,0.03348910585217281
1437,8,0.03628932844808355
1437,9,0.037685561337806255
1437,10,0.0350430732111839
1437,11,0.034087863633889694
1437,12,0.03671037597006019
1438,1,0.03539690070548499
1438,2,0.03560514778893349
1438,3,0.04041433221400105
1438,4,0.035883462802493216
1438,5,0.031571401612962735
1438,6,0.032156046363254254
1438,7,0.027456366713844577
1438,8,0.026970586319776363
1438,9,0.03105990962353819
1438,10,0.03371348506025604
1438,11,0.03689357441795654
1438,12,0.03762963564474597
1439,1,0.04314890303566698
1439,2,0.04114241610508872
1439,3,0.0463773586055494
1439,4,0.047734578456873886
1439,5,0.041737342384272756
1439,6,0.03730024802936715
1439,7,0.029521870840150934
1439,8,0.03047676239727102
1439,9,0.033340368897214846
1439,10,0.037278079836245204
1439,11,0.04274398512677434
1439,12,0.04414756052346612
1440,1,0.04050309224463666
1440,2,0.03944463023960347
1440,3,0.0433729031262836
1440,4,0.044839358444865515
1440,5,0.04023302296541042
1440,6,0.0349733680852799
1440,7,0.028509473519100617
1440,8,0.029320491992063887
1440,9,0.032015694711229656
1440,10,0.035751541801278715
1440,11,0.041514885501252555
1440,12,0.042480819871445835
1441,1,0.04721642936499413
1441,2,0.044242706010629886
1441,3,0.04472127782628547
1441,4,0.04507535181173191
1441,5,0.047463946673756
1441,6,0.04555569926630301
1441,7,0.03446952160347166
1441,8,0.036535588057258435
1441,9,0.039725273217944994
1441,10,0.04067880646451202
1441,11,0.04863904231325417
1441,12,0.04910351967017766
1442,1,0.044484715019307675
1442,2,0.04271792704373832
1442,3,0.0466016210657832
1442,4,0.04605933077867762
1442,5,0.04140351585078522
1442,6,0.04032970431475712
1442,7,0.029791146038432623
1442,8,0.029765281799059663
1442,9,0.03229084993017152
1442,10,0.03779098282610557
1442,11,0.04297944051998622
1442,12,0.044142934587673245
1443,1,0.03900333536194019
1443,2,0.03943895972759799
1443,3,0.043907927125277704
1443,4,0.04122766249050518
1443,5,0.03878600901648942
1443,6,0.030526197498371124
1443,7,0.025505033751416474
1443,8,0.026873641186817777
1443,9,0.02873311638124258
1443,10,0.03535732832456792
1443,11,0.03795740893219965
1443,12,0.03914689391131394
1444,1,0.038173502427239644
1444,2,0.037018996236752415
1444,3,0.0408716084473029
1444,4,0.041667188562467455
1444,5,0.04052141735945245
1444,6,0.03973269211975886
1444,7,0.030181399362582618
1444,8,0.03207065026866323
1444,9,0.03523954531057093
1444,10,0.034655105573829545
1444,11,0.03882809373214584
1444,12,0.03846146629050614
1445,1,0.03544142895003756
1445,2,0.035914281669370884
1445,3,0.04093619155508523
1445,4,0.04402171648880099
1445,5,0.03947815444072056
1445,6,0.0377751297640345
1445,7,0.030436386266447003
1445,8,0.03125814654652612
1445,9,0.03266794983870805
1445,10,0.03254115874883152
1445,11,0.03126673336488115
1445,12,0.03340195175860196
1446,1,0.03818085887964921
1446,2,0.03777093010325459
1446,3,0.039278387982404066
1446,4,0.03925394033226749
1446,5,0.041359362417001486
1446,6,0.03681614687226882
1446,7,0.03627495394656146
1446,8,0.033252350896276824
1446,9,0.03482265210439512
1446,10,0.03980520732845359
1446,11,0.03985634493881957
1446,12,0.03671452179791085
1447,1,0.039723040905002116
1447,2,0.03983718823278632
1447,3,0.04358124134591153
1447,4,0.042405059366121836
1447,5,0.03862617588419139
1447,6,0.030961272439471502
1447,7,0.026492733833250837
1447,8,0.027661064726700216
1447,9,0.029381254833921653
1447,10,0.03613196259415699
1447,11,0.03821344982874364
1447,12,0.03955748839439335
1448,1,0.04254696109754499
1448,2,0.0439541975101406
1448,3,0.05187253622338516
1448,4,0.050057954647659636
1448,5,0.04548310466853748
1448,6,0.04447672264280579
1448,7,0.03278243070455644
1448,8,0.035675843298061505
1448,9,0.038008383630798094
1448,10,0.03585694834660272
1448,11,0.0354538185555207
1448,12,0.03857631115004204
1449,1,0.037228205833423546
1449,2,0.03926864390688536
1449,3,0.04318695112943632
1449,4,0.041886835403999866
1449,5,0.037331872208162836
1449,6,0.03154427746276189
1449,7,0.02544653244905597
1449,8,0.026604119339725275
1449,9,0.02923531882588794
1449,10,0.03367517850113363
1449,11,0.037585093292784644
1449,12,0.0378673856150129
1450,1,0.04013357203926804
1450,2,0.03982175619151568
1450,3,0.04331277991269175
1450,4,0.04480627743532229
1450,5,0.03941221423953077
1450,6,0.03422668358180508
1450,7,0.027559004746203954
1450,8,0.02927091110684302
1450,9,0.03192254868771633
1450,10,0.03646849715209011
1450,11,0.042246559792651364
1450,12,0.04125934778072379
1451,1,0.048542756322622456
1451,2,0.043942144014744645
1451,3,0.045959697147246986
1451,4,0.04513367516560781
1451,5,0.048090916245339524
1451,6,0.04653047742258747
1451,7,0.03405010557663525
1451,8,0.036604357902389834
1451,9,0.03961019279673188
1451,10,0.04027404848114905
1451,11,0.046371371154774285
1451,12,0.047506377933599984
1452,1,0.03470556396175273
1452,2,0.03471577571012277
1452,3,0.03959312869295446
1452,4,0.034502012895019245
1452,5,0.03157731174866589
1452,6,0.03219385999947783
1452,7,0.027973279117990153
1452,8,0.027524094426459218
1452,9,0.03118555165013263
1452,10,0.03304880131342121
1452,11,0.03610584990426455
1452,12,0.03669569453015253
1453,1,0.038061476680017955
1453,2,0.038520827425009355
1453,3,0.0414368069080956
1453,4,0.038154568307781724
1453,5,0.03381817317628807
1453,6,0.035007094251287285
1453,7,0.029853481045198072
1453,8,0.029714560247042932
1453,9,0.0339189043767692
1453,10,0.03450549340725902
1453,11,0.03860713813565068
1453,12,0.039589403670716714
1454,1,0.03767388823512915
1454,2,0.037280690146483185
1454,3,0.03833251470749749
1454,4,0.036165235281680655
1454,5,0.03695470842555084
1454,6,0.03578248549356408
1454,7,0.03450486909142516
1454,8,0.03325469241449355
1454,9,0.034673351796812454
1454,10,0.03567340896283274
1454,11,0.03653941663943016
1454,12,0.03497678483931911
1455,1,0.04248253225798851
1455,2,0.04012321127281875
1455,3,0.046119160953831846
1455,4,0.04570111606943817
1455,5,0.04346419424933999
1455,6,0.04166441346904414
1455,7,0.03173130401537972
1455,8,0.03323320202234147
1455,9,0.03628427578266104
1455,10,0.03693086889993155
1455,11,0.042001193200691386
1455,12,0.04294053957948824
1456,1,0.03535256376377088
1456,2,0.03501442462992981
1456,3,0.03919568143099386
1456,4,0.03431050259648684
1456,5,0.032338389458579905
1456,6,0.03273688719630131
1456,7,0.028566742961875655
1456,8,0.028149672441703886
1456,9,0.031444943500301865
1456,10,0.033214356358806665
1456,11,0.036470686590786776
1456,12,0.03637563864340953
1457,1,0.04718727977419666
1457,2,0.044624670614839344
1457,3,0.04457761533179648
1457,4,0.045118878067045565
1457,5,0.048022701083583516
1457,6,0.045994955309569346
1457,7,0.035621705383968125
1457,8,0.036923681175105846
1457,9,0.03995777359903891
1457,10,0.041074791731568035
1457,11,0.05095232903613047
1457,12,0.048864789439148175
1458,1,0.03651876773167802
1458,2,0.03699454639055534
1458,3,0.0391642549850175
1458,4,0.03428216045236204
1458,5,0.03295017931817315
1458,6,0.0330269157284381
1458,7,0.029822693051426985
1458,8,0.0294048219367381
1458,9,0.03241143885462467
1458,10,0.033898392893939956
1458,11,0.03717108556686687
1458,12,0.03829608668474196
1459,1,0.03825646543425965
1459,2,0.042226970851882026
1459,3,0.04883629614908644
1459,4,0.05135825246978644
1459,5,0.04506120433756924
1459,6,0.04339313428147636
1459,7,0.033750062209158944
1459,8,0.036076805429699585
1459,9,0.03768353036217595
1459,10,0.03535070380361038
1459,11,0.03326484928235797
1459,12,0.03578787784995895
1460,1,0.04271698369079287
1460,2,0.04108356980194556
1460,3,0.048207516678146885
1460,4,0.048871375507078395
1460,5,0.04496619277985284
1460,6,0.04361380576100671
1460,7,0.03173729757636998
1460,8,0.0331845941204233
1460,9,0.03625636230175436
1460,10,0.037456140861413315
1460,11,0.04256977326615264
1460,12,0.042731924789422185
1461,1,0.03816694379195765
1461,2,0.037653620473786155
1461,3,0.03856784211188568
1461,4,0.03670877360542525
1461,5,0.03767993029497877
1461,6,0.03574206137547508
1461,7,0.03461279533098997
1461,8,0.03351268678546163
1461,9,0.03479275779109286
1461,10,0.037947801123587754
1461,11,0.037167428316701084
1461,12,0.03595779733232963
1462,1,0.036400981618891444
1462,2,0.03663608965170354
1462,3,0.03956121352224633
1462,4,0.035837585357817205
1462,5,0.03406278022732193
1462,6,0.03397563723833571
1462,7,0.030221593045220183
1462,8,0.03005769388039511
1462,9,0.03343540448110285
1462,10,0.03433082243765046
1462,11,0.037979270915010306
1462,12,0.038263555054026746
1463,1,0.0437211788587883
1463,2,0.042333465063699525
1463,3,0.04939698089140471
1463,4,0.0480611367058424
1463,5,0.044360925558017954
1463,6,0.042378494598371196
1463,7,0.030853940249414534
1463,8,0.0325429491010604
1463,9,0.03588474699628804
1463,10,0.03719997556226777
1463,11,0.043581695424351204
1463,12,0.044854694116062445
1464,1,0.039830209887127745
1464,2,0.03957411781814999
1464,3,0.04400499921305358
1464,4,0.04292096373950648
1464,5,0.03894116145928592
1464,6,0.03182000507355416
1464,7,0.026516089369848797
1464,8,0.027273449292016368
1464,9,0.029950329365787627
1464,10,0.03615514806174327
1464,11,0.038954977690266485
1464,12,0.0404996907581653
1465,1,0.037178072439509095
1465,2,0.03715961417157542
1465,3,0.04387486770351346
1465,4,0.04739322304696852
1465,5,0.040570345726374184
1465,6,0.0366987275266798
1465,7,0.02760332394142766
1465,8,0.028181406605345172
1465,9,0.03126816751528189
1465,10,0.03281332354235319
1465,11,0.03742324787125141
1465,12,0.03803173786945334
1466,1,0.04358753988357078
1466,2,0.04543670011679423
1466,3,0.05000528551171724
1466,4,0.05079877325066853
1466,5,0.045570375859565984
1466,6,0.04334147702249639
1466,7,0.0334622269111267
1466,8,0.03600666104585898
1466,9,0.03829760623157753
1466,10,0.036463695928791576
1466,11,0.03517251963786113
1466,12,0.03892294235613268
1467,1,0.03947343222537943
1467,2,0.03983185590911089
1467,3,0.04499294986937895
1467,4,0.050776732080889765
1467,5,0.03953239080412704
1467,6,0.03591487926100548
1467,7,0.02759278052281525
1467,8,0.029220500997473912
1467,9,0.031479017638461636
1467,10,0.03528935060475187
1467,11,0.0384659573637363
1467,12,0.03997798256460622
1468,1,0.03738114394562551
1468,2,0.039611932457441316
1468,3,0.046199561293769634
1468,4,0.043477223241274
1468,5,0.040626717606258266
1468,6,0.03826995500392248
1468,7,0.0301375645054564
1468,8,0.031573609739255326
1468,9,0.03380770885152857
1468,10,0.03378163707786251
1468,11,0.03294246535609533
1468,12,0.03622409094691595
1469,1,0.041176045562126305
1469,2,0.04050187663252325
1469,3,0.044888714776803104
1469,4,0.04535996024964343
1469,5,0.04091544053873482
1469,6,0.035706524104162474
1469,7,0.028685759322814787
1469,8,0.029510825693036227
1469,9,0.03172547767961352
1469,10,0.036186572261613814
1469,11,0.04166978352216576
1469,12,0.043007888625440235
1470,1,0.03939415991683761
1470,2,0.04100234911670488
1470,3,0.04542961358977224
1470,4,0.04365936751129984
1470,5,0.03923043573706812
1470,6,0.03275218051185536
1470,7,0.02649664448404733
1470,8,0.027247097865509218
1470,9,0.029299735248297067
1470,10,0.036397683107867854
1470,11,0.039449057265342286
1470,12,0.040155193877728805
1471,1,0.03924256611725542
1471,2,0.03865689597264186
1471,3,0.04442508098453207
1471,4,0.04148613051893604
1471,5,0.03357277262210203
1471,6,0.03480007142655153
1471,7,0.027986534929440365
1471,8,0.028357926155469948
1471,9,0.03381641402419314
1471,10,0.03333815486983264
1471,11,0.03963500766134151
1471,12,0.03981047631200575
1472,1,0.04058704795951607
1472,2,0.03998580782171846
1472,3,0.0438992825836502
1472,4,0.038910450366129626
1472,5,0.03291590020461347
1472,6,0.033859163990024255
1472,7,0.028344754293558923
1472,8,0.02892187355697888
1472,9,0.03324186413206691
1472,10,0.0353219278870579
1472,11,0.04243861565612907
1472,12,0.042658214054151045
1473,1,0.03991484105676656
1473,2,0.03985243142157511
1473,3,0.04410079706180026
1473,4,0.042624223439467125
1473,5,0.0388665595775461
1473,6,0.031142087289036967
1473,7,0.026738514108852092
1473,8,0.02757394409143336
1473,9,0.02976168834791831
1473,10,0.03606300744625142
1473,11,0.03847854278812802
1473,12,0.04000299982628871
1474,1,0.041840511634089084
1474,2,0.041202519037133734
1474,3,0.04554118796471116
1474,4,0.04387991902066383
1474,5,0.03943022587183149
1474,6,0.034676005521211924
1474,7,0.027436553899755255
1474,8,0.028611646235531148
1474,9,0.03125251652013814
1474,10,0.03722871100343066
1474,11,0.040658368574721916
1474,12,0.04207088762011075
1475,1,0.03464112068469226
1475,2,0.03447333826835307
1475,3,0.039123440628576006
1475,4,0.034793236300859794
1475,5,0.031677917064768336
1475,6,0.031839059152239044
1475,7,0.028225964466763467
1475,8,0.027676234968507737
1475,9,0.030723539519135062
1475,10,0.032973243457569384
1475,11,0.035824159064448684
1475,12,0.03628080752724419
1476,1,0.03548205898630451
1476,2,0.035338077976120215
1476,3,0.03857445034009862
1476,4,0.033908894721833754
1476,5,0.032030277926772426
1476,6,0.03214486513094911
1476,7,0.029109188205761725
1476,8,0.029429415124294353
1476,9,0.031686275791013206
1476,10,0.03304022384442359
1476,11,0.03657223941818289
1476,12,0.03715610927556392
1477,1,0.04728377109518669
1477,2,0.0460933833401091
1477,3,0.04628667608068123
1477,4,0.047236842732391524
1477,5,0.04847648520402176
1477,6,0.045683649460166904
1477,7,0.035600006931538655
1477,8,0.03657200431115248
1477,9,0.040247634394225115
1477,10,0.04064875100383074
1477,11,0.047596776943236926
1477,12,0.04962015190323088
1478,1,0.04686695120218371
1478,2,0.047592041283068265
1478,3,0.049601721090002285
1478,4,0.04967213386086299
1478,5,0.046928959490571034
1478,6,0.04478348145807893
1478,7,0.033470413167479215
1478,8,0.03597399406965761
1478,9,0.039270803226767244
1478,10,0.038319653969776886
1478,11,0.037871792013663474
1478,12,0.042368086714626295
1479,1,0.039188275672555464
1479,2,0.04056329938149587
1479,3,0.04285920866612408
1479,4,0.04092669067663627
1479,5,0.03408792212174954
1479,6,0.027539264265946314
1479,7,0.024189027608861016
1479,8,0.0251287740009551
1479,9,0.026953359533569022
1479,10,0.03204222699558702
1479,11,0.03590057871673346
1479,12,0.037480731724364585
1480,1,0.040544775616223036
1480,2,0.039126208340477295
1480,3,0.043187026917640405
1480,4,0.043255509925626406
1480,5,0.038365960131592804
1480,6,0.03445969267132274
1480,7,0.02836544297355382
1480,8,0.029339672725038075
1480,9,0.03249199068373711
1480,10,0.03581871582829716
1480,11,0.04139072276723527
1480,12,0.04106805947159105
1481,1,0.04232473307406469
1481,2,0.04432002061207492
1481,3,0.05162771915344982
1481,4,0.050276170930446985
1481,5,0.044899168192387935
1481,6,0.04406371953764686
1481,7,0.03380001804619673
1481,8,0.03578671898538715
1481,9,0.037421096394191534
1481,10,0.03605314731383955
1481,11,0.03547813255930602
1481,12,0.03880698309629003
1482,1,0.04760186115800868
1482,2,0.0447910678325057
1482,3,0.04547135076845899
1482,4,0.04696802007660375
1482,5,0.04779709395368169
1482,6,0.04534181931522315
1482,7,0.0342080263833421
1482,8,0.035693744284817114
1482,9,0.03911203630699508
1482,10,0.04026408301418479
1482,11,0.045857739363612385
1482,12,0.04934288885205518
1483,1,0.038365824463691744
1483,2,0.03661978209884854
1483,3,0.04142941542220739
1483,4,0.040756232847895604
1483,5,0.04000349165417785
1483,6,0.037616075926855015
1483,7,0.030981933380019817
1483,8,0.032365256688905664
1483,9,0.035410472155263446
1483,10,0.03485557878080816
1483,11,0.0386496711456324
1483,12,0.03824448817322065
1484,1,0.037816569463266135
1484,2,0.038410248293550185
1484,3,0.04278580124862241
1484,4,0.04131924625633602
1484,5,0.03775314132944904
1484,6,0.03161542365841484
1484,7,0.02611439667982739
1484,8,0.02692136309306266
1484,9,0.028673608569240915
1484,10,0.03439032280708704
1484,11,0.037019462341496
1484,12,0.037987175149410524
1485,1,0.038799563373664234
1485,2,0.038240766420084775
1485,3,0.04068009616603366
1485,4,0.039904016626699665
1485,5,0.04202546208241981
1485,6,0.03710706957765149
1485,7,0.03601842887897759
1485,8,0.033828256978721064
1485,9,0.03537432479103449
1485,10,0.03796126931346954
1485,11,0.03987883791831557
1485,12,0.037720414488376125
1486,1,0.0394097138138524
1486,2,0.03917923987751219
1486,3,0.04442180189044567
1486,4,0.043001496784691916
1486,5,0.039152760333316765
1486,6,0.03188681584028934
1486,7,0.027157548830750142
1486,8,0.028026265090545104
1486,9,0.030182344486459064
1486,10,0.03609108479878777
1486,11,0.03894693719354102
1486,12,0.04031945428112109
1487,1,0.0364437444633583
1487,2,0.03673067584869631
1487,3,0.04343992172209682
1487,4,0.04929712555813078
1487,5,0.03786310928099249
1487,6,0.035406077879937964
1487,7,0.027233710413097714
1487,8,0.0285766482248962
1487,9,0.0303759639677178
1487,10,0.034013559088271805
1487,11,0.035723319837812066
1487,12,0.03733929522860104
1488,1,0.042623470397954555
1488,2,0.04183230894452158
1488,3,0.04643117949220737
1488,4,0.04708429533964137
1488,5,0.04252868726649226
1488,6,0.03722480129801782
1488,7,0.02867046472678165
1488,8,0.029916645998100823
1488,9,0.03217401389643511
1488,10,0.03694823770644448
1488,11,0.04225782934411625
1488,12,0.04379332875689221
1489,1,0.045328060487559475
1489,2,0.04582632013931168
1489,3,0.05234613476917101
1489,4,0.050717992802610266
1489,5,0.04632057928290308
1489,6,0.043699573616955374
1489,7,0.03275358124301909
1489,8,0.034881044899733704
1489,9,0.037564006072480685
1489,10,0.0372210107345342
1489,11,0.03635592602556323
1489,12,0.04054647570695099
1490,1,0.036071690017278564
1490,2,0.03583619167919207
1490,3,0.038320206743991635
1490,4,0.033710457248175174
1490,5,0.03196724172590172
1490,6,0.03220800102936843
1490,7,0.028709748078023678
1490,8,0.028834891031001647
1490,9,0.0313820833194749
1490,10,0.03275646569705693
1490,11,0.035990819932139574
1490,12,0.037347839009798336
1491,1,0.04284195147664185
1491,2,0.04117066266553498
1491,3,0.04611404012454866
1491,4,0.04531352398828228
1491,5,0.042602806558977364
1491,6,0.037429203676678555
1491,7,0.02897186494094233
1491,8,0.030079989976023815
1491,9,0.03344576105353012
1491,10,0.037308518572453785
1491,11,0.04389753521288179
1491,12,0.04445801138192143
1492,1,0.03477145135570249
1492,2,0.034661872396332144
1492,3,0.0363943757654938
1492,4,0.032982284879151565
1492,5,0.03106398935741703
1492,6,0.0315035052709027
1492,7,0.028563481025744013
1492,8,0.02929652107128716
1492,9,0.030131824617478774
1492,10,0.031225958146231938
1492,11,0.03501521706488944
1492,12,0.03593082536649252
1493,1,0.046341527715877094
1493,2,0.04540436051001126
1493,3,0.04659466522433072
1493,4,0.04842698386452772
1493,5,0.04699655061390382
1493,6,0.04590753982798994
1493,7,0.03456004623536359
1493,8,0.03651466725589085
1493,9,0.039131201554019536
1493,10,0.03937609160277236
1493,11,0.04486966389970176
1493,12,0.047759103170364796
1494,1,0.04144894826815701
1494,2,0.03929737508913838
1494,3,0.042384781363674025
1494,4,0.04247624122573288
1494,5,0.042861770519038125
1494,6,0.04135396515219591
1494,7,0.03229995073917071
1494,8,0.034041574657584624
1494,9,0.03699974051307364
1494,10,0.03682855260903922
1494,11,0.04320176440093727
1494,12,0.04209544486120728
1495,1,0.03624820640283665
1495,2,0.037007236228798
1495,3,0.03953917831584009
1495,4,0.03550169326856903
1495,5,0.03327427904873062
1495,6,0.0336642110085268
1495,7,0.029840618548536285
1495,8,0.02951931094603897
1495,9,0.03317861950570715
1495,10,0.033848744570263566
1495,11,0.03764666229159347
1495,12,0.03843325639476585
1496,1,0.04118793741223228
1496,2,0.040112736580542555
1496,3,0.047875760297715134
1496,4,0.048833547829672336
1496,5,0.04539340331744004
1496,6,0.0429811527886555
1496,7,0.03157558729763012
1496,8,0.03311767855312957
1496,9,0.03634204940993646
1496,10,0.03648624813958455
1496,11,0.041373018161756314
1496,12,0.04162201788179069
1497,1,0.03528450138924461
1497,2,0.03512702906655472
1497,3,0.03915533495800181
1497,4,0.03461701456510918
1497,5,0.031814108413001294
1497,6,0.03161059813681013
1497,7,0.028859024615145036
1497,8,0.028852701368521687
1497,9,0.030622288449245878
1497,10,0.033235565763492673
1497,11,0.03668114162718207
1497,12,0.038022179452325444
1498,1,0.0402142391031176
1498,2,0.03863686491755041
1498,3,0.04392263234318016
1498,4,0.04441770320025095
1498,5,0.04217036539182635
1498,6,0.04177095815202752
1498,7,0.03082390666057269
1498,8,0.03257014729326402
1498,9,0.03517265801565451
1498,10,0.036149197197135274
1498,11,0.04005915195307075
1498,12,0.039915389444742294
1499,1,0.041793358671607536
1499,2,0.040939829610512145
1499,3,0.04485177064912816
1499,4,0.043602577890266864
1499,5,0.03917437201078471
1499,6,0.03208394406968975
1499,7,0.028405950218320892
1499,8,0.029676695513292342
1499,9,0.03112338727864174
1499,10,0.03728266250341436
1499,11,0.04000020071358364
1499,12,0.04169523394984538
1500,1,0.03546794630034466
1500,2,0.03667687184956185
1500,3,0.04052313440189623
1500,4,0.039093545671748546
1500,5,0.034313960491874795
1500,6,0.028579260393279477
1500,7,0.02468805310128966
1500,8,0.02603269226054122
1500,9,0.027250790275685336
1500,10,0.032821046101935446
1500,11,0.03513336288644624
1500,12,0.0366973013278391
1501,1,0.038647877922869806
1501,2,0.037104026217929416
1501,3,0.041777960754201766
1501,4,0.04204576584335131
1501,5,0.04113099901347
1501,6,0.03838871713512543
1501,7,0.031325612223899096
1501,8,0.03325613528180816
1501,9,0.036094921469448565
1501,10,0.03500812264334494
1501,11,0.03975078013039209
1501,12,0.0385636849165541
1502,1,0.03956817778307429
1502,2,0.039755754188442925
1502,3,0.04387980301913335
1502,4,0.041851976542152884
1502,5,0.03887489869201825
1502,6,0.030423969512489858
1502,7,0.025994285243838816
1502,8,0.027052182492637123
1502,9,0.029068213412961647
1502,10,0.03591281635502154
1502,11,0.03825780419703311
1502,12,0.03958126117167067
1503,1,0.041012213768840705
1503,2,0.04044170470977036
1503,3,0.044407883875830396
1503,4,0.04554688371788746
1503,5,0.03882807777636714
1503,6,0.03327242540213781
1503,7,0.027545774376024124
1503,8,0.029695521048239793
1503,9,0.03200034976878371
1503,10,0.03667998423853284
1503,11,0.043506430541801956
1503,12,0.04151261556455013
1504,1,0.03534606328046931
1504,2,0.03423658932611965
1504,3,0.03891722767790834
1504,4,0.03418255638885132
1504,5,0.030738484885427145
1504,6,0.03131137780015149
1504,7,0.028229374332842574
1504,8,0.02803606473705136
1504,9,0.030061505047455115
1504,10,0.033140343703167534
1504,11,0.0360679857812011
1504,12,0.03696220979727794
1505,1,0.03565380641707287
1505,2,0.03534343481123099
1505,3,0.04039079288986731
1505,4,0.036016105087035406
1505,5,0.03187990264816603
1505,6,0.03230497460701187
1505,7,0.028122515955022555
1505,8,0.02804624737396111
1505,9,0.03165982747881157
1505,10,0.03329407770575293
1505,11,0.03698735777737251
1505,12,0.03700289007458796
1506,1,0.039818163018146883
1506,2,0.03994686620119912
1506,3,0.04373250545207843
1506,4,0.04397915625925289
1506,5,0.03899380190909867
1506,6,0.03274544977397012
1506,7,0.027551789625965606
1506,8,0.02824075786015246
1506,9,0.031126113680283098
1506,10,0.035772647250803404
1506,11,0.04079001691294387
1506,12,0.04090882421769307
1507,1,0.03894614502361091
1507,2,0.038826473727209876
1507,3,0.04236534682417989
1507,4,0.04131884169046537
1507,5,0.03784129753538307
1507,6,0.030472537752013303
1507,7,0.026402647373198047
1507,8,0.027283594280768653
1507,9,0.028608007587286252
1507,10,0.035244784388305146
1507,11,0.037453537636843684
1507,12,0.038918116711344077
1508,1,0.04752305755093471
1508,2,0.04485049118876549
1508,3,0.0447096704079859
1508,4,0.0449909233706884
1508,5,0.047989401683402086
1508,6,0.045661324780747525
1508,7,0.034650426333417916
1508,8,0.03672238610081615
1508,9,0.03983859557858362
1508,10,0.04037377872024176
1508,11,0.049213040090682246
1508,12,0.04834514496907472
1509,1,0.040027437967188315
1509,2,0.03792325136847878
1509,3,0.041642575231370445
1509,4,0.041790384547827956
1509,5,0.04162148925618211
1509,6,0.03998484615524884
1509,7,0.031153757983287057
1509,8,0.03339953434722582
1509,9,0.035823311004881536
1509,10,0.03590155416149103
1509,11,0.04133020066451971
1509,12,0.04040408381967086
1510,1,0.048237087450297055
1510,2,0.045144782048487146
1510,3,0.04632617204274148
1510,4,0.04744283526230914
1510,5,0.0481775090764331
1510,6,0.04540607283948834
1510,7,0.03419586311984218
1510,8,0.0365240950449794
1510,9,0.03948425575373669
1510,10,0.04011221078326542
1510,11,0.04647114101168793
1510,12,0.04946953436439176
1511,1,0.04078395875001735
1511,2,0.03963580560658295
1511,3,0.04729040937098111
1511,4,0.04734073308165807
1511,5,0.04096774995233158
1511,6,0.038799445033967865
1511,7,0.02931584770810225
1511,8,0.03057076954733416
1511,9,0.033829792513410846
1511,10,0.035377223056174495
1511,11,0.04108418592419332
1511,12,0.04320022830849169
1512,1,0.034703515366343876
1512,2,0.03540872976422542
1512,3,0.03823629050753269
1512,4,0.033653751474941304
1512,5,0.032080999366653866
1512,6,0.031898341919862065
1512,7,0.02893877292012622
1512,8,0.029764386653614486
1512,9,0.031488709068724904
1512,10,0.032493156382599454
1512,11,0.035736522160763576
1512,12,0.036242533561849366
1513,1,0.040696051426629735
1513,2,0.04055352328500972
1513,3,0.05081722380571139
1513,4,0.04885427728879833
1513,5,0.04130630334500257
1513,6,0.03816500244125247
1513,7,0.028025052467707645
1513,8,0.029609165575565553
1513,9,0.032322033782747304
1513,10,0.03557647778240523
1513,11,0.04025813043082696
1513,12,0.04174108600835228
1514,1,0.039312732418932884
1514,2,0.03932135054364082
1514,3,0.04117312521289769
1514,4,0.03829764251842494
1514,5,0.04031652515198008
1514,6,0.03659036552488222
1514,7,0.034773783494716215
1514,8,0.0331546228755737
1514,9,0.0361775495820156
1514,10,0.0406664194708372
1514,11,0.04176469333903584
1514,12,0.03885773157864044
1515,1,0.04293829984130231
1515,2,0.04141845051430543
1515,3,0.04537987898973437
1515,4,0.0452069157408591
1515,5,0.04121046139139241
1515,6,0.03566660440299456
1515,7,0.028308958110336128
1515,8,0.02867076635336487
1515,9,0.03166876994222629
1515,10,0.038307205504582054
1515,11,0.04138533601278298
1515,12,0.043005035114101975
1516,1,0.03615516017638189
1516,2,0.036622641376395086
1516,3,0.03949223835206995
1516,4,0.03507349706030129
1516,5,0.03306974105232195
1516,6,0.032821509997225384
1516,7,0.029861890762850153
1516,8,0.02984215944696932
1516,9,0.033057835543589514
1516,10,0.03347520055351508
1516,11,0.03680705537036527
1516,12,0.03750696084687977
1517,1,0.03820927430966281
1517,2,0.03766717515075712
1517,3,0.039822506983053764
1517,4,0.0385145824452685
1517,5,0.040585537250979964
1517,6,0.03685785831708779
1517,7,0.03553466703126415
1517,8,0.03393700591039584
1517,9,0.03515046305678105
1517,10,0.03839817689006218
1517,11,0.03832707842143841
1517,12,0.03640328377469154
1518,1,0.039217299119904944
1518,2,0.03966679706908053
1518,3,0.04409949355903848
1518,4,0.04152634932884995
1518,5,0.038823303908158045
1518,6,0.030460493402952187
1518,7,0.025610367705331833
1518,8,0.027038897473084692
1518,9,0.02946769528377357
1518,10,0.035550016673326114
1518,11,0.03808304569003324
1518,12,0.03891694368074362
1519,1,0.04357919367757481
1519,2,0.041993116869342366
1519,3,0.045884629718069114
1519,4,0.04515432823127956
1519,5,0.04033898088416048
1519,6,0.03990919422758247
1519,7,0.029506576707760714
1519,8,0.030349285791141947
1519,9,0.032385588180961336
1519,10,0.038370106901158454
1519,11,0.04202097872152828
1519,12,0.04326504777072363
1520,1,0.040204611071008735
1520,2,0.04054766329111332
1520,3,0.04488121507158297
1520,4,0.04276468731203635
1520,5,0.03980379490416474
1520,6,0.03165149264314933
1520,7,0.026765102872270533
1520,8,0.028052537163259655
1520,9,0.030254538844004687
1520,10,0.036835323608228054
1520,11,0.03905509443427464
1520,12,0.04029393080342075
1521,1,0.044849705894562636
1521,2,0.04036458287797922
1521,3,0.04315978772212774
1521,4,0.04352613600291843
1521,5,0.04670580346728537
1521,6,0.043174497311245404
1521,7,0.033928245425228834
1521,8,0.03531276152377587
1521,9,0.038814300836163954
1521,10,0.039658854707876695
1521,11,0.047557716128985926
1521,12,0.047744628560657795
1522,1,0.039519944947279895
1522,2,0.038306159332342084
1522,3,0.0439424855788829
1522,4,0.04512469948707087
1522,5,0.04242715270869762
1522,6,0.04077223212363722
1522,7,0.031178563170533205
1522,8,0.031667382642902295
1522,9,0.0353094053794941
1522,10,0.035661288207727036
1522,11,0.04027734719949309
1522,12,0.03997542471665713
1523,1,0.041230291387969555
1523,2,0.04025249230817599
1523,3,0.044316681817056995
1523,4,0.04534965348551419
1523,5,0.04058592982928436
1523,6,0.03593609865237451
1523,7,0.02846523241211258
1523,8,0.029986140458275037
1523,9,0.03262707887243003
1523,10,0.03642079791061416
1523,11,0.04312081268004498
1523,12,0.04247514553743423
1524,1,0.04255494208741969
1524,2,0.04116315229455777
1524,3,0.04557560186620799
1524,4,0.046232048386283
1524,5,0.041832599562665794
1524,6,0.03648784344200758
1524,7,0.029292761921451384
1524,8,0.030844667973301036
1524,9,0.033322159760430396
1524,10,0.037836379078184754
1524,11,0.043615011005167785
1524,12,0.04447251148988708
1525,1,0.03604933998938678
1525,2,0.035180964376844426
1525,3,0.03937817279142853
1525,4,0.03409312008213262
1525,5,0.032429522924349294
1525,6,0.03215968467573812
1525,7,0.028611858477909178
1525,8,0.027507353109387258
1525,9,0.032219867886365876
1525,10,0.03271621225849087
1525,11,0.03634571942334579
1525,12,0.03744911052918351
1526,1,0.038279922221243205
1526,2,0.037100330912538726
1526,3,0.042026563652171146
1526,4,0.04333461262561033
1526,5,0.04077000458232056
1526,6,0.03932106513803513
1526,7,0.03052499098234829
1526,8,0.03203001671089558
1526,9,0.035034601010455906
1526,10,0.035286243119504006
1526,11,0.03931333424964559
1526,12,0.038663299736566695
1527,1,0.0420857555475428
1527,2,0.04116448694447444
1527,3,0.04646044571319141
1527,4,0.04618839816249771
1527,5,0.0414153347781851
1527,6,0.03703912452812232
1527,7,0.02852460194559158
1527,8,0.030187757715993434
1527,9,0.032439261185347894
1527,10,0.03713711092802067
1527,11,0.04289760999373732
1527,12,0.04294197841798527
1528,1,0.043241875303840833
1528,2,0.041375188229843485
1528,3,0.04534221306915619
1528,4,0.04601621266992737
1528,5,0.04051464357765015
1528,6,0.03679070535214703
1528,7,0.029671966081889534
1528,8,0.030875374914244035
1528,9,0.03403063966677507
1528,10,0.038434434836230644
1528,11,0.04473088839752662
1528,12,0.04432056401737036
1529,1,0.03938316813141308
1529,2,0.037490163715519956
1529,3,0.04228477594947999
1529,4,0.042420174108259066
1529,5,0.041542008837266324
1529,6,0.03884864304593116
1529,7,0.031207577183721025
1529,8,0.03263962769778488
1529,9,0.036043165804951045
1529,10,0.035414788921975984
1529,11,0.040055255540418215
1529,12,0.039116482447457655
1530,1,0.03900462872285444
1530,2,0.03839238968198614
1530,3,0.03941555726936163
1530,4,0.03759434291823203
1530,5,0.038574031859599206
1530,6,0.03555080349205742
1530,7,0.03425849177351303
1530,8,0.03372914838258344
1530,9,0.034956969227322734
1530,10,0.03863099830016783
1530,11,0.03996028154616578
1530,12,0.036997035093246144
1531,1,0.041459322046946696
1531,2,0.040683381198007164
1531,3,0.043949585384379576
1531,4,0.043919899421115266
1531,5,0.04030457557411743
1531,6,0.034200021647667854
1531,7,0.028545089737991913
1531,8,0.028957293782480218
1531,9,0.030142839482283898
1531,10,0.03765958158407047
1531,11,0.040583689097790775
1531,12,0.04193453762511469
1532,1,0.04678573544890695
1532,2,0.043923325222385255
1532,3,0.044793628831427686
1532,4,0.045159646143893103
1532,5,0.04743067525056911
1532,6,0.04503124177204773
1532,7,0.03418461807692536
1532,8,0.036206329771325714
1532,9,0.03897355757470207
1532,10,0.040322004745198016
1532,11,0.047803496959867006
1532,12,0.04931664110644228
1533,1,0.042103987299498345
1533,2,0.04092408287642164
1533,3,0.04636493919148897
1533,4,0.045340613165645374
1533,5,0.04084807307403217
1533,6,0.035853527480882545
1533,7,0.02832555893474573
1533,8,0.029668739767438376
1533,9,0.032256484890361835
1533,10,0.037433266759885675
1533,11,0.04145835930813862
1533,12,0.04254419972296394
1534,1,0.042602572714094136
1534,2,0.04128852912670665
1534,3,0.04643181043932344
1534,4,0.04620498872104232
1534,5,0.041212050355778886
1534,6,0.035593023622880346
1534,7,0.029129814016582926
1534,8,0.03044639558071699
1534,9,0.032134107532671194
1534,10,0.03762210117662139
1534,11,0.04293047597805846
1534,12,0.04351530646973192
1535,1,0.039427085539755616
1535,2,0.03921849398331287
1535,3,0.04888722964846971
1535,4,0.045789947901533345
1535,5,0.04063644865646764
1535,6,0.038059820274676595
1535,7,0.028397693005302826
1535,8,0.029857540877992122
1535,9,0.032975022794623755
1535,10,0.034351542013746
1535,11,0.03955636631063537
1535,12,0.039845570683709725
1536,1,0.039971804678868225
1536,2,0.03916025638632856
1536,3,0.043472990103149596
1536,4,0.0431726576228264
1536,5,0.03919980419534823
1536,6,0.03380650906221091
1536,7,0.027800372852137177
1536,8,0.028585768834887473
1536,9,0.03169727506187766
1536,10,0.035494253172966866
1536,11,0.041196506664364224
1536,12,0.04109518036813665
1537,1,0.03460258271087275
1537,2,0.033948144010572945
1537,3,0.04040103394225102
1537,4,0.034585597741693355
1537,5,0.030712180573641463
1537,6,0.031793229572817445
1537,7,0.02704078469304818
1537,8,0.026731004023843635
1537,9,0.029884915251494695
1537,10,0.032382990733314354
1537,11,0.036583767197491665
1537,12,0.03627254389262494
1538,1,0.03508805807345388
1538,2,0.035001843838762314
1538,3,0.039645481509268214
1538,4,0.035556448494675014
1538,5,0.03237751020694536
1538,6,0.03115415662543171
1538,7,0.02817689749192557
1538,8,0.027571351205123575
1538,9,0.031301916736949015
1538,10,0.03269913084240626
1538,11,0.03716759973156123
1538,12,0.03700734043634471
1539,1,0.039592622295664126
1539,2,0.0383903183217784
1539,3,0.043247505800716644
1539,4,0.04363619938978456
1539,5,0.038918721838083155
1539,6,0.034074657169628146
1539,7,0.027483457889446616
1539,8,0.028819144667264412
1539,9,0.031023512153107346
1539,10,0.03470580697522179
1539,11,0.039762173606559356
1539,12,0.04018676403625717
1540,1,0.041647727926824606
1540,2,0.040425015557635446
1540,3,0.04510280191934077
1540,4,0.04527624395842981
1540,5,0.04122224706187418
1540,6,0.036356861106896614
1540,7,0.02866835135833017
1540,8,0.029809072913502765
1540,9,0.03216859991230026
1540,10,0.03652477756862122
1540,11,0.04184534525373468
1540,12,0.04351852824987307
1541,1,0.035587498057096226
1541,2,0.03615565115281993
1541,3,0.03799373508654736
1541,4,0.03318888852791197
1541,5,0.032871733134950454
1541,6,0.03208139912447726
1541,7,0.029607325283407076
1541,8,0.03074008352986024
1541,9,0.03179261548215262
1541,10,0.03234675762814854
1541,11,0.03571443045206899
1541,12,0.035796330748791856
1542,1,0.0408454950216758
1542,2,0.043196597576626125
1542,3,0.050496851277849135
1542,4,0.0482680688719887
1542,5,0.04454396073403671
1542,6,0.04131818854647756
1542,7,0.03203366676047695
1542,8,0.03338864655198135
1542,9,0.03685246736559194
1542,10,0.036208076509365784
1542,11,0.03482610022940855
1542,12,0.03832283046933448
1543,1,0.04001224016140431
1543,2,0.03998913403903267
1543,3,0.04402901953602841
1543,4,0.043429749077124574
1543,5,0.03970508991619437
1543,6,0.03464980604562508
1543,7,0.028096135799045217
1543,8,0.028424474861385274
1543,9,0.031023416694370844
1543,10,0.03608824147261483
1543,11,0.04002284688080661
1543,12,0.041174952790941376
1544,1,0.03898567636708874
1544,2,0.03924632383997456
1544,3,0.04424768854836151
1544,4,0.04350291952255998
1544,5,0.03935516326096402
1544,6,0.03166920586858691
1544,7,0.026115551659758
1544,8,0.027421340264491573
1544,9,0.02967836944024268
1544,10,0.03577265173784519
1544,11,0.03908629940399274
1544,12,0.039866637477216325
1545,1,0.04127923983445179
1545,2,0.04064089322577484
1545,3,0.0448879309248913
1545,4,0.04383320571364644
1545,5,0.03980718169560756
1545,6,0.033340201719530685
1545,7,0.028259789794645048
1545,8,0.029188241032170905
1545,9,0.030786830912085523
1545,10,0.037163106225072295
1545,11,0.039655163504168985
1545,12,0.04159189589976611
1546,1,0.045224426083809804
1546,2,0.040823455536306494
1546,3,0.04315509517617416
1546,4,0.04364299469526628
1546,5,0.04593743017833771
1546,6,0.04308169518311721
1546,7,0.033292175112496734
1546,8,0.035067874094745814
1546,9,0.038627923131313795
1546,10,0.03912792959695284
1546,11,0.04667740112862491
1546,12,0.04511789108568481
1547,1,0.03460751741288308
1547,2,0.03485731155032937
1547,3,0.03699597999065379
1547,4,0.033196868256113586
1547,5,0.03140972398148657
1547,6,0.03128531350538216
1547,7,0.02960585181673958
1547,8,0.02964063409524994
1547,9,0.030040234921205656
1547,10,0.031066720156035465
1547,11,0.03491678363782304
1547,12,0.03556848856482431
1548,1,0.035964628068376636
1548,2,0.03600273732112297
1548,3,0.041468034095769754
1548,4,0.03903668543775679
1548,5,0.034915795498162046
1548,6,0.033917774397106186
1548,7,0.026739703677452167
1548,8,0.027356040756963792
1548,9,0.03129807935128229
1548,10,0.03211680638230835
1548,11,0.03681559684942546
1548,12,0.03779740882715056
1549,1,0.04209194868789624
1549,2,0.041631351792335465
1549,3,0.04613231844866215
1549,4,0.04766450931396701
1549,5,0.04152965202269698
1549,6,0.03734439029079838
1549,7,0.029546531097738856
1549,8,0.030452235418081206
1549,9,0.032716916829250174
1549,10,0.03741832472101128
1549,11,0.04151685439219053
1549,12,0.042732607729632444
1550,1,0.038436571362087016
1550,2,0.03713507526357814
1550,3,0.040092886404336246
1550,4,0.03816584151513084
1550,5,0.04020665690141758
1550,6,0.03631827006225977
1550,7,0.03673497626326673
1550,8,0.0343114332195514
1550,9,0.035601537102746786
1550,10,0.03654630740552538
1550,11,0.03956566634676981
1550,12,0.036537128315048815
1551,1,0.039158028399758994
1551,2,0.038684396817575115
1551,3,0.04769984183571795
1551,4,0.047460875002426524
1551,5,0.03953324699137265
1551,6,0.03719938435425351
1551,7,0.027834885301602837
1551,8,0.029207656353833412
1551,9,0.03244625188858135
1551,10,0.03499277169604039
1551,11,0.039344221284221464
1551,12,0.039893711389380235
1552,1,0.0389946628269667
1552,2,0.03925596725017023
1552,3,0.04437120124491564
1552,4,0.04403020765355328
1552,5,0.039698417615584555
1552,6,0.03112607744527201
1552,7,0.026289319072144948
1552,8,0.027353064152963354
1552,9,0.029747249375285157
1552,10,0.03574235831243284
1552,11,0.039486714802872636
1552,12,0.03962179499667527
1553,1,0.03487262766145588
1553,2,0.03544827257054609
1553,3,0.03685642998400327
1553,4,0.03338724597480359
1553,5,0.03206074515574989
1553,6,0.03231118675327765
1553,7,0.029581978972843842
1553,8,0.029587997572492905
1553,9,0.03206491361655667
1553,10,0.03235289041785574
1553,11,0.0359102122435826
1553,12,0.035448519707266604
1554,1,0.04327618780893186
1554,2,0.041069144994621526
1554,3,0.04886855158142324
1554,4,0.04789647081968985
1554,5,0.044720836841554826
1554,6,0.04370272499540781
1554,7,0.03014895502292988
1554,8,0.03252564087270071
1554,9,0.0356414493739348
1554,10,0.03673268565772275
1554,11,0.044107761489898076
1554,12,0.04627393232824254
1555,1,0.04465728272485132
1555,2,0.046847187789217704
1555,3,0.05043975576599162
1555,4,0.05127390013212363
1555,5,0.04747777574563839
1555,6,0.04532848785038816
1555,7,0.03369990284616941
1555,8,0.03568691321934214
1555,9,0.0385698178126658
1555,10,0.037290893496711254
1555,11,0.03591163472403936
1555,12,0.04010796970462686
1556,1,0.03482151742404664
1556,2,0.034767394584302766
1556,3,0.038226548479109446
1556,4,0.032742245172522416
1556,5,0.03093199570550343
1556,6,0.03122414353452249
1556,7,0.027835743749786184
1556,8,0.029206886454485083
1556,9,0.030241578634113538
1556,10,0.03219908316494444
1556,11,0.03594580301841452
1556,12,0.03666693920860326
1557,1,0.03887307475139168
1557,2,0.038324982893522826
1557,3,0.04287192171216376
1557,4,0.0413029892502235
1557,5,0.03756536489290873
1557,6,0.03184638544655286
1557,7,0.026526015202891388
1557,8,0.02733605799828346
1557,9,0.028583038644199196
1557,10,0.0353352725853366
1557,11,0.03727068991760426
1557,12,0.0390110404648114
1558,1,0.0387898970079628
1558,2,0.040588378412212536
1558,3,0.047592986178845956
1558,4,0.04619280175026962
1558,5,0.041969371004377885
1558,6,0.03879474741151472
1558,7,0.031600022440773395
1558,8,0.03286362391696206
1558,9,0.03485966892506355
1558,10,0.0346761890862199
1558,11,0.03405589079491136
1558,12,0.03735562676197213
1559,1,0.03727418137828541
1559,2,0.03822759729262576
1559,3,0.041335796580154176
1559,4,0.04011078976379093
1559,5,0.03647235713773739
1559,6,0.029139885305238228
1559,7,0.02561590287703353
1559,8,0.026091648875608383
1559,9,0.027688156179225102
1559,10,0.03452255010051574
1559,11,0.03673243544722651
1559,12,0.037985326495087984
1560,1,0.03758837790818507
1560,2,0.03814081731161281
1560,3,0.04308663680807049
1560,4,0.04207176057610957
1560,5,0.03788579724189695
1560,6,0.03311106825796415
1560,7,0.02643825840351139
1560,8,0.027176015236274543
1560,9,0.029390923499216976
1560,10,0.03424086057191315
1560,11,0.03790929071713255
1560,12,0.03826045371866576
1561,1,0.03614746190023981
1561,2,0.036788091127751485
1561,3,0.042935235200056904
1561,4,0.0460649942428353
1561,5,0.03686793621587408
1561,6,0.03433850157902049
1561,7,0.02726216596566745
1561,8,0.028715355905989427
1561,9,0.030332998055346883
1561,10,0.03334629029898135
1561,11,0.03547241515507308
1561,12,0.03706435840741103
1562,1,0.04216543018183407
1562,2,0.041537159587748215
1562,3,0.04653542912755917
1562,4,0.046568881221975486
1562,5,0.04121940977527931
1562,6,0.0372161186050161
1562,7,0.02864287860857104
1562,8,0.030114306997119634
1562,9,0.03191911296280119
1562,10,0.03711869206772935
1562,11,0.04175278749010012
1562,12,0.043112086148057366
1563,1,0.03833485547576293
1563,2,0.0406416333984642
1563,3,0.04785065274468564
1563,4,0.04563090590117766
1563,5,0.03500751336939464
1563,6,0.03174260494822872
1563,7,0.02412136148795359
1563,8,0.02594128922370063
1563,9,0.02685181491920756
1563,10,0.03403152229172767
1563,11,0.04080492297907874
1563,12,0.03931718753868058
1564,1,0.04696666910466962
1564,2,0.04378292352927727
1564,3,0.05065119796557626
1564,4,0.04950066995281409
1564,5,0.04590850545901761
1564,6,0.04420785690951847
1564,7,0.032146252975998824
1564,8,0.03331176972082869
1564,9,0.037028211394378716
1564,10,0.03890858019140489
1564,11,0.04518486282106902
1564,12,0.04610460530496537
1565,1,0.036278538229401344
1565,2,0.035722277565643994
1565,3,0.0414754559037007
1565,4,0.038779613406931326
1565,5,0.03446088035774506
1565,6,0.033575507993645635
1565,7,0.026615531223385214
1565,8,0.027424924192501133
1565,9,0.03150601145596917
1565,10,0.032812198814593456
1565,11,0.03682487459518541
1565,12,0.037568749271431515
1566,1,0.04540023550031421
1566,2,0.04277673345348474
1566,3,0.04925046715195416
1566,4,0.0490395768504632
1566,5,0.04495343190772646
1566,6,0.04353499795436599
1566,7,0.03144356316378132
1566,8,0.03326075543372634
1566,9,0.03636854651147621
1566,10,0.03753082667967568
1566,11,0.04423671249373143
1566,12,0.04537206289204448
1567,1,0.0422299002227645
1567,2,0.0411626284774231
1567,3,0.045448429600573326
1567,4,0.044956043296018704
1567,5,0.04056899260037131
1567,6,0.03427741977609028
1567,7,0.027675763863770134
1567,8,0.029443412710149615
1567,9,0.03150246772891817
1567,10,0.03827628762748541
1567,11,0.04156347538314815
1567,12,0.04282807666703254
1568,1,0.039475750282528185
1568,2,0.03934493049300193
1568,3,0.04185364727567125
1568,4,0.0383073487648739
1568,5,0.04076388450611713
1568,6,0.03624219551462303
1568,7,0.035275056395117785
1568,8,0.033838357884800954
1568,9,0.036285286352400144
1568,10,0.04031966596791985
1568,11,0.040361823117199394
1568,12,0.03849119726840227
1569,1,0.03849740491326674
1569,2,0.038529895826340956
1569,3,0.0433624491810939
1569,4,0.04367831733059885
1569,5,0.03967067730930157
1569,6,0.03308834599493498
1569,7,0.02686322179220343
1569,8,0.027850919362096566
1569,9,0.03069188734523199
1569,10,0.03581443388788886
1569,11,0.039296346322416326
1569,12,0.0404191442356916
1570,1,0.036748771738393894
1570,2,0.03731364806098714
1570,3,0.044149453713811446
1570,4,0.04953208700428177
1570,5,0.037726434442400335
1570,6,0.03465329773840781
1570,7,0.027480616405757094
1570,8,0.028397814351330885
1570,9,0.030773270948969717
1570,10,0.033772180620713396
1570,11,0.03630799711701124
1570,12,0.0376507410669331
1571,1,0.04672025896146193
1571,2,0.043188831649677746
1571,3,0.050259205005294974
1571,4,0.04862762946844118
1571,5,0.04412362927471636
1571,6,0.04248759042754595
1571,7,0.03201667925560244
1571,8,0.03283270876241382
1571,9,0.036610754697468655
1571,10,0.03819702642731739
1571,11,0.04515539352116296
1571,12,0.04683163341289273
1572,1,0.04313013535875356
1572,2,0.04190171257741155
1572,3,0.04650092305353978
1572,4,0.046834116033736474
1572,5,0.04187973877400239
1572,6,0.03858304442410757
1572,7,0.029510843773904435
1572,8,0.030835765851123593
1572,9,0.03291964493061927
1572,10,0.03805824282480983
1572,11,0.04239104238730991
1572,12,0.043767519674046976
1573,1,0.042320984581293915
1573,2,0.04132035629609055
1573,3,0.046055830578187074
1573,4,0.04553515119855004
1573,5,0.04082563706068459
1573,6,0.035827898272861564
1573,7,0.028284372865821465
1573,8,0.02891405923394792
1573,9,0.03177064605975591
1573,10,0.03738204732237097
1573,11,0.041650846282231986
1573,12,0.042870291605589646
1574,1,0.04080622952072287
1574,2,0.041041140095286074
1574,3,0.04476169067294826
1574,4,0.04114267922747265
1574,5,0.03340468398281009
1574,6,0.034035571352574526
1574,7,0.02833669140019154
1574,8,0.028302689694964106
1574,9,0.03265057078902952
1574,10,0.03457735024330351
1574,11,0.04047798783313183
1574,12,0.043036018753220426
1575,1,0.03804816927116579
1575,2,0.0390786556044454
1575,3,0.04290087678523002
1575,4,0.040382394833005625
1575,5,0.03716512509950615
1575,6,0.030504413487422437
1575,7,0.02541227553121177
1575,8,0.026958840245457014
1575,9,0.027989146432013223
1575,10,0.035532036803628764
1575,11,0.037304953618445054
1575,12,0.038326869556765016
1576,1,0.039188271054214345
1576,2,0.04191490514178764
1576,3,0.05020614950411028
1576,4,0.04636507057708921
1576,5,0.04274978211871669
1576,6,0.03929960327534111
1576,7,0.031402044787149024
1576,8,0.03384484919825576
1576,9,0.03515796965494214
1576,10,0.03456499061810157
1576,11,0.03445803428614922
1576,12,0.03792347564478591
1577,1,0.03765569939446556
1577,2,0.03730929509186334
1577,3,0.0407989586451937
1577,4,0.0366600897436146
1577,5,0.033166516390828384
1577,6,0.03291961784775066
1577,7,0.029179459587925206
1577,8,0.02881081871070836
1577,9,0.0324532982985909
1577,10,0.033948128239231136
1577,11,0.03948936940506353
1577,12,0.039564336446017576
1578,1,0.04211819333316152
1578,2,0.04125003308507376
1578,3,0.04829471079434975
1578,4,0.0497014099805689
1578,5,0.040948554725274124
1578,6,0.037429330277384175
1578,7,0.028680021025764665
1578,8,0.030558964496808436
1578,9,0.03342695698117335
1578,10,0.03710332509388469
1578,11,0.0420805122901134
1578,12,0.04262027673514429
1579,1,0.03922448969660529
1579,2,0.03920542156943174
1579,3,0.043837388097237556
1579,4,0.043807418366297785
1579,5,0.03891645209637282
1579,6,0.031538092030083335
1579,7,0.026336487559727846
1579,8,0.027067789869899654
1579,9,0.029868577132161848
1579,10,0.03616836700327457
1579,11,0.03908353844533227
1579,12,0.040218107340750035
1580,1,0.039206482287396684
1580,2,0.03891726149348585
1580,3,0.04245987357563488
1580,4,0.03811652176269699
1580,5,0.03412231924162324
1580,6,0.03607597440006923
1580,7,0.02947801185442307
1580,8,0.029413662494141
1580,9,0.03359800063184827
1580,10,0.034964372735731664
1580,11,0.03974616854103512
1580,12,0.04073033700060358
1581,1,0.04282892447396608
1581,2,0.04468650665861597
1581,3,0.05108540902534665
1581,4,0.05083059991159465
1581,5,0.045239465435377525
1581,6,0.043968085211616395
1581,7,0.03323950493052486
1581,8,0.03595486921113999
1581,9,0.03747529598197281
1581,10,0.03641433255568865
1581,11,0.03668926483117461
1581,12,0.03909562081304642
1582,1,0.04271403059395954
1582,2,0.041436789521891955
1582,3,0.04915247330012948
1582,4,0.049375746194403415
1582,5,0.04118517390510489
1582,6,0.0374821050611934
1582,7,0.029326702145762773
1582,8,0.030396250689504987
1582,9,0.032922016447113775
1582,10,0.037317199039684
1582,11,0.04254440244602096
1582,12,0.04329524582429417
1583,1,0.03656454090500391
1583,2,0.036507746448599325
1583,3,0.0428828495225767
1583,4,0.04723186511371635
1583,5,0.039921078250404626
1583,6,0.0362580622677205
1583,7,0.02788750208614208
1583,8,0.028619778408774867
1583,9,0.03139858080934091
1583,10,0.032602692231649195
1583,11,0.03698184274813162
1583,12,0.0373527132566103
1584,1,0.04407122991906036
1584,2,0.04216908839240846
1584,3,0.047939026691106314
1584,4,0.04751603351291291
1584,5,0.04474970642875081
1584,6,0.042311734519308
1584,7,0.03159683802892555
1584,8,0.033466851666111956
1584,9,0.03656262908534254
1584,10,0.037571054612836885
1584,11,0.0438982303368985
1584,12,0.04533145454448662
1585,1,0.03787059934387129
1585,2,0.03680039878755475
1585,3,0.04157619772269
1585,4,0.0371342042949396
1585,5,0.03336589975136318
1585,6,0.0327581541117949
1585,7,0.027556756400660288
1585,8,0.028496980321972155
1585,9,0.031820115484615434
1585,10,0.034005343630306134
1585,11,0.03883415554423398
1585,12,0.039096916529818886
1586,1,0.03994337224867798
1586,2,0.03882637263288609
1586,3,0.042927800397305156
1586,4,0.03997015122460977
1586,5,0.033986440396020355
1586,6,0.03530153007777099
1586,7,0.029058260480087486
1586,8,0.029365719165084115
1586,9,0.03341480608770003
1586,10,0.03407998082466032
1586,11,0.040164850811333724
1586,12,0.040828996907936406
1587,1,0.04815544090852752
1587,2,0.04582949276049005
1587,3,0.04680544220969979
1587,4,0.04839964544487317
1587,5,0.04858887076520532
1587,6,0.04590800069897407
1587,7,0.034538594805726235
1587,8,0.03656353625510359
1587,9,0.0394570636885585
1587,10,0.0407106947466296
1587,11,0.046246713627200085
1587,12,0.04868263187849832
1588,1,0.04523040275593724
1588,2,0.041632640035798474
1588,3,0.04327540467435432
1588,4,0.04413194710129207
1588,5,0.04649651930149958
1588,6,0.043880492160915996
1588,7,0.03304805817260032
1588,8,0.0354191760884935
1588,9,0.03780559092815849
1588,10,0.038963568773762516
1588,11,0.045264073459095666
1588,12,0.046009559931871016
1589,1,0.04384861738825542
1589,2,0.04168418050366292
1589,3,0.04662317580101155
1589,4,0.04733603973839447
1589,5,0.04315886342490274
1589,6,0.04025590987275862
1589,7,0.03139919604267645
1589,8,0.0318128178326344
1589,9,0.03651982116195789
1589,10,0.03734721532564666
1589,11,0.045026748881143885
1589,12,0.0455102433797864
1590,1,0.03891712889554152
1590,2,0.03977465536980122
1590,3,0.042216723880629824
1590,4,0.04085027841133585
1590,5,0.034059118507038945
1590,6,0.028539072101535185
1590,7,0.024283756449715508
1590,8,0.025155163636706997
1590,9,0.026299051627705846
1590,10,0.03099741145632139
1590,11,0.034730177735157984
1590,12,0.03705525265413392
1591,1,0.042206965381647775
1591,2,0.04394841450051915
1591,3,0.05205019938233387
1591,4,0.050231121428909856
1591,5,0.04533117325805975
1591,6,0.043873245180991345
1591,7,0.03397804160184878
1591,8,0.036457586773484464
1591,9,0.03833799843064349
1591,10,0.03597808290961221
1591,11,0.035077400101517504
1591,12,0.03792343294155187
1592,1,0.03697802818522733
1592,2,0.035982088924803
1592,3,0.03992226773345691
1592,4,0.03935914560919261
1592,5,0.03867699536919785
1592,6,0.03746118474319362
1592,7,0.030337734341555712
1592,8,0.03158145883519516
1592,9,0.03507585986832399
1592,10,0.0345591422278499
1592,11,0.03798892157474981
1592,12,0.03740996985845659
1593,1,0.03570335315668238
1593,2,0.0355278518117391
1593,3,0.036899644643755676
1593,4,0.03275549600938963
1593,5,0.03223174187324834
1593,6,0.0318128601366666
1593,7,0.029749420689048702
1593,8,0.030947945740913516
1593,9,0.03147664992654281
1593,10,0.03206652570627272
1593,11,0.034906131482242815
1593,12,0.03532796896731615
1594,1,0.037390967762101227
1594,2,0.037206624557127005
1594,3,0.03918725352185718
1594,4,0.03875909812369039
1594,5,0.04072535932885471
1594,6,0.03658030133247554
1594,7,0.035813265295615695
1594,8,0.034341650403801556
1594,9,0.03527222919749264
1594,10,0.040724147137979255
1594,11,0.03984376144275796
1594,12,0.03548669264103432
1595,1,0.04580493644687467
1595,2,0.045645533815457655
1595,3,0.044989036677760094
1595,4,0.04646640995235478
1595,5,0.04713568027275423
1595,6,0.04595834607495061
1595,7,0.035546703266186384
1595,8,0.03665422116504229
1595,9,0.039537422735946195
1595,10,0.04003388300575091
1595,11,0.04831376220159017
1595,12,0.04676566585455788
1596,1,0.04015325972627689
1596,2,0.04009413583483149
1596,3,0.04485475884781415
1596,4,0.04261598355399664
1596,5,0.03943695418042499
1596,6,0.03162450749346003
1596,7,0.026857245852496325
1596,8,0.02799407952477653
1596,9,0.03024960313914916
1596,10,0.03658332054141744
1596,11,0.03891387268946952
1596,12,0.04027567333031901
1597,1,0.03993823494967954
1597,2,0.03919689614605728
1597,3,0.04405848693325344
1597,4,0.04281913155868632
1597,5,0.03866158186654418
1597,6,0.03242429775659025
1597,7,0.026844822441286845
1597,8,0.027916687182197263
1597,9,0.029400769219918233
1597,10,0.03577605981472943
1597,11,0.0389759121318699
1597,12,0.040137866743996685
1598,1,0.041744644072941886
1598,2,0.040810363951962095
1598,3,0.04406785187214701
1598,4,0.044058788669915507
1598,5,0.03996598275511149
1598,6,0.033543975020551425
1598,7,0.027773989026138247
1598,8,0.029358156341100877
1598,9,0.031014424324169024
1598,10,0.03712864359800811
1598,11,0.04008958089896099
1598,12,0.041402078449050035
1599,1,0.0426101984866424
1599,2,0.04153477927104272
1599,3,0.04566190158663095
1599,4,0.04682693218205136
1599,5,0.04208480718430904
1599,6,0.03659873465155338
1599,7,0.02869289088035016
1599,8,0.029926277604598508
1599,9,0.032088776138594774
1599,10,0.03681002332701129
1599,11,0.041721349239725064
1599,12,0.043558064617289026
1600,1,0.03633416050541533
1600,2,0.036198439738113486
1600,3,0.04140644070092523
1600,4,0.03595929960351134
1600,5,0.03219949205405764
1600,6,0.03273648560430671
1600,7,0.02812679630914137
1600,8,0.027814199992578892
1600,9,0.03103986185971762
1600,10,0.03333038975256867
1600,11,0.03766947988180351
1600,12,0.038142467195473304
1601,1,0.041039917194468964
1601,2,0.03984353261362454
1601,3,0.04918634101533956
1601,4,0.04645173449617
1601,5,0.041136880918953435
1601,6,0.03916756530434469
1601,7,0.02942103303112
1601,8,0.031076230141792907
1601,9,0.03379010307539917
1601,10,0.035940876057472954
1601,11,0.0420183718070523
1601,12,0.043119730190956475
1602,1,0.034305975277010854
1602,2,0.03502113424079035
1602,3,0.03700242496745038
1602,4,0.033473437471521324
1602,5,0.03106203642959331
1602,6,0.03136790736451111
1602,7,0.029109846911783928
1602,8,0.028461596535705368
1602,9,0.030268983090999093
1602,10,0.0304587872160318
1602,11,0.0352724395043592
1602,12,0.03580631850925803
1603,1,0.036850708169789755
1603,2,0.037134883257602266
1603,3,0.038873951582732616
1603,4,0.03870198449376586
1603,5,0.04026891109316826
1603,6,0.03634583292019828
1603,7,0.035163120823365125
1603,8,0.03381587836358183
1603,9,0.03499551320456108
1603,10,0.04011560103172385
1603,11,0.0396417893313102
1603,12,0.03555323789621006
1604,1,0.037015348458138954
1604,2,0.03863073390367285
1604,3,0.04947540023091729
1604,4,0.046053962624646574
1604,5,0.04106817744897186
1604,6,0.039852110007059224
1604,7,0.030673928363991326
1604,8,0.03286253912407885
1604,9,0.03487339512812221
1604,10,0.03362197660597909
1604,11,0.032564241583936816
1604,12,0.035037828784902
1605,1,0.04720512033726134
1605,2,0.04257071162901416
1605,3,0.043798863313002895
1605,4,0.04436720137338269
1605,5,0.04722390766184635
1605,6,0.04476776504431324
1605,7,0.03457350050802694
1605,8,0.03671507276570274
1605,9,0.03999023976428969
1605,10,0.04053470532273329
1605,11,0.04879488843623129
1605,12,0.0471216126825193
1606,1,0.03889718113897722
1606,2,0.03974117820496181
1606,3,0.043142939582450586
1606,4,0.043136583049932405
1606,5,0.03890874761400408
1606,6,0.03350867757955575
1606,7,0.027365176974349606
1606,8,0.028297368289345235
1606,9,0.031229188472685163
1606,10,0.03610409295225366
1606,11,0.04041984519657955
1606,12,0.0408333650811044
1607,1,0.03488089581457206
1607,2,0.03533399315566861
1607,3,0.03747957508256729
1607,4,0.033622286338920206
1607,5,0.03191277215382926
1607,6,0.03144940038602629
1607,7,0.029201454909881186
1607,8,0.029933506437938552
1607,9,0.03216481357636833
1607,10,0.03216902154080865
1607,11,0.035516011265849225
1607,12,0.035483001618625366
1608,1,0.04347572722475856
1608,2,0.04576629086700704
1608,3,0.05094977679334872
1608,4,0.05215775739731323
1608,5,0.046177010360768364
1608,6,0.04359518926180206
1608,7,0.03356996524983371
1608,8,0.0364171541698646
1608,9,0.037960064706969186
1608,10,0.03690767617474981
1608,11,0.035493302974808745
1608,12,0.039311029296539124
1609,1,0.04188873978504721
1609,2,0.040401744076686445
1609,3,0.048908372259823356
1609,4,0.04794933697422475
1609,5,0.04407962660285873
1609,6,0.04261258860206701
1609,7,0.02997088328463435
1609,8,0.03251425124705746
1609,9,0.03518228201831554
1609,10,0.03653991147827585
1609,11,0.04248044756571371
1609,12,0.044567138004310815
1610,1,0.0447770004148905
1610,2,0.04311828713367306
1610,3,0.047271767853881194
1610,4,0.0473300795655542
1610,5,0.042202181979688065
1610,6,0.040165594153990215
1610,7,0.03008493678366745
1610,8,0.030951506638040666
1610,9,0.03306533886906349
1610,10,0.038859571380487075
1610,11,0.043553236752148644
1610,12,0.04506203627717277
1611,1,0.03881551222325538
1611,2,0.038821009915578
1611,3,0.04705872915148264
1611,4,0.04711723494896043
1611,5,0.039758854051012336
1611,6,0.03732864222619075
1611,7,0.02775480957459346
1611,8,0.029020103884683086
1611,9,0.031813548778805115
1611,10,0.03418967919721515
1611,11,0.038879078934937174
1611,12,0.039406663243902566
1612,1,0.03631751633226523
1612,2,0.03654949054678343
1612,3,0.038625214138011836
1612,4,0.033592286468762424
1612,5,0.03242419701892905
1612,6,0.03273379720200707
1612,7,0.0295218254353461
1612,8,0.02965455446715907
1612,9,0.03246082833046702
1612,10,0.03350343409955985
1612,11,0.036581934448819166
1612,12,0.03771508839642499
1613,1,0.03974045366419138
1613,2,0.03955699845292757
1613,3,0.048223405684068216
1613,4,0.04856745495443297
1613,5,0.03962930344949193
1613,6,0.036035786897764356
1613,7,0.028100843134082197
1613,8,0.029193452573619997
1613,9,0.03206167037935285
1613,10,0.03541276212306613
1613,11,0.03909115268962089
1613,12,0.0401777790204985
1614,1,0.0474836913741424
1614,2,0.047854759616757135
1614,3,0.04873294885876367
1614,4,0.04905910847459072
1614,5,0.048367372619944726
1614,6,0.046135141701901104
1614,7,0.03506382560185898
1614,8,0.0366532722986961
1614,9,0.039961840029265346
1614,10,0.039176791505944115
1614,11,0.040699407477958506
1614,12,0.04512959921888924
1615,1,0.045026793312123024
1615,2,0.04213454205627008
1615,3,0.04662787247287834
1615,4,0.0469200519184804
1615,5,0.0446236234914664
1615,6,0.043329884578559415
1615,7,0.031038683402905082
1615,8,0.03248919087830116
1615,9,0.03639584080712844
1615,10,0.03812973447879483
1615,11,0.04437190736357668
1615,12,0.046032457104225794
1616,1,0.03908669882263876
1616,2,0.03945859693771724
1616,3,0.04209994058863689
1616,4,0.04137858605022075
1616,5,0.03717719014903367
1616,6,0.03230741484314381
1616,7,0.02669255922605147
1616,8,0.027983741849924304
1616,9,0.030924122678919464
1616,10,0.03476506675176371
1616,11,0.039231351077709274
1616,12,0.03990141139241534
1617,1,0.043316655626671766
1617,2,0.0417443692677569
1617,3,0.046446368952128635
1617,4,0.04685347235044061
1617,5,0.0422430874712238
1617,6,0.03745565778435923
1617,7,0.028147337642306
1617,8,0.030390912701141477
1617,9,0.031962374493139545
1617,10,0.03725379176405964
1617,11,0.04171589303017333
1617,12,0.043606103548789084
1618,1,0.040428868026752426
1618,2,0.03979443628820144
1618,3,0.040138389104492314
1618,4,0.03714596789824001
1618,5,0.03701585027794207
1618,6,0.03332059867412795
1618,7,0.030336667700164344
1618,8,0.03032529606962197
1618,9,0.03287560669695392
1618,10,0.03531561349903995
1618,11,0.043442167683198536
1618,12,0.04231143431585554
1619,1,0.040336579621221266
1619,2,0.04016342007460515
1619,3,0.04481301417404567
1619,4,0.044978697751591155
1619,5,0.04021920964480594
1619,6,0.034364139924460205
1619,7,0.027513109905794766
1619,8,0.02856909047145715
1619,9,0.03141582408778854
1619,10,0.035076344682549235
1619,11,0.03972645579423542
1619,12,0.04019598102674822
1620,1,0.03725421521114823
1620,2,0.03589950831585646
1620,3,0.04016273207525435
1620,4,0.035539292919918364
1620,5,0.03364556707827964
1620,6,0.03320736957091886
1620,7,0.02879825930115322
1620,8,0.02929188334885275
1620,9,0.032285821927411716
1620,10,0.03351158906702244
1620,11,0.037989086745915085
1620,12,0.0386768175603039
1621,1,0.04033263801980888
1621,2,0.040087058948768746
1621,3,0.04363186081167871
1621,4,0.043492073701669624
1621,5,0.03839911435386152
1621,6,0.03329254378313055
1621,7,0.027153833831320272
1621,8,0.028729555270655478
1621,9,0.031815163567081826
1621,10,0.03525009291368378
1621,11,0.04136878815898978
1621,12,0.040784830558955015
1622,1,0.04032041511508051
1622,2,0.039373157817401465
1622,3,0.04907730963624154
1622,4,0.04731207745330632
1622,5,0.0413862539754301
1622,6,0.039729343842282445
1622,7,0.029324304053950038
1622,8,0.030619370256391228
1622,9,0.03422631829058372
1622,10,0.0353794631462934
1622,11,0.04063777200860133
1622,12,0.04108035909796395
1623,1,0.0416940311832865
1623,2,0.04057257377218688
1623,3,0.046899922138007116
1623,4,0.04580952748018124
1623,5,0.041554888190879734
1623,6,0.03952459364420074
1623,7,0.029412241293973757
1623,8,0.030897145060837898
1623,9,0.03435101849335488
1623,10,0.036077142999535516
1623,11,0.0422066007815755
1623,12,0.044518691413915804
1624,1,0.0419056356123855
1624,2,0.040382555527654365
1624,3,0.046487468605447474
1624,4,0.04644364193256241
1624,5,0.041673906109512576
1624,6,0.039369354220319716
1624,7,0.030649069333438316
1624,8,0.03129446894158738
1624,9,0.03533225697417478
1624,10,0.03679336102340592
1624,11,0.043478417260052624
1624,12,0.043889773690942185
1625,1,0.0362018147641415
1625,2,0.03549600228478767
1625,3,0.03705323363057776
1625,4,0.03293939323924113
1625,5,0.032368314681677744
1625,6,0.03224995705463188
1625,7,0.03000858912482685
1625,8,0.030491057709516333
1625,9,0.03198593466958672
1625,10,0.03197228435675608
1625,11,0.035261912736671945
1625,12,0.03532498254830371
1626,1,0.03820248320180395
1626,2,0.037057031791015806
1626,3,0.04210851479952708
1626,4,0.04232031401227085
1626,5,0.03999129211253763
1626,6,0.038555768345169786
1626,7,0.03028954881073341
1626,8,0.03180631251842855
1626,9,0.035017995464179524
1626,10,0.03450818403249155
1626,11,0.03838701757578044
1626,12,0.039251322352915716
1627,1,0.04290887544365931
1627,2,0.04112768542764118
1627,3,0.046129614087701706
1627,4,0.045971502862732196
1627,5,0.04430632818841464
1627,6,0.04279801629307799
1627,7,0.03155150001614276
1627,8,0.03291982757916949
1627,9,0.036720523913047864
1627,10,0.037697326933411886
1627,11,0.04292820198775214
1627,12,0.04367458583894004
1628,1,0.03724772886640167
1628,2,0.0384404031032327
1628,3,0.04214052906726123
1628,4,0.040015170141344335
1628,5,0.03686264766319054
1628,6,0.0293353290877492
1628,7,0.024498038321958897
1628,8,0.025878549169295918
1628,9,0.02753316704298133
1628,10,0.034081503679596975
1628,11,0.0363065457588941
1628,12,0.03733097513384522
1629,1,0.037369663490372934
1629,2,0.03660080895305937
1629,3,0.04127117247982178
1629,4,0.03671537972354749
1629,5,0.03308108975633692
1629,6,0.03329051319866527
1629,7,0.028514646756840602
1629,8,0.028704269660038785
1629,9,0.03223492589947728
1629,10,0.033966329239344346
1629,11,0.038582963686114184
1629,12,0.03892270790571212
1630,1,0.041705019620392005
1630,2,0.041032184621109295
1630,3,0.04537565755995498
1630,4,0.04564057564790715
1630,5,0.04036251421965512
1630,6,0.035395141634020216
1630,7,0.028628348299934384
1630,8,0.030016019060809637
1630,9,0.03337668297352761
1630,10,0.03710250342658825
1630,11,0.04299907787299636
1630,12,0.0430995859682174
1631,1,0.038329005728513534
1631,2,0.03852013303168235
1631,3,0.04122569530034425
1631,4,0.04094924392591312
1631,5,0.04358817801685518
1631,6,0.040084623203171285
1631,7,0.03665896211440758
1631,8,0.035686706661051545
1631,9,0.03639276000184815
1631,10,0.03714407536658047
1631,11,0.039970382306876606
1631,12,0.038346994365122504
1632,1,0.040562273801461504
1632,2,0.03954233821660373
1632,3,0.043767478801551504
1632,4,0.04358388951396194
1632,5,0.03865977941206671
1632,6,0.033331638350357316
1632,7,0.028550153527443254
1632,8,0.029985242806699338
1632,9,0.03257617227391971
1632,10,0.03668060556141978
1632,11,0.04170957144662813
1632,12,0.04157100955741248
1633,1,0.040208747144774355
1633,2,0.03901821870566622
1633,3,0.0458021358050115
1633,4,0.046905058574905886
1633,5,0.043471343294988515
1633,6,0.04188005422976669
1633,7,0.031085977021702044
1633,8,0.03274527607417739
1633,9,0.0361357662222554
1633,10,0.0365424423531245
1633,11,0.041116527730667915
1633,12,0.04061732798924212
1634,1,0.03946324483552895
1634,2,0.04112770872900803
1634,3,0.04557410794100534
1634,4,0.044010906814254507
1634,5,0.039735276081182734
1634,6,0.03299832230831551
1634,7,0.026823180859670056
1634,8,0.02772371357559567
1634,9,0.030691000130396568
1634,10,0.03658221466418509
1634,11,0.0399473544771174
1634,12,0.04062170029410906
1635,1,0.036677368162077006
1635,2,0.036709136388434045
1635,3,0.03890112075882189
1635,4,0.0345991891491621
1635,5,0.03281913392575038
1635,6,0.03287706788026919
1635,7,0.03013021279117701
1635,8,0.029596383926057918
1635,9,0.03243103232044579
1635,10,0.03344387856462898
1635,11,0.03741725459457775
1635,12,0.03801219349749254
1636,1,0.03809126284775186
1636,2,0.03813136650139871
1636,3,0.041279651257898536
1636,4,0.03763797606463684
1636,5,0.03405534180036118
1636,6,0.03502331920389014
1636,7,0.030050113668045553
1636,8,0.029708517994250935
1636,9,0.03384997043310607
1636,10,0.03463166107564913
1636,11,0.03916250035504121
1636,12,0.03969934473312049
1637,1,0.03972992018826357
1637,2,0.03983066518122113
1637,3,0.044310841686642455
1637,4,0.04379100724080963
1637,5,0.0398724665371269
1637,6,0.03188711739271975
1637,7,0.026502793685200407
1637,8,0.02768289579241415
1637,9,0.03004148208433151
1637,10,0.03619781740155013
1637,11,0.039739003036876275
1637,12,0.04044932563907259
1638,1,0.03686302666788182
1638,2,0.035573284524446795
1638,3,0.039682331601630184
1638,4,0.039364382208523535
1638,5,0.039204784955308145
1638,6,0.03735888945951129
1638,7,0.030846727731777213
1638,8,0.03161741239523461
1638,9,0.03534521574985403
1638,10,0.03491298182974235
1638,11,0.03885036839955664
1638,12,0.0378481398035543
1639,1,0.0421596049530496
1639,2,0.04112800153540375
1639,3,0.04683053526019871
1639,4,0.04731940348703851
1639,5,0.04110213498323227
1639,6,0.036638693229594135
1639,7,0.029784771528527935
1639,8,0.03012981088874839
1639,9,0.03245593608130965
1639,10,0.03697317469270298
1639,11,0.04163305937141616
1639,12,0.04251372115476965
1640,1,0.038388912599954535
1640,2,0.03955899587736466
1640,3,0.04320690113856716
1640,4,0.04314291929563903
1640,5,0.03873280238892202
1640,6,0.033045139916556665
1640,7,0.027131838204541313
1640,8,0.02805486229227875
1640,9,0.030684580622198417
1640,10,0.03542499993424741
1640,11,0.04014652719755523
1640,12,0.04018335705373755
1641,1,0.04034603595011894
1641,2,0.037719417563341844
1641,3,0.041478110457361377
1641,4,0.0412508390431873
1641,5,0.04132673518897163
1641,6,0.04007039026746848
1641,7,0.03107298822030639
1641,8,0.03261955307115863
1641,9,0.036412981229844356
1641,10,0.036038897701324665
1641,11,0.0411669412399364
1641,12,0.040678334184034146
1642,1,0.038125274095574146
1642,2,0.037270054615361155
1642,3,0.041863109644959255
1642,4,0.03804781546975916
1642,5,0.03370948215528534
1642,6,0.035474369397419485
1642,7,0.029023645670886826
1642,8,0.02787247430172857
1642,9,0.033426095523969274
1642,10,0.03449188368976477
1642,11,0.03866174742768637
1642,12,0.039805216970611776
1643,1,0.044750578091347415
1643,2,0.0431108886581304
1643,3,0.04843346253103673
1643,4,0.05215990019864812
1643,5,0.04213378377550747
1643,6,0.04155692103850369
1643,7,0.03016502216142594
1643,8,0.03147981387815217
1643,9,0.03270440749868717
1643,10,0.03858680874701923
1643,11,0.04262044758061305
1643,12,0.044637661255364974
1644,1,0.04649813145335614
1644,2,0.043638065093445456
1644,3,0.050638009413749754
1644,4,0.050177783380918634
1644,5,0.04711473218646913
1644,6,0.043426250054164596
1644,7,0.031251791685933124
1644,8,0.03358602968864637
1644,9,0.03673449477926548
1644,10,0.03840564465122775
1644,11,0.044664299874457906
1644,12,0.04594762838779923
1645,1,0.0481587461175065
1645,2,0.045707434085433644
1645,3,0.045870093244678944
1645,4,0.046825683379880044
1645,5,0.048595730774896206
1645,6,0.04601989510148597
1645,7,0.034105391371913894
1645,8,0.0359107263341421
1645,9,0.03936792060905925
1645,10,0.040189635279825886
1645,11,0.045849192272492595
1645,12,0.049244255410445026
1646,1,0.04498960136507649
1646,2,0.04386737022640685
1646,3,0.04664886071684999
1646,4,0.04903545876949416
1646,5,0.04159015044066937
1646,6,0.03839190801952762
1646,7,0.030091612033408818
1646,8,0.03140219849404796
1646,9,0.03231109042153084
1646,10,0.03873544654127094
1646,11,0.042887055352556484
1646,12,0.04436666769013085
1647,1,0.0467357939747817
1647,2,0.04453366438752007
1647,3,0.04563645846134269
1647,4,0.04625755985983845
1647,5,0.047789046941235
1647,6,0.045598858121762544
1647,7,0.03474510625478507
1647,8,0.03619571843089091
1647,9,0.03942246976106028
1647,10,0.04032285595867365
1647,11,0.0478862603128778
1647,12,0.04958439027056652
1648,1,0.038700107157032655
1648,2,0.03741932954083625
1648,3,0.04211376757734165
1648,4,0.04223418320440658
1648,5,0.04107700547090356
1648,6,0.039280617123545886
1648,7,0.031131955485390585
1648,8,0.03246164016872246
1648,9,0.03553625449619373
1648,10,0.035003918368213864
1648,11,0.03949002188450555
1648,12,0.03872667418563267
1649,1,0.04349817638020537
1649,2,0.04135680729000115
1649,3,0.047461759120135574
1649,4,0.04723118454268176
1649,5,0.04278072753363497
1649,6,0.04032446299810716
1649,7,0.029967108531662772
1649,8,0.03124618786346251
1649,9,0.03502017709091447
1649,10,0.037349830771950004
1649,11,0.04425094404402001
1649,12,0.046608207624317
1650,1,0.03803577570769233
1650,2,0.037448518088615906
1650,3,0.03952282059515961
1650,4,0.03904309413119369
1650,5,0.04021634919537559
1650,6,0.03648336518129724
1650,7,0.036081055793467154
1650,8,0.033909694853532964
1650,9,0.03525627246261744
1650,10,0.038734420541442306
1650,11,0.03908556382015066
1650,12,0.036928749190615714
1651,1,0.04662373551841937
1651,2,0.043668227297967266
1651,3,0.04907446054429614
1651,4,0.04801186926673093
1651,5,0.0460032475085609
1651,6,0.04404457369487601
1651,7,0.03205098027572068
1651,8,0.0337240670866697
1651,9,0.037047609488112074
1651,10,0.038884767311244274
1651,11,0.04466913568702801
1651,12,0.0475016077708708
1652,1,0.03628844823551545
1652,2,0.03676741549412769
1652,3,0.03862291638282421
1652,4,0.0341016828424768
1652,5,0.03251449150044614
1652,6,0.033004056493832416
1652,7,0.029753129972415405
1652,8,0.030051721898616574
1652,9,0.03179390601986274
1652,10,0.03348608133482523
1652,11,0.036256913210907016
1652,12,0.037746426241633796
1653,1,0.04720889711885369
1653,2,0.042722363115384465
1653,3,0.043672939574800035
1653,4,0.04392775370847164
1653,5,0.046830188871363816
1653,6,0.044979160019794934
1653,7,0.034181635664400446
1653,8,0.03651093197557455
1653,9,0.03924871208482379
1653,10,0.04009418533515694
1653,11,0.048159961754322925
1653,12,0.04676105783256429
1654,1,0.04688253044852858
1654,2,0.048257517824855545
1654,3,0.050797665923570275
1654,4,0.05097905120368914
1654,5,0.047207146349183354
1654,6,0.045171842509723656
1654,7,0.034655892297834834
1654,8,0.036383521106740306
1654,9,0.03978690101616452
1654,10,0.03862594507858118
1654,11,0.03832267335201646
1654,12,0.04288265679043403
1655,1,0.04723357875954404
1655,2,0.04582409684043395
1655,3,0.04700024997332386
1655,4,0.04919226095865844
1655,5,0.048070157238931745
1655,6,0.04588351416463188
1655,7,0.03520845181996708
1655,8,0.036517536993369626
1655,9,0.039158614466320955
1655,10,0.03913952773460165
1655,11,0.04222626312261882
1655,12,0.04639397359305401
1656,1,0.04318377291943825
1656,2,0.04234959571093728
1656,3,0.046591108369973135
1656,4,0.048136912556069986
1656,5,0.042041764571989104
1656,6,0.03687687781387293
1656,7,0.029708412156123916
1656,8,0.03093154653358092
1656,9,0.033781709603536866
1656,10,0.038655414035328996
1656,11,0.044310583763348226
1656,12,0.045351699160823926
1657,1,0.038648310437494546
1657,2,0.03904156704270275
1657,3,0.04419229397076981
1657,4,0.040939239020970866
1657,5,0.039230891666714555
1657,6,0.030037055182800903
1657,7,0.024599899471439646
1657,8,0.026362823381278152
1657,9,0.028484159006016915
1657,10,0.03503288046258211
1657,11,0.037172426084832094
1657,12,0.03850037092518488
1658,1,0.041022141339298726
1658,2,0.04101739921162587
1658,3,0.045844256804620384
1658,4,0.043646175050600484
1658,5,0.03964546376065892
1658,6,0.032699246457290984
1658,7,0.02704965057560593
1658,8,0.028662798615023664
1658,9,0.030354202527421843
1658,10,0.037257454007319245
1658,11,0.039984100213092975
1658,12,0.04151007652297469
1659,1,0.04210571788949238
1659,2,0.04040364515670325
1659,3,0.045781229240030134
1659,4,0.047003520516584275
1659,5,0.04114311251918018
1659,6,0.0355288255296223
1659,7,0.029599696885739168
1659,8,0.030589263945697016
1659,9,0.032952936653826446
1659,10,0.036489280818225465
1659,11,0.041881402074954756
1659,12,0.042718708788682544
1660,1,0.039080600337356775
1660,2,0.039594031916752634
1660,3,0.04488190524408917
1660,4,0.042237106665078884
1660,5,0.03869798266480755
1660,6,0.031594306397613195
1660,7,0.025972086485272237
1660,8,0.026943373976910295
1660,9,0.029062275967365554
1660,10,0.035482002170771944
1660,11,0.038291040795332736
1660,12,0.04023026488269311
1661,1,0.03436447322441854
1661,2,0.03509369819681071
1661,3,0.03757454798446928
1661,4,0.03334606627978358
1661,5,0.03220548242866998
1661,6,0.03155357897333279
1661,7,0.029432010816897943
1661,8,0.02941313215357111
1661,9,0.03183689942640755
1661,10,0.032274661786736145
1661,11,0.03506919305113633
1661,12,0.035177109234652386
1662,1,0.037706230211363934
1662,2,0.03665276338064523
1662,3,0.043190127372503336
1662,4,0.03751337608936855
1662,5,0.032185286267854794
1662,6,0.03303890001350446
1662,7,0.027771280172408312
1662,8,0.02792937481007704
1662,9,0.030989727807365672
1662,10,0.033536005276032725
1662,11,0.03862014239939832
1662,12,0.03970952811807046
1663,1,0.03614640061128591
1663,2,0.0348600080899939
1663,3,0.038934428632424904
1663,4,0.034126858353207994
1663,5,0.031613981979812966
1663,6,0.03190314258497345
1663,7,0.028612580251018926
1663,8,0.0282772007536621
1663,9,0.031370519351856335
1663,10,0.03322827059501307
1663,11,0.03740267299759989
1663,12,0.03780403370080602
1664,1,0.036590968363529715
1664,2,0.03793240788530502
1664,3,0.039537340444057066
1664,4,0.03677652067973317
1664,5,0.033800380604943336
1664,6,0.03362589450040135
1664,7,0.029462509999187345
1664,8,0.02922276274369209
1664,9,0.033085906364613706
1664,10,0.03402105080286657
1664,11,0.03829158950296507
1664,12,0.03861133310118446
1665,1,0.04800765256063256
1665,2,0.04578074758525676
1665,3,0.0466521928372314
1665,4,0.0484341084282092
1665,5,0.047948534132140695
1665,6,0.04524349685779863
1665,7,0.03429201535163207
1665,8,0.03566523265663403
1665,9,0.039176924842780854
1665,10,0.04000745132518017
1665,11,0.04464199934266787
1665,12,0.048830832998155896
1666,1,0.03953775541917585
1666,2,0.038607377472949914
1666,3,0.043716198743745216
1666,4,0.04426689104872025
1666,5,0.04214279000547495
1666,6,0.04034258194919437
1666,7,0.031071497037971508
1666,8,0.033276497381450006
1666,9,0.03622146460887777
1666,10,0.035965267318748745
1666,11,0.040588083930720144
1666,12,0.04013249742326157
1667,1,0.04344379796244836
1667,2,0.04191641656906979
1667,3,0.04533382706312381
1667,4,0.04483231142180672
1667,5,0.042287194698871794
1667,6,0.03681381881240137
1667,7,0.028189638894170088
1667,8,0.029576408551631114
1667,9,0.03146839493572992
1667,10,0.0379478438317662
1667,11,0.041427454283459245
1667,12,0.04381844811463452
1668,1,0.03513629399786947
1668,2,0.03564723672241477
1668,3,0.03775383286158118
1668,4,0.034250779145742184
1668,5,0.032921010051829805
1668,6,0.032743052734851875
1668,7,0.030256915290995005
1668,8,0.02952537406550868
1668,9,0.032191350063729904
1668,10,0.033499916494267944
1668,11,0.035716704720151794
1668,12,0.036459075857987126
1669,1,0.035479476697436174
1669,2,0.03425980662965825
1669,3,0.03915824361534362
1669,4,0.03427599597170997
1669,5,0.031110642454172156
1669,6,0.03172269027651784
1669,7,0.028098081088738094
1669,8,0.028036721869495088
1669,9,0.02963227498178834
1669,10,0.03251318626653744
1669,11,0.036281770042946956
1669,12,0.036968202952350565
1670,1,0.04336409748724883
1670,2,0.04206533889459327
1670,3,0.04569995309221853
1670,4,0.0453502956274435
1670,5,0.04230895743515589
1670,6,0.03822812616078552
1670,7,0.02976883518987025
1670,8,0.029966663148464148
1670,9,0.033133538115216014
1670,10,0.038027488485671584
1670,11,0.041652741409224876
1670,12,0.04311839579294195
1671,1,0.044784562437277284
1671,2,0.042246738754108254
1671,3,0.05082799286162372
1671,4,0.049928243766059074
1671,5,0.045548017025979284
1671,6,0.04368193132270649
1671,7,0.03170537121837991
1671,8,0.033141455977443925
1671,9,0.03616217091638686
1671,10,0.03785721768877132
1671,11,0.043348514052543495
1671,12,0.044172305870409066
1672,1,0.04229097143218978
1672,2,0.04386798389750627
1672,3,0.05202080561281754
1672,4,0.050324274932337945
1672,5,0.04560124379656774
1672,6,0.04405001223457572
1672,7,0.03424167106074942
1672,8,0.03687756739460344
1672,9,0.03838598424332185
1672,10,0.03646636559370071
1672,11,0.03547485362522686
1672,12,0.03886067240609116
1673,1,0.03986270159701903
1673,2,0.0395712064746318
1673,3,0.043383230482533515
1673,4,0.04214796668660652
1673,5,0.03933593243151005
1673,6,0.03198268061456735
1673,7,0.02707284746681182
1673,8,0.02783234708674343
1673,9,0.03002283156631803
1673,10,0.03559177319305145
1673,11,0.03806740200199477
1673,12,0.039609589834465934
1674,1,0.04231536457480262
1674,2,0.04131621454292721
1674,3,0.0465811603413775
1674,4,0.04695568874562402
1674,5,0.04079235799364748
1674,6,0.037151562442803786
1674,7,0.028827068120126333
1674,8,0.029906077552857114
1674,9,0.03297236601669655
1674,10,0.0366903731278801
1674,11,0.04161714488412057
1674,12,0.04308766264414109
1675,1,0.04769148774216665
1675,2,0.04464439257304572
1675,3,0.04438902159444967
1675,4,0.045305657342892096
1675,5,0.04850328012206799
1675,6,0.046081053457040305
1675,7,0.035916460650226016
1675,8,0.03725161086902545
1675,9,0.04039454519980478
1675,10,0.04113003254652113
1675,11,0.05157650950714581
1675,12,0.04927652336133271
1676,1,0.039723443627658554
1676,2,0.03877883764443061
1676,3,0.04469260898669357
1676,4,0.041529735823180376
1676,5,0.03383781233058786
1676,6,0.03406358976486975
1676,7,0.027906969530720274
1676,8,0.026907789655536172
1676,9,0.03245292836678453
1676,10,0.03400049015890371
1676,11,0.03905309034114588
1676,12,0.040716986705317613
1677,1,0.041494644056190334
1677,2,0.03975883652531839
1677,3,0.044883619314420045
1677,4,0.04450385695182709
1677,5,0.04185323700725655
1677,6,0.03963488044923385
1677,7,0.0314527562627458
1677,8,0.03250518649291815
1677,9,0.035892036519741176
1677,10,0.036485131724739384
1677,11,0.041235727129297545
1677,12,0.04201945349381329
1678,1,0.039199850341554654
1678,2,0.04055310089717002
1678,3,0.04445782803828817
1678,4,0.043235668427082805
1678,5,0.038806938647048345
1678,6,0.03265714223445714
1678,7,0.026690277211666426
1678,8,0.027838675835577996
1678,9,0.0308817037515325
1678,10,0.035962112825795006
1678,11,0.03839909174898548
1678,12,0.04001354322994269
1679,1,0.04561433606856611
1679,2,0.04555196626054322
1679,3,0.04655554021645546
1679,4,0.0487232435931472
1679,5,0.04755305584987522
1679,6,0.04595155680022979
1679,7,0.034520305979202276
1679,8,0.035967507589346824
1679,9,0.03928722601690667
1679,10,0.03900595638461643
1679,11,0.0438262950598123
1679,12,0.04632203372442148
1680,1,0.03630013049374252
1680,2,0.03567206603580652
1680,3,0.03921791329152465
1680,4,0.03392111680640759
1680,5,0.03199392491560703
1680,6,0.0320978642676581
1680,7,0.029231133314337857
1680,8,0.028669491706570724
1680,9,0.03146794988705359
1680,10,0.033781613810166
1680,11,0.03731339561219416
1680,12,0.03802959532899452
1681,1,0.04419658096476247
1681,2,0.04235739282511547
1681,3,0.04556413071712631
1681,4,0.04514264864051143
1681,5,0.04073491999100484
1681,6,0.036124801072824446
1681,7,0.02863415490251453
1681,8,0.02958799717692605
1681,9,0.03212640027476867
1681,10,0.03867563723258569
1681,11,0.04203031866314212
1681,12,0.04442760801306419
1682,1,0.046477802254992
1682,2,0.04695894512647485
1682,3,0.05202392603754642
1682,4,0.05144563686938416
1682,5,0.04691339006337941
1682,6,0.04292321849209649
1682,7,0.03436932876485215
1682,8,0.03621004594389982
1682,9,0.03867912301613509
1682,10,0.03761393631941856
1682,11,0.037085338537267004
1682,12,0.04164257762172054
1683,1,0.03788333080404757
1683,2,0.03815598690225438
1683,3,0.045135241917657415
1683,4,0.04751276153636938
1683,5,0.03946671647720169
1683,6,0.03611972931389713
1683,7,0.027788125304342146
1683,8,0.028704390575316787
1683,9,0.03099147163201749
1683,10,0.03406128737848084
1683,11,0.037957022787573104
1683,12,0.03851013216181495
1684,1,0.04641956014972174
1684,2,0.04407639251154859
1684,3,0.04486084714515753
1684,4,0.04473002930278965
1684,5,0.04705000470844479
1684,6,0.044990069661904414
1684,7,0.0342040027242845
1684,8,0.03616567911908976
1684,9,0.03870487582648944
1684,10,0.04048455837970921
1684,11,0.04759972309439926
1684,12,0.049001653464697266
1685,1,0.03991063125972405
1685,2,0.03937666189647226
1685,3,0.04446945576067377
1685,4,0.04395775251541525
1685,5,0.03990888013632544
1685,6,0.03403663270113912
1685,7,0.02754127665398457
1685,8,0.028210702546295013
1685,9,0.030145206241663464
1685,10,0.03575003372237679
1685,11,0.039838380983643076
1685,12,0.040548024569176125
1686,1,0.038377253936891516
1686,2,0.04008785090439851
1686,3,0.04627230463412649
1686,4,0.04680198923330522
1686,5,0.04251265992261513
1686,6,0.039847679868277745
1686,7,0.03137930397581752
1686,8,0.033152123726349764
1686,9,0.034575718056896805
1686,10,0.03408675082963971
1686,11,0.03329099037974058
1686,12,0.0367006262297547
1687,1,0.04492938338959554
1687,2,0.04266534410939073
1687,3,0.046562142027045145
1687,4,0.04673404525665618
1687,5,0.04164368745001549
1687,6,0.0405231744210789
1687,7,0.02932592827889099
1687,8,0.03029810947118667
1687,9,0.03260343068490638
1687,10,0.03806992796341601
1687,11,0.04261550540005936
1687,12,0.044439674718042124
1688,1,0.03631897179418207
1688,2,0.0376628459007343
1688,3,0.04128133154523057
1688,4,0.03896085439246106
1688,5,0.03607257553485935
1688,6,0.02897365369035448
1688,7,0.0241844198836158
1688,8,0.02581962644737276
1688,9,0.02697297277166771
1688,10,0.03338657143046342
1688,11,0.03569752264227375
1688,12,0.0362206624882971
1689,1,0.03544773475886428
1689,2,0.035010855592880606
1689,3,0.03874519713312808
1689,4,0.0346198286474222
1689,5,0.03147819244686314
1689,6,0.031216323567112684
1689,7,0.02854249487291046
1689,8,0.028612818971936467
1689,9,0.03066961525451458
1689,10,0.03320428158482821
1689,11,0.03672084815476993
1689,12,0.03772602812567433
1690,1,0.04419025750481823
1690,2,0.04329673569092331
1690,3,0.04915043021559502
1690,4,0.05132864541122024
1690,5,0.04098628769345058
1690,6,0.0400973694180194
1690,7,0.029607434211975547
1690,8,0.0310773512468518
1690,9,0.03218699183598899
1690,10,0.037449437432485466
1690,11,0.04156085086607716
1690,12,0.043797491583112684
1691,1,0.0423991863363174
1691,2,0.04196999029579415
1691,3,0.04567083760884536
1691,4,0.046808448996905186
1691,5,0.04153852634154172
1691,6,0.036673106829413916
1691,7,0.02903747180358333
1691,8,0.030355466599898115
1691,9,0.033426679413073326
1691,10,0.037794053626707416
1691,11,0.043815241732352364
1691,12,0.0443945935259086
1692,1,0.035283371999319864
1692,2,0.03464961104055694
1692,3,0.03815624884051749
1692,4,0.03354773147929801
1692,5,0.03137438901871902
1692,6,0.03159622173657118
1692,7,0.029250629382396108
1692,8,0.028944875408120553
1692,9,0.030163529731418386
1692,10,0.03235547854408439
1692,11,0.035979241578714405
1692,12,0.03679626875370445
1693,1,0.0410624244921134
1693,2,0.03982665775264215
1693,3,0.046728548973421706
1693,4,0.047308823834525345
1693,5,0.04399223496034798
1693,6,0.04261739458656136
1693,7,0.031339278246567764
1693,8,0.03220999717301107
1693,9,0.035807948615438005
1693,10,0.036856176046495194
1693,11,0.04120886316796484
1693,12,0.04163702172995315
1694,1,0.04513071782818401
1694,2,0.04730020854812399
1694,3,0.051035595664870516
1694,4,0.051871028499690136
1694,5,0.047366805821843945
1694,6,0.04523651328326633
1694,7,0.03438842805315903
1694,8,0.03650899368543596
1694,9,0.03935725777016495
1694,10,0.03829256093463919
1694,11,0.03665263576863962
1694,12,0.04122122982599543
1695,1,0.040279353665581816
1695,2,0.04030494171017915
1695,3,0.0453495293927605
1695,4,0.042955906917801996
1695,5,0.0392581700741194
1695,6,0.03229524481958089
1695,7,0.026539194065479547
1695,8,0.028035156936368703
1695,9,0.03045764623230101
1695,10,0.03635347355306319
1695,11,0.03902843334980851
1695,12,0.04096221557142405
1696,1,0.04529808412898362
1696,2,0.04257240176711799
1696,3,0.04714133179248684
1696,4,0.04725702824854467
1696,5,0.04511039264876175
1696,6,0.04350362126536059
1696,7,0.03157588506902614
1696,8,0.03301296107920945
1696,9,0.03697449634142881
1696,10,0.03835434956978688
1696,11,0.0441575895805772
1696,12,0.04542066478632364
1697,1,0.04395707122927753
1697,2,0.040867807251041575
1697,3,0.043285463907056634
1697,4,0.04431638247871074
1697,5,0.04563482606200519
1697,6,0.044251207749749624
1697,7,0.03275001816416528
1697,8,0.03433530089391509
1697,9,0.03735560685606775
1697,10,0.03885426426153725
1697,11,0.04383988984511305
1697,12,0.04387585163468126
1698,1,0.038587046362200554
1698,2,0.03931843216019303
1698,3,0.04288228460729243
1698,4,0.041505308073564715
1698,5,0.03698932693065573
1698,6,0.030330801955028477
1698,7,0.025712652297563313
1698,8,0.026836369997402132
1698,9,0.028138273834956085
1698,10,0.03490747284801478
1698,11,0.037200300969056695
1698,12,0.03898321518005796
1699,1,0.04126647463497592
1699,2,0.04016978842544111
1699,3,0.047195319031538535
1699,4,0.04696555705648491
1699,5,0.04130954726068882
1699,6,0.038974105265454397
1699,7,0.02915337800787616
1699,8,0.03081954350703325
1699,9,0.03411594725389597
1699,10,0.03588765673597137
1699,11,0.041771736838453914
1699,12,0.04282591362128825
1700,1,0.04349439302794681
1700,2,0.04110332797436264
1700,3,0.046256536394675515
1700,4,0.04843745482598345
1700,5,0.04195324132700554
1700,6,0.0363438155885221
1700,7,0.029634506652337408
1700,8,0.030951309788734394
1700,9,0.03313630923400518
1700,10,0.037705782407510165
1700,11,0.043420675680924156
1700,12,0.044531632443843956
1701,1,0.04800688208480994
1701,2,0.04455973005678316
1701,3,0.04533722433616232
1701,4,0.045751390794116546
1701,5,0.04794230782417886
1701,6,0.04678583280593601
1701,7,0.03439305467646673
1701,8,0.03681101587839547
1701,9,0.04035131556430072
1701,10,0.0411034348759082
1701,11,0.046867929638897715
1701,12,0.047929200341394806
1702,1,0.04120762324314101
1702,2,0.04035149234425057
1702,3,0.04476560408239441
1702,4,0.04586480317200447
1702,5,0.03929558112263089
1702,6,0.033504005735209334
1702,7,0.0278916443489292
1702,8,0.02997015640647658
1702,9,0.03179494992439536
1702,10,0.037211231357033026
1702,11,0.04455704779482782
1702,12,0.0418330953584828
1703,1,0.047083494315834355
1703,2,0.043519204391249316
1703,3,0.044159879977912334
1703,4,0.0451440822551255
1703,5,0.04716471685766398
1703,6,0.04588662954751124
1703,7,0.03442982069985761
1703,8,0.03632642813118775
1703,9,0.03986244991792855
1703,10,0.04058925181661102
1703,11,0.05052931718075947
1703,12,0.048714643798710516
1704,1,0.04126256158346192
1704,2,0.03913068657213152
1704,3,0.04135497873231456
1704,4,0.038487848255350926
1704,5,0.03970170966763555
1704,6,0.03681386935866059
1704,7,0.0345068044762786
1704,8,0.03362443195898384
1704,9,0.036118623244052024
1704,10,0.03902862765816816
1704,11,0.038676304163388804
1704,12,0.03843387403055177
1705,1,0.03561989014229125
1705,2,0.03507825935503348
1705,3,0.03511528033962173
1705,4,0.0348902730162232
1705,5,0.027309974756854427
1705,6,0.023652757283715072
1705,7,0.02295308526799522
1705,8,0.023421798154692045
1705,9,0.02453715572813892
1705,10,0.028263273270939526
1705,11,0.031998883754185366
1705,12,0.03448352762703705
1706,1,0.03436645834917167
1706,2,0.03397555628160377
1706,3,0.03708344498552781
1706,4,0.03255344085227451
1706,5,0.030441470740123835
1706,6,0.030766495425129794
1706,7,0.028461445126623554
1706,8,0.02857426355969438
1706,9,0.02944032758107717
1706,10,0.03144034854327019
1706,11,0.03447666459253082
1706,12,0.03578768342545535
1707,1,0.03906855272632107
1707,2,0.03919487846638721
1707,3,0.043770682800959866
1707,4,0.04185536770477355
1707,5,0.0388013347273411
1707,6,0.03197019573116176
1707,7,0.02675957323181404
1707,8,0.027683662704888083
1707,9,0.029112987482808914
1707,10,0.0360513734973218
1707,11,0.03913494827524274
1707,12,0.03978464204821246
1708,1,0.04654823522327733
1708,2,0.044900670630495396
1708,3,0.04567730443327919
1708,4,0.04628366216752096
1708,5,0.04774456399448333
1708,6,0.045262017601556376
1708,7,0.035537291136462416
1708,8,0.03654684147123147
1708,9,0.03961176609906226
1708,10,0.03960667558713829
1708,11,0.04815909656707089
1708,12,0.0479249222174422
1709,1,0.035417139630975675
1709,2,0.036627470088269595
1709,3,0.0381790816868464
1709,4,0.033274014777461856
1709,5,0.03271791193592336
1709,6,0.03286811372800211
1709,7,0.02976366862034934
1709,8,0.030170565458259243
1709,9,0.03182602986686841
1709,10,0.03321861690948221
1709,11,0.035261147615814566
1709,12,0.03745026235568207
1710,1,0.046875181557186216
1710,2,0.047618391615977404
1710,3,0.05080706188412518
1710,4,0.05079786493170021
1710,5,0.04714828638891287
1710,6,0.045061990474894446
1710,7,0.034141010855671027
1710,8,0.03589185647880333
1710,9,0.038714721021011915
1710,10,0.038433745784814566
1710,11,0.037909596860978396
1710,12,0.04294446986292258
1711,1,0.04328132928706562
1711,2,0.0427692466088657
1711,3,0.047765362867636815
1711,4,0.0508243784919673
1711,5,0.04146406759575512
1711,6,0.03841646109438812
1711,7,0.02965721489313215
1711,8,0.030948270082515553
1711,9,0.03335506684852587
1711,10,0.03723330537752789
1711,11,0.04285503989316225
1711,12,0.04353560224388101
1712,1,0.038064989966556946
1712,2,0.03776894924312036
1712,3,0.038737530306542714
1712,4,0.03677510064911496
1712,5,0.03740993210106318
1712,6,0.0356836724969299
1712,7,0.034218336684780276
1712,8,0.033723524112875894
1712,9,0.03416167459712784
1712,10,0.037066478656236655
1712,11,0.03668123104122487
1712,12,0.03534768249414213
1713,1,0.03926705588877344
1713,2,0.042636209784800386
1713,3,0.04952201205108555
1713,4,0.050244706637183376
1713,5,0.04475223970330775
1713,6,0.04306929699691605
1713,7,0.03372680853045435
1713,8,0.03584158999002584
1713,9,0.037616810254833516
1713,10,0.03557601101674291
1713,11,0.03359239323022262
1713,12,0.03648129230796807
1714,1,0.04818955727681312
1714,2,0.04776944076350011
1714,3,0.04864879170383978
1714,4,0.050568789983327034
1714,5,0.04884684839436419
1714,6,0.045792911080954346
1714,7,0.03511467087373369
1714,8,0.03657899264052614
1714,9,0.039564909664869335
1714,10,0.03955936507044472
1714,11,0.041020628907623306
1714,12,0.045934705513787234
1715,1,0.03660574375529017
1715,2,0.03553719294597344
1715,3,0.040915383832897244
1715,4,0.03538602833329612
1715,5,0.03130064091570747
1715,6,0.03177158370465716
1715,7,0.028353793176131792
1715,8,0.028173829168272425
1715,9,0.030689303620676334
1715,10,0.03366168340127784
1715,11,0.03844982118168001
1715,12,0.038391473098995474
1716,1,0.04017106898583645
1716,2,0.038957829343211264
1716,3,0.04414669294893552
1716,4,0.04381370711735701
1716,5,0.03932863270412306
1716,6,0.03491964270941778
1716,7,0.028037323690137398
1716,8,0.029223714365866276
1716,9,0.03182281876024633
1716,10,0.035624836988341894
1716,11,0.04088552887082739
1716,12,0.04101988085788845
1717,1,0.03741498504852178
1717,2,0.03678362500686242
1717,3,0.03954678278232222
1717,4,0.03821691349821938
1717,5,0.03977015950971377
1717,6,0.03677955364838412
1717,7,0.03597013309758875
1717,8,0.034133272321462106
1717,9,0.035311032929391015
1717,10,0.040841370461071315
1717,11,0.03987176540821465
1717,12,0.03563286679326281
1718,1,0.04299250548978387
1718,2,0.04115214112290211
1718,3,0.048843527794729856
1718,4,0.04757893526093945
1718,5,0.044596768405791826
1718,6,0.04365789585592059
1718,7,0.030040840907946162
1718,8,0.032439742122655026
1718,9,0.03559108899022305
1718,10,0.036793147999347735
1718,11,0.044091966394083644
1718,12,0.04604503973014483
1719,1,0.04022983687665227
1719,2,0.03998201285714539
1719,3,0.05040566478108939
1719,4,0.047480842597007515
1719,5,0.04164914656232386
1719,6,0.03812803439411914
1719,7,0.0285629137948041
1719,8,0.02995915980470752
1719,9,0.03327687109607404
1719,10,0.03532130384385467
1719,11,0.04080213876513693
1719,12,0.04064521920657675
1720,1,0.04120596176743979
1720,2,0.040553986889388084
1720,3,0.04528675382321958
1720,4,0.046114846082433554
1720,5,0.04121370414784118
1720,6,0.03637466735613626
1720,7,0.02894801045356733
1720,8,0.030386191381793954
1720,9,0.0330842003595475
1720,10,0.03694690351038972
1720,11,0.0417396642554616
1720,12,0.04206876266554829
1721,1,0.04459854791315665
1721,2,0.04265994816710183
1721,3,0.04872676730634375
1721,4,0.047228771218176806
1721,5,0.044586588514912234
1721,6,0.04308885650759792
1721,7,0.03141690530578733
1721,8,0.033010211227905276
1721,9,0.03642780337584653
1721,10,0.037366364202539165
1721,11,0.044144128087882546
1721,12,0.04570194006464836
1722,1,0.035375390701846955
1722,2,0.034281355726418196
1722,3,0.038348110494284236
1722,4,0.033691325927546485
1722,5,0.031283329973248765
1722,6,0.03164748788756767
1722,7,0.028737216807881077
1722,8,0.02813037068407648
1722,9,0.03002110448055768
1722,10,0.03212260123085075
1722,11,0.03665888435856185
1722,12,0.037147669179017934
1723,1,0.04417835131474593
1723,2,0.042326828263503584
1723,3,0.04702879687991601
1723,4,0.04726478454914203
1723,5,0.0415169450521588
1723,6,0.03724027423295463
1723,7,0.029275770476755083
1723,8,0.03010058849451727
1723,9,0.03205124911157715
1723,10,0.037198899063786026
1723,11,0.04245134589928137
1723,12,0.043698772387553556
1724,1,0.038543199170163786
1724,2,0.03815697409364823
1724,3,0.04650003886972783
1724,4,0.04638326007812913
1724,5,0.0404384145941805
1724,6,0.03757491731910864
1724,7,0.02874253569309269
1724,8,0.029312942071609834
1724,9,0.0333881523140734
1724,10,0.0343743055893594
1724,11,0.03971661375314406
1724,12,0.04123974154090376
1725,1,0.042259414749225926
1725,2,0.04039465677634263
1725,3,0.045427649759353164
1725,4,0.04585128138941263
1725,5,0.0433147567053924
1725,6,0.04183805143413623
1725,7,0.03163360804196136
1725,8,0.032993955013287855
1725,9,0.036477574279510636
1725,10,0.03743929612147572
1725,11,0.042193726033601636
1725,12,0.04299337470213851
1726,1,0.042929761565018855
1726,2,0.04077796247235741
1726,3,0.04523178614846693
1726,4,0.04690408584270593
1726,5,0.04180045455020997
1726,6,0.03742891284166515
1726,7,0.028725011759455066
1726,8,0.030661241713845787
1726,9,0.03339256696567162
1726,10,0.0370279226097047
1726,11,0.04207953079122629
1726,12,0.04384340656153863
1727,1,0.038364379329758974
1727,2,0.037461253985847064
1727,3,0.04303945807286243
1727,4,0.040276274210871564
1727,5,0.03362206097638677
1727,6,0.03420283329483165
1727,7,0.027236420260721938
1727,8,0.02670430136217559
1727,9,0.031194747010020295
1727,10,0.03286253037821101
1727,11,0.03854378838314085
1727,12,0.03941085552196931
1728,1,0.03687955728000971
1728,2,0.03755763467679427
1728,3,0.04098591559453343
1728,4,0.03931854316431688
1728,5,0.036835304206647
1728,6,0.028963123116529804
1728,7,0.02527311520216999
1728,8,0.025803706882061128
1728,9,0.027392380592837644
1728,10,0.03376263671086365
1728,11,0.036113512962629365
1728,12,0.037026381434044825
1729,1,0.03751325418661697
1729,2,0.037871329267556625
1729,3,0.03937655589651245
1729,4,0.03665058218375911
1729,5,0.03764825622148931
1729,6,0.03528164802093712
1729,7,0.0339699087943215
1729,8,0.033952348673456284
1729,9,0.034933616088533265
1729,10,0.03652858034302134
1729,11,0.036378763699249125
1729,12,0.03558658318119041
1730,1,0.03734597806630087
1730,2,0.03800333249676724
1730,3,0.04446346953718631
1730,4,0.048274493257756006
1730,5,0.038216053907559076
1730,6,0.03574983698562703
1730,7,0.027498516196979763
1730,8,0.02945644936560151
1730,9,0.031313706165733486
1730,10,0.034216648557101326
1730,11,0.036963885952078765
1730,12,0.0375756809323743
1731,1,0.03709748962314845
1731,2,0.036576779644539856
1731,3,0.04127898034305618
1731,4,0.03766560071388865
1731,5,0.03390248257013645
1731,6,0.03455063736606953
1731,7,0.02923928142430738
1731,8,0.028678987764333926
1731,9,0.03311635885697459
1731,10,0.03386119053405994
1731,11,0.037811422292300535
1731,12,0.03873053206415325
1732,1,0.04661101234532282
1732,2,0.046735451302507565
1732,3,0.05054160185942974
1732,4,0.049883598435384736
1732,5,0.04732767504932382
1732,6,0.04360910133084739
1732,7,0.033032360240675324
1732,8,0.03600850910738782
1732,9,0.03820022843954596
1732,10,0.03855845310529097
1732,11,0.03795076232528323
1732,12,0.04332728443620444
1733,1,0.0410869252221894
1733,2,0.03975674448162913
1733,3,0.04591778169751445
1733,4,0.04690040670024715
1733,5,0.044196250317622365
1733,6,0.04109305427894423
1733,7,0.03187610018349775
1733,8,0.03341628300689836
1733,9,0.036048310103396
1733,10,0.03682406603928388
1733,11,0.04198914104508564
1733,12,0.041746147826840496
1734,1,0.04570502058663485
1734,2,0.04706849440340636
1734,3,0.05005520344333279
1734,4,0.05077426208596115
1734,5,0.046527905977981274
1734,6,0.043837229905182774
1734,7,0.033850484552316554
1734,8,0.03595574976356806
1734,9,0.03854465600756051
1734,10,0.03743964716543008
1734,11,0.036852853293367654
1734,12,0.04128453332338635
1735,1,0.03662692104954199
1735,2,0.035293297274848985
1735,3,0.04040299228570527
1735,4,0.03597224773748065
1735,5,0.031671877986648576
1735,6,0.031751608234174805
1735,7,0.02870853291765638
1735,8,0.028002995446505412
1735,9,0.030611456704902448
1735,10,0.034339328213872825
1735,11,0.03795684504155262
1735,12,0.03805998498627223
1736,1,0.040146547649066826
1736,2,0.04008952861860221
1736,3,0.04329266959088342
1736,4,0.042299251437113106
1736,5,0.038490238916196205
1736,6,0.03138334964282753
1736,7,0.026875034172798434
1736,8,0.027401893668618744
1736,9,0.029341518868033382
1736,10,0.03590337131971872
1736,11,0.03812231708731619
1736,12,0.04010046188532016
1737,1,0.04011587959988891
1737,2,0.04024411016843102
1737,3,0.045152827416504795
1737,4,0.04508475942687716
1737,5,0.040184999541969454
1737,6,0.03367944549605478
1737,7,0.028079661000912443
1737,8,0.028473627268310597
1737,9,0.031402148299661224
1737,10,0.03628030240165561
1737,11,0.0408765790066306
1737,12,0.04161162024415
1738,1,0.037931143894953355
1738,2,0.03914016411585003
1738,3,0.04112005792933028
1738,4,0.038053934198087516
1738,5,0.034104732177450206
1738,6,0.033897479353760814
1738,7,0.029822607134256357
1738,8,0.02953518324039748
1738,9,0.033364683340866806
1738,10,0.035217622341508846
1738,11,0.040855269636230436
1738,12,0.040542411041817376
1739,1,0.040601161794382924
1739,2,0.042757422263176484
1739,3,0.050150220230472296
1739,4,0.047121457187856784
1739,5,0.04416136255865734
1739,6,0.04057457400737854
1739,7,0.031962856179529375
1739,8,0.03369029942669058
1739,9,0.03620418809560432
1739,10,0.035528005848478886
1739,11,0.03485245757372823
1739,12,0.03786819964084568
1740,1,0.034781657481711276
1740,2,0.035116732548079385
1740,3,0.03733149135378123
1740,4,0.032897221811410575
1740,5,0.03221266795432804
1740,6,0.03214178624661115
1740,7,0.02960257441736509
1740,8,0.029666301215850257
1740,9,0.030920774646480544
1740,10,0.03218608698154481
1740,11,0.03574103383462275
1740,12,0.03588094520457309
1741,1,0.047278233719579205
1741,2,0.04285028097816499
1741,3,0.04374080136446398
1741,4,0.04471579653841551
1741,5,0.047834739932591235
1741,6,0.04512984408354948
1741,7,0.03416244349088601
1741,8,0.03641309600372509
1741,9,0.03951965265840551
1741,10,0.040244545770040004
1741,11,0.04891529557021627
1741,12,0.04811213494551292
1742,1,0.03647596628912042
1742,2,0.03700361587805863
1742,3,0.03883037566611556
1742,4,0.03446368634951319
1742,5,0.03265765153451171
1742,6,0.03295338649152236
1742,7,0.029671558446822052
1742,8,0.029227066598647544
1742,9,0.032472055118528874
1742,10,0.033545800853208976
1742,11,0.03659486721871003
1742,12,0.03789731077086733
1743,1,0.0383894218862379
1743,2,0.0379450050109624
1743,3,0.047359297532766395
1743,4,0.04850346779388877
1743,5,0.040460356908984044
1743,6,0.037287025389458626
1743,7,0.027797528793621462
1743,8,0.028605830854283976
1743,9,0.03198667712102422
1743,10,0.033694148219405515
1743,11,0.038670641694356585
1743,12,0.03922983468372027
1744,1,0.04172205063195947
1744,2,0.04056564012438042
1744,3,0.04627459346193042
1744,4,0.04519619064416902
1744,5,0.04002685442404929
1744,6,0.035514531593003454
1744,7,0.028926836049798923
1744,8,0.030276386231560377
1744,9,0.03282044789067264
1744,10,0.0367352754355532
1744,11,0.042448796870303
1744,12,0.04252620054296834
1745,1,0.04069922276225041
1745,2,0.040513320996718144
1745,3,0.044369476931131906
1745,4,0.04245801631129352
1745,5,0.03927303339602956
1745,6,0.032654075864486466
1745,7,0.026166620364966496
1745,8,0.028288163583570912
1745,9,0.029847261553218714
1745,10,0.03676933410813947
1745,11,0.03881138483884346
1745,12,0.040821595317188666
1746,1,0.04217440416155482
1746,2,0.04125130319029249
1746,3,0.04550601540415771
1746,4,0.04724708237537877
1746,5,0.04153093275993439
1746,6,0.03693696361358038
1746,7,0.029262230035826512
1746,8,0.030190988801881674
1746,9,0.03237712889932334
1746,10,0.03669940528656824
1746,11,0.04194710851104192
1746,12,0.043528031893030686
1747,1,0.039199711422569394
1747,2,0.03928928331510157
1747,3,0.04381156408513821
1747,4,0.04349344445658974
1747,5,0.03905545722872196
1747,6,0.03131685786504158
1747,7,0.026105784944467407
1747,8,0.027082772402474926
1747,9,0.029645519454628302
1747,10,0.03560712908943813
1747,11,0.03855874265443325
1747,12,0.039943352645259826
1748,1,0.043770867445085376
1748,2,0.04216633793268484
1748,3,0.04714077866354502
1748,4,0.04924116567031704
1748,5,0.04238858475285362
1748,6,0.039561599537506695
1748,7,0.030408643574422113
1748,8,0.03109636011337172
1748,9,0.0338957891784766
1748,10,0.03889703144052899
1748,11,0.04320893231905496
1748,12,0.045048476537126236
1749,1,0.04257087355970168
1749,2,0.039805271740542575
1749,3,0.04175676192574427
1749,4,0.043441611331422776
1749,5,0.04469331218199718
1749,6,0.04154165851092114
1749,7,0.032478292959916305
1749,8,0.03433115999611566
1749,9,0.037517615736364855
1749,10,0.03774319067022282
1749,11,0.04411507849585925
1749,12,0.04318359742868259
1750,1,0.04296796098661183
1750,2,0.04183139255929835
1750,3,0.04608692115355564
1750,4,0.046242402787389295
1750,5,0.04134352051367572
1750,6,0.03903759241263815
1750,7,0.028965119784963755
1750,8,0.03028570792974807
1750,9,0.032602928575220805
1750,10,0.03863190693214012
1750,11,0.04201199633968627
1750,12,0.043369040521679926
1751,1,0.04077109528445367
1751,2,0.03952988511924959
1751,3,0.04926134401315573
1751,4,0.04747534231813371
1751,5,0.040336147565432044
1751,6,0.0380917736142939
1751,7,0.02886082496045866
1751,8,0.030031142416721446
1751,9,0.033975265543616746
1751,10,0.03539692506718143
1751,11,0.04133062584978181
1751,12,0.04244830821419849
1752,1,0.04141306429681314
1752,2,0.04292499924190969
1752,3,0.05180060493317472
1752,4,0.04997152041668822
1752,5,0.04556987534081413
1752,6,0.04344591280968719
1752,7,0.03410771377890482
1752,8,0.036581647271753615
1752,9,0.03798832319081099
1752,10,0.03581426620903691
1752,11,0.034964288609946687
1752,12,0.03817212328908801
1753,1,0.03820475149681779
1753,2,0.03842657503076579
1753,3,0.04267200193174055
1753,4,0.04226865133316543
1753,5,0.03856558461023927
1753,6,0.03204687904623876
1753,7,0.026582558306230512
1753,8,0.02770930858868643
1753,9,0.030507049622990993
1753,10,0.03471061347110481
1753,11,0.03819188333332886
1753,12,0.03886818050673528
1754,1,0.04562056198568015
1754,2,0.042906320322237
1754,3,0.04878373985380496
1754,4,0.047614549487992194
1754,5,0.04425707984733555
1754,6,0.043345726260695897
1754,7,0.031670580311224765
1754,8,0.03309510845766055
1754,9,0.03666853070140113
1754,10,0.037729398168200576
1754,11,0.04514353886371368
1754,12,0.04687939545867122
1755,1,0.03754283008540167
1755,2,0.0371156481974285
1755,3,0.04122698958979569
1755,4,0.03731229808058573
1755,5,0.033153926576505496
1755,6,0.033432349719036615
1755,7,0.02929320639316585
1755,8,0.028786082260436538
1755,9,0.03282841793452708
1755,10,0.03401070109267082
1755,11,0.039039526102555636
1755,12,0.039920520299458646
1756,1,0.0384014742531177
1756,2,0.039768990074131504
1756,3,0.04522059297190519
1756,4,0.043513528214433016
1756,5,0.038268733793616956
1756,6,0.03228738500039977
1756,7,0.02651010616434624
1756,8,0.027184623852297713
1756,9,0.029805371250607778
1756,10,0.0356571394509022
1756,11,0.037867496559304076
1756,12,0.039379002800339985
1757,1,0.04286255482556499
1757,2,0.04174204736676876
1757,3,0.046823151254310455
1757,4,0.04755110501172808
1757,5,0.042289666803570436
1757,6,0.03776143233032484
1757,7,0.029293670306645973
1757,8,0.030273766029974836
1757,9,0.03308440094516914
1757,10,0.0373877285326806
1757,11,0.042141414125071844
1757,12,0.04418877687365312
1758,1,0.04214709313702324
1758,2,0.041527683466018914
1758,3,0.04550757582327728
1758,4,0.04507560908537887
1758,5,0.040240481067114156
1758,6,0.03455508835858476
1758,7,0.027393980799088072
1758,8,0.02919581650541297
1758,9,0.031676019188866505
1758,10,0.03791486698755855
1758,11,0.04150145991945535
1758,12,0.04280516801674971
1759,1,0.03803446431496657
1759,2,0.03740661012923791
1759,3,0.03868645895223141
1759,4,0.03712268474448835
1759,5,0.038124440105355324
1759,6,0.0354347715270032
1759,7,0.035329930908680314
1759,8,0.03272565607194861
1759,9,0.03477003585007687
1759,10,0.034379375306493626
1759,11,0.0385525958391936
1759,12,0.03567691472774916
1760,1,0.03789548485039839
1760,2,0.03656428577093635
1760,3,0.04201896864114363
1760,4,0.03756249187719176
1760,5,0.03191845646956495
1760,6,0.03240872559420757
1760,7,0.028558538894889553
1760,8,0.02838825640389093
1760,9,0.030726389474751162
1760,10,0.03433979322550941
1760,11,0.039915903640712375
1760,12,0.0390767111514239
1761,1,0.039383455640795505
1761,2,0.038899576100923476
1761,3,0.044326240928319535
1761,4,0.04416713977775573
1761,5,0.03888785964411883
1761,6,0.03427719039624639
1761,7,0.02731664690244582
1761,8,0.028210075149465462
1761,9,0.03128152571481349
1761,10,0.03467967898230053
1761,11,0.039453193812163646
1761,12,0.0398703483936813
1762,1,0.04664180560962358
1762,2,0.044314251812542664
1762,3,0.04453177097776565
1762,4,0.045614478259948514
1762,5,0.04696779892039153
1762,6,0.045172979478630255
1762,7,0.03544839935311494
1762,8,0.03627169651890717
1762,9,0.03946591229163151
1762,10,0.040322964127211786
1762,11,0.04965811454453704
1762,12,0.04791385713331069
1763,1,0.04295145224088473
1763,2,0.041754855582552826
1763,3,0.04754986493888625
1763,4,0.04974888935666796
1763,5,0.04096029653526188
1763,6,0.037399668541990914
1763,7,0.029295797324284396
1763,8,0.030884097135392988
1763,9,0.03397779630640146
1763,10,0.037665947468744874
1763,11,0.04292955306892627
1763,12,0.04333567965565134
1764,1,0.03923519500917492
1764,2,0.04078424765402752
1764,3,0.04416242332265215
1764,4,0.04372438295881941
1764,5,0.038919997237072734
1764,6,0.03267162696003244
1764,7,0.026961354005813183
1764,8,0.027418337577621864
1764,9,0.03111651607338435
1764,10,0.035465262086322176
1764,11,0.03915571992585712
1764,12,0.04017190533222048
1765,1,0.03791869505542301
1765,2,0.03858634477554606
1765,3,0.03953932548003729
1765,4,0.04053318302086654
1765,5,0.04317263548168159
1765,6,0.0384825370624557
1765,7,0.03576942337967712
1765,8,0.03489063396637483
1765,9,0.03592151160476269
1765,10,0.03703327707259542
1765,11,0.03989835384349438
1765,12,0.03720579722294738
1766,1,0.04204551861993352
1766,2,0.04088763824095139
1766,3,0.04532248633258486
1766,4,0.04627178739637289
1766,5,0.041477982673747416
1766,6,0.037540329860564645
1766,7,0.028596254124139128
1766,8,0.03037726032353073
1766,9,0.03208837880500201
1766,10,0.03611508188843007
1766,11,0.0413573925303935
1766,12,0.04297853358675662
1767,1,0.03874587251863391
1767,2,0.03843582294111253
1767,3,0.04734898833510711
1767,4,0.04785853331990731
1767,5,0.040474953682802864
1767,6,0.03719405709099783
1767,7,0.027591456785005977
1767,8,0.028372617884045874
1767,9,0.03147271573680767
1767,10,0.033823088899430136
1767,11,0.03902266187230992
1767,12,0.039396863437141
1768,1,0.040633343970982796
1768,2,0.040343495779455785
1768,3,0.04443303204301341
1768,4,0.042712884317211895
1768,5,0.038727923287304976
1768,6,0.03147618645760654
1768,7,0.02716238677263747
1768,8,0.027925857332625197
1768,9,0.03003350673330423
1768,10,0.0367628776053195
1768,11,0.03883149051812827
1768,12,0.04073353262073269
1769,1,0.041035569126165475
1769,2,0.04082868167331179
1769,3,0.04554960584346797
1769,4,0.04512516147714987
1769,5,0.04110588651563435
1769,6,0.036851425780997815
1769,7,0.02827394244234927
1769,8,0.02941701673871077
1769,9,0.03160250332089795
1769,10,0.03621026154883964
1769,11,0.04262289432308075
1769,12,0.04260145571998853
1770,1,0.0354960731919074
1770,2,0.035646950410778366
1770,3,0.03812735971768636
1770,4,0.0343860056071618
1770,5,0.03313063808414358
1770,6,0.03312143548998474
1770,7,0.03030379942202959
1770,8,0.029577599474966645
1770,9,0.032803408230266284
1770,10,0.03290970151196817
1770,11,0.03564217705285947
1770,12,0.03639794243276991
1771,1,0.044916648760415026
1771,2,0.040357302113598476
1771,3,0.0427974351617594
1771,4,0.04248537759797721
1771,5,0.045612712092907
1771,6,0.04175029989868664
1771,7,0.03380187115180916
1771,8,0.0353296699883167
1771,9,0.038823642595757525
1771,10,0.03946989353858963
1771,11,0.047425798732524595
1771,12,0.04488689659573759
1772,1,0.04101074800679706
1772,2,0.039961811849734456
1772,3,0.04468138963722685
1772,4,0.04629986514007312
1772,5,0.04009453221892885
1772,6,0.03449932515021691
1772,7,0.02791391709322821
1772,8,0.03050424693241021
1772,9,0.03245548553657152
1772,10,0.03743100375969572
1772,11,0.04509691435593362
1772,12,0.041664177500974356
1773,1,0.04300221383212567
1773,2,0.04273607074843648
1773,3,0.046359644139837924
1773,4,0.04905372511832609
1773,5,0.04026930204923584
1773,6,0.03730730834857913
1773,7,0.02953801284664905
1773,8,0.030444735331516187
1773,9,0.03125605674196903
1773,10,0.03760808098584441
1773,11,0.04075571068659566
1773,12,0.043345518790521134
1774,1,0.047169054896890335
1774,2,0.04521528445169153
1774,3,0.04568198396078029
1774,4,0.046703727014823726
1774,5,0.047917762395670346
1774,6,0.045934106945058235
1774,7,0.03435233290677846
1774,8,0.03600995504708193
1774,9,0.039728913646855234
1774,10,0.04052610762409165
1774,11,0.04636205830237224
1774,12,0.049285250241606585
1775,1,0.03722485161675385
1775,2,0.038905833787588454
1775,3,0.04092569504244184
1775,4,0.037898300783932054
1775,5,0.034889791519049716
1775,6,0.0346938893508365
1775,7,0.02971105135797305
1775,8,0.029997536855442163
1775,9,0.03357738312206709
1775,10,0.03436297641094774
1775,11,0.038739113076024526
1775,12,0.03956809039997088
1776,1,0.047972484197285066
1776,2,0.04825465009597881
1776,3,0.04915951946911421
1776,4,0.04980456386291274
1776,5,0.04897253446642058
1776,6,0.04567869176102238
1776,7,0.035493800657317054
1776,8,0.03718805461636
1776,9,0.04030711418238057
1776,10,0.039907669791479174
1776,11,0.04186323621615161
1776,12,0.04594409105634132
1777,1,0.04077581659321771
1777,2,0.03879986303673632
1777,3,0.04464736718121916
1777,4,0.04437317408851757
1777,5,0.03960194752935925
1777,6,0.03550472160213993
1777,7,0.02873393058231978
1777,8,0.02896151128611492
1777,9,0.032248006462736074
1777,10,0.03588702611623206
1777,11,0.04138712227160236
1777,12,0.04127048757689168
1778,1,0.04185073846056241
1778,2,0.04021877667630045
1778,3,0.04490151382200391
1778,4,0.045771000198388506
1778,5,0.0414893002455594
1778,6,0.03658531038228153
1778,7,0.028931456574908074
1778,8,0.029844874584190512
1778,9,0.032348858396605756
1778,10,0.03661431512208871
1778,11,0.04186504992080079
1778,12,0.04389573018584251
1779,1,0.037498051229833615
1779,2,0.03661614122065156
1779,3,0.04050068159194111
1779,4,0.040757081585502265
1779,5,0.040020925414588994
1779,6,0.03852385188721599
1779,7,0.030127466492199856
1779,8,0.03174202695611097
1779,9,0.03421305365126081
1779,10,0.034206992831829
1779,11,0.038406824741914605
1779,12,0.037072588489887655
1780,1,0.03510681360356564
1780,2,0.03534435116160517
1780,3,0.03674785635690304
1780,4,0.03351051802479981
1780,5,0.031794542480372626
1780,6,0.03207519210382066
1780,7,0.029426664097400104
1780,8,0.03010920351541341
1780,9,0.031690083365625815
1780,10,0.032080191524128575
1780,11,0.034837979570921725
1780,12,0.03545516764317389
1781,1,0.038539903797034654
1781,2,0.0390565653966953
1781,3,0.04308563407325806
1781,4,0.04293188194382253
1781,5,0.03819692397326183
1781,6,0.03237890693970943
1781,7,0.027339034581234104
1781,8,0.028424338782546705
1781,9,0.03054012221107536
1781,10,0.035477210821751114
1781,11,0.03983520001927877
1781,12,0.03986547239144478
1782,1,0.040697258159186726
1782,2,0.04041146074217165
1782,3,0.04540129087832926
1782,4,0.04372397363258541
1782,5,0.03953930416702729
1782,6,0.032586751150936094
1782,7,0.026689704609837286
1782,8,0.028744974373584115
1782,9,0.030635080808062726
1782,10,0.036788531394481995
1782,11,0.03947957990159248
1782,12,0.04085703899830908
1783,1,0.040354643662578286
1783,2,0.03836983468243285
1783,3,0.04320226435781552
1783,4,0.04292985295529538
1783,5,0.042178282543690354
1783,6,0.04045829091703012
1783,7,0.031213870798699576
1783,8,0.03273036547185603
1783,9,0.0362130674054793
1783,10,0.035606419441256115
1783,11,0.040704945929941325
1783,12,0.04037998949624804
1784,1,0.03946423520180687
1784,2,0.03879308672899838
1784,3,0.04305809276367154
1784,4,0.04399006262473306
1784,5,0.038958234188684514
1784,6,0.03426559824335166
1784,7,0.027600365903570633
1784,8,0.02896379753398216
1784,9,0.03140576103277653
1784,10,0.03520648713021759
1784,11,0.040476217224988995
1784,12,0.04026479130245549
1785,1,0.03519415127095854
1785,2,0.03410398961883107
1785,3,0.03794357542325183
1785,4,0.033562003933179
1785,5,0.031131911813891116
1785,6,0.03208891911293154
1785,7,0.028466024342083927
1785,8,0.029006032544473058
1785,9,0.029852421146337956
1785,10,0.03245568307602642
1785,11,0.035703452402059174
1785,12,0.03630573245770201
1786,1,0.04469517352322025
1786,2,0.04244972160346238
1786,3,0.05040228845344864
1786,4,0.04941924830454867
1786,5,0.045799126963859814
1786,6,0.04272054870958979
1786,7,0.0309922871390883
1786,8,0.032794232950146586
1786,9,0.0358934176634771
1786,10,0.03686849391000376
1786,11,0.04344645717926767
1786,12,0.0447903662500809
1787,1,0.04404692096572217
1787,2,0.046142264001970336
1787,3,0.051026659789806444
1787,4,0.050642444711608926
1787,5,0.04713995823329948
1787,6,0.04317822464022057
1787,7,0.03372666579910165
1787,8,0.036018317837049174
1787,9,0.038073272238255386
1787,10,0.036933128847524914
1787,11,0.03601182976933701
1787,12,0.0402470282042594
1788,1,0.035483031939100594
1788,2,0.03524896560109173
1788,3,0.03829142811854248
1788,4,0.03368710603488909
1788,5,0.03222747871286395
1788,6,0.03210876552416464
1788,7,0.02934407388877583
1788,8,0.029138156489340736
1788,9,0.03131259643618716
1788,10,0.032621171485632074
1788,11,0.03654332820012293
1788,12,0.03705943125974842
1789,1,0.03562491411859751
1789,2,0.034130546924313825
1789,3,0.038652830095777205
1789,4,0.03434967595442772
1789,5,0.03120330170360104
1789,6,0.03198944955303605
1789,7,0.028642119666881932
1789,8,0.028843100332976778
1789,9,0.030171347981627517
1789,10,0.03274936115077954
1789,11,0.03687612752945979
1789,12,0.03669195575300051
1790,1,0.03423970859787043
1790,2,0.03454380973584305
1790,3,0.03652143874366523
1790,4,0.03287964217642881
1790,5,0.03086339569297867
1790,6,0.03128782841429989
1790,7,0.028691314654012392
1790,8,0.029905199689131187
1790,9,0.030197333515302453
1790,10,0.030965115398754618
1790,11,0.03437205599084516
1790,12,0.03549274082950726
1791,1,0.03692996695857527
1791,2,0.03783289760167964
1791,3,0.04140412863934672
1791,4,0.039761392953790484
1791,5,0.0362759563044152
1791,6,0.029171859896571388
1791,7,0.02506661728832976
1791,8,0.026419759970917726
1791,9,0.027890180985845732
1791,10,0.03407040292448764
1791,11,0.03635204922568368
1791,12,0.03750252181097682
1792,1,0.03494224907609343
1792,2,0.03472137461171136
1792,3,0.038228735434012694
1792,4,0.03443033427104426
1792,5,0.032067789722631336
1792,6,0.03196519274486279
1792,7,0.028282281099531282
1792,8,0.02845301918301102
1792,9,0.031131776718747447
1792,10,0.03341552655852307
1792,11,0.03656074500076303
1792,12,0.03686328541695883
1793,1,0.03807313103107871
1793,2,0.036592696166154036
1793,3,0.042141263836906424
1793,4,0.04306725827070171
1793,5,0.04067188078386236
1793,6,0.03939797676776349
1793,7,0.030185964993324963
1793,8,0.03149881689958079
1793,9,0.03463659092060507
1793,10,0.03456778515809722
1793,11,0.038105528297689484
1793,12,0.038108328074633165
1794,1,0.03833810598867429
1794,2,0.038136345592434034
1794,3,0.04300787730749014
1794,4,0.04262313423671316
1794,5,0.03886443190774096
1794,6,0.032950640969406204
1794,7,0.027024722690348817
1794,8,0.02776939078751141
1794,9,0.03007996539449537
1794,10,0.035060428434760635
1794,11,0.03849407009700724
1794,12,0.03938221544106494
1795,1,0.04634004061592336
1795,2,0.045290841124780656
1795,3,0.04608355220581219
1795,4,0.04812525539774427
1795,5,0.04768437667776049
1795,6,0.046005169346014785
1795,7,0.03521380170344843
1795,8,0.0366067873362422
1795,9,0.03935861182729991
1795,10,0.03950750174401215
1795,11,0.046226085096390014
1795,12,0.04716837325329656
1796,1,0.04088015668986579
1796,2,0.0396644961564249
1796,3,0.0491129782640035
1796,4,0.0474965002709847
1796,5,0.04295469062212596
1796,6,0.0408827715684218
1796,7,0.029479844531523757
1796,8,0.03129753315357191
1796,9,0.034652537040313375
1796,10,0.035842444781735656
1796,11,0.04141047486268427
1796,12,0.04161501923677328
1797,1,0.04325690324210555
1797,2,0.045164378576644036
1797,3,0.04919708609490269
1797,4,0.04832001468054015
1797,5,0.04587894239687954
1797,6,0.041511110686063155
1797,7,0.03299302804458039
1797,8,0.034113606052404405
1797,9,0.03738755094325652
1797,10,0.037224070163386344
1797,11,0.0362539346345201
1797,12,0.04000028322162538
1798,1,0.03733258058600565
1798,2,0.03722470685891357
1798,3,0.041607359663340664
1798,4,0.037141059241071694
1798,5,0.03321691440087305
1798,6,0.03356593574162062
1798,7,0.02937426483406521
1798,8,0.02846864179036394
1798,9,0.03289702686572965
1798,10,0.03473058068496993
1798,11,0.03917179587756917
1798,12,0.03989536411568669
1799,1,0.04310061760592444
1799,2,0.041928817568477154
1799,3,0.04539241046147605
1799,4,0.04527056468143485
1799,5,0.04205662611164457
1799,6,0.036911548751430955
1799,7,0.028351186675877323
1799,8,0.02876999518534001
1799,9,0.031503477598446857
1799,10,0.0378671858337008
1799,11,0.04122203852153882
1799,12,0.04322277751049243
1800,1,0.03623068725694163
1800,2,0.03562153985786517
1800,3,0.03797906272998454
1800,4,0.03326064770477447
1800,5,0.03226103426068646
1800,6,0.03172265201433459
1800,7,0.02899694974302049
1800,8,0.02900517931913357
1800,9,0.03257266838523213
1800,10,0.03289925696775423
1800,11,0.036462373684131466
1800,12,0.0376881560563816
1801,1,0.03525607435669814
1801,2,0.035114180496547694
1801,3,0.03921351119743585
1801,4,0.03474381485216902
1801,5,0.03277975041785897
1801,6,0.03276195057158935
1801,7,0.029547899475939568
1801,8,0.02951780995334855
1801,9,0.03266036075282001
1801,10,0.0330592406548381
1801,11,0.03603763279914757
1801,12,0.03629150399147804
1802,1,0.039968321442221975
1802,2,0.03962231104358903
1802,3,0.047068540856242125
1802,4,0.04905750878492479
1802,5,0.041315162672372334
1802,6,0.03824865863836302
1802,7,0.028195390447750317
1802,8,0.0295112469267292
1802,9,0.03249389383879433
1802,10,0.034732477623227315
1802,11,0.04020359947648564
1802,12,0.040805381362983034
1803,1,0.036584239152264234
1803,2,0.03625271691312584
1803,3,0.03822587543573755
1803,4,0.03358535834385064
1803,5,0.03232743912547105
1803,6,0.033051127412678856
1803,7,0.02966328059306348
1803,8,0.030863078703840967
1803,9,0.03227877398542416
1803,10,0.03328572816683047
1803,11,0.03650616636404641
1803,12,0.037268446992200006
1804,1,0.038815402720994874
1804,2,0.03894220563922183
1804,3,0.043168947267247376
1804,4,0.04146017413001645
1804,5,0.03779457556562034
1804,6,0.031526076739018215
1804,7,0.026186609881312824
1804,8,0.02704673912121933
1804,9,0.02949681793633935
1804,10,0.03511276005861354
1804,11,0.03756984342008447
1804,12,0.03905062478746997
1805,1,0.037982352618538974
1805,2,0.03979826877610094
1805,3,0.043206336619207114
1805,4,0.04078368273802531
1805,5,0.03779523122343623
1805,6,0.03005107465532985
1805,7,0.02608278931130704
1805,8,0.027227613470585443
1805,9,0.02914857903101315
1805,10,0.03516991814801845
1805,11,0.03730079647011997
1805,12,0.03859206213823915
1806,1,0.04413869316612598
1806,2,0.046749716263881705
1806,3,0.05002820394680109
1806,4,0.05082484200537324
1806,5,0.046491686111082876
1806,6,0.04505456260956675
1806,7,0.033949067963341996
1806,8,0.03580438458202222
1806,9,0.03804769054385357
1806,10,0.03712997333369803
1806,11,0.03545928997501213
1806,12,0.03982572013101824
1807,1,0.0416893562990141
1807,2,0.041061053112958185
1807,3,0.04600470665320413
1807,4,0.045912732635765785
1807,5,0.04127710203062911
1807,6,0.03570174558336609
1807,7,0.02898948313714341
1807,8,0.029948106583197805
1807,9,0.03256077983768684
1807,10,0.037704249003440576
1807,11,0.04290426970749512
1807,12,0.043081661776701585
1808,1,0.038652723382140916
1808,2,0.03884858730797664
1808,3,0.041773118406167875
1808,4,0.03806943595545259
1808,5,0.033953311886848386
1808,6,0.03506035307133915
1808,7,0.030004035987377175
1808,8,0.02962451569013064
1808,9,0.03325396837328368
1808,10,0.035067192360244845
1808,11,0.039699301795487765
1808,12,0.040717942369429286
1809,1,0.03786910418705451
1809,2,0.03720145618935393
1809,3,0.03975409394671124
1809,4,0.03908705373304515
1809,5,0.04291465045550782
1809,6,0.04017876037908821
1809,7,0.03562700687306626
1809,8,0.0360623810206461
1809,9,0.03585570354824462
1809,10,0.034743675771058295
1809,11,0.036621361978522206
1809,12,0.03606925612748734
1810,1,0.0428106268987525
1810,2,0.04181009142220194
1810,3,0.04680309900259627
1810,4,0.04590541520072289
1810,5,0.042089696195580346
1810,6,0.037822027095047686
1810,7,0.02926749404790868
1810,8,0.029765665908023955
1810,9,0.03285562076194866
1810,10,0.03730822182846943
1810,11,0.04147781917084244
1810,12,0.04295411330376989
1811,1,0.045905635051391315
1811,2,0.04583653182646397
1811,3,0.04594513606516222
1811,4,0.047946209412011664
1811,5,0.04778766994976948
1811,6,0.04537719389455956
1811,7,0.03547626151028464
1811,8,0.03665307349329969
1811,9,0.03945541869650359
1811,10,0.038888677522698346
1811,11,0.04554934564538717
1811,12,0.04585830337295501
1812,1,0.041953862430964176
1812,2,0.044812075736309916
1812,3,0.049823030824806186
1812,4,0.0479743041061924
1812,5,0.04452054607293151
1812,6,0.04163363670177119
1812,7,0.032728552113696734
1812,8,0.03508003622963562
1812,9,0.03750510465112474
1812,10,0.036516669547698305
1812,11,0.03591530785924809
1812,12,0.038903705067336536
1813,1,0.048717332385750246
1813,2,0.04800246080897489
1813,3,0.04922074286879476
1813,4,0.049816095783063424
1813,5,0.0488615533834667
1813,6,0.046257094917018286
1813,7,0.035750274742147294
1813,8,0.036673606390883705
1813,9,0.04067475986585872
1813,10,0.040320252296761436
1813,11,0.042034470174545126
1813,12,0.047250502647857344
1814,1,0.0375398379115436
1814,2,0.037463778242065225
1814,3,0.03964806307032321
1814,4,0.03741831983874355
1814,5,0.03840737501361675
1814,6,0.036826754539605364
1814,7,0.034640211767133854
1814,8,0.03367221688684556
1814,9,0.03493014286965865
1814,10,0.037504679839224474
1814,11,0.03844406488123137
1814,12,0.036644913332263884
1815,1,0.044544115878263145
1815,2,0.042754737175943594
1815,3,0.050226410516782685
1815,4,0.04890330365448445
1815,5,0.0454372275406867
1815,6,0.04409078994327117
1815,7,0.03193452903643482
1815,8,0.03352997648344767
1815,9,0.03669587129575673
1815,10,0.03794757142562104
1815,11,0.04281554190682648
1815,12,0.044128268136087494
1816,1,0.0436306932451468
1816,2,0.04225811073972244
1816,3,0.046585865841247305
1816,4,0.0464701361623362
1816,5,0.04219347087098889
1816,6,0.03847174884768539
1816,7,0.029735394284071168
1816,8,0.030204323355435436
1816,9,0.03256753012659614
1816,10,0.039197264188915976
1816,11,0.042039167385426554
1816,12,0.04441696720864902
1817,1,0.047568289365026835
1817,2,0.04652831451241104
1817,3,0.04664487881481672
1817,4,0.048806417203395666
1817,5,0.04838982156998837
1817,6,0.04553079922565921
1817,7,0.03470100250696416
1817,8,0.036209546674809474
1817,9,0.03937014476632696
1817,10,0.03939378679861036
1817,11,0.04399660464988586
1817,12,0.04858980997204796
1818,1,0.035624022270638066
1818,2,0.034475513819132615
1818,3,0.038292488820445246
1818,4,0.03339343418444417
1818,5,0.03156160377097192
1818,6,0.03170131575918297
1818,7,0.028798626748930082
1818,8,0.028463570528135643
1818,9,0.030538002731937776
1818,10,0.03267764375263366
1818,11,0.0364484885085929
1818,12,0.03700362529816443
1819,1,0.0467653696342487
1819,2,0.04418920064134806
1819,3,0.044549346745006976
1819,4,0.044671869126091265
1819,5,0.046908481053548286
1819,6,0.04510501499529236
1819,7,0.035093362792225136
1819,8,0.0363116818899183
1819,9,0.03928709676452372
1819,10,0.040607172750574426
1819,11,0.04997643093902171
1819,12,0.048231709059573254
1820,1,0.03536660101781414
1820,2,0.035750907262651586
1820,3,0.03801202578085742
1820,4,0.03328742828874678
1820,5,0.03281453910888749
1820,6,0.03204901045351574
1820,7,0.029249354630789308
1820,8,0.030385035149691247
1820,9,0.031211725520913895
1820,10,0.03318601558509793
1820,11,0.03622595660429388
1820,12,0.03655293948358613
1821,1,0.03742437954325756
1821,2,0.03754271467118667
1821,3,0.042323421963049786
1821,4,0.03939021755308107
1821,5,0.03655649866508954
1821,6,0.028728989610787115
1821,7,0.025109282218765364
1821,8,0.02617232649890166
1821,9,0.027983456086744973
1821,10,0.034277360799662704
1821,11,0.0367713381295362
1821,12,0.037972455196387436
1822,1,0.0419657348653168
1822,2,0.041471562474045924
1822,3,0.046052902396955385
1822,4,0.05051026824352996
1822,5,0.04074029862561004
1822,6,0.03821161377517242
1822,7,0.029123670176187118
1822,8,0.030090374435369122
1822,9,0.03284646767263186
1822,10,0.037199755435337
1822,11,0.041726706428702354
1822,12,0.04274168496039561
1823,1,0.03875600690812096
1823,2,0.03906575700893949
1823,3,0.0439350492685192
1823,4,0.04294918490328674
1823,5,0.03881393567993694
1823,6,0.031480570663262514
1823,7,0.025502399111279654
1823,8,0.026979720130973675
1823,9,0.0292219458920244
1823,10,0.03522927120884787
1823,11,0.038851576540570795
1823,12,0.03924028499174125
1824,1,0.039781178984609464
1824,2,0.03922782853333847
1824,3,0.04359663010924001
1824,4,0.04250368234680357
1824,5,0.03790827948212337
1824,6,0.03286721093945872
1824,7,0.026150359843607276
1824,8,0.027866557433311352
1824,9,0.02941803474022446
1824,10,0.035947481006028174
1824,11,0.03854015980724584
1824,12,0.03964162700245215
1825,1,0.04143782322379232
1825,2,0.03954984727849731
1825,3,0.044933318837012765
1825,4,0.04537968318880924
1825,5,0.04090075205757172
1825,6,0.035632597178115684
1825,7,0.028538630367674154
1825,8,0.029539909255024917
1825,9,0.032160572911955156
1825,10,0.03636482841772717
1825,11,0.04262090322968898
1825,12,0.04217510920241476
1826,1,0.04223979159347026
1826,2,0.041148242401513276
1826,3,0.041843263775431114
1826,4,0.039800632802796776
1826,5,0.042215009309393765
1826,6,0.037112480175441546
1826,7,0.03547949636608961
1826,8,0.03366285923123203
1826,9,0.036928762032102366
1826,10,0.04137243028346129
1826,11,0.0434453109316333
1826,12,0.04002679959063357
1827,1,0.03816661091817389
1827,2,0.038278911993772625
1827,3,0.04627544273724933
1827,4,0.0461375643603555
1827,5,0.03974549072202783
1827,6,0.037151636318771955
1827,7,0.028635626044999453
1827,8,0.029628009019745737
1827,9,0.032882988723386936
1827,10,0.03419857399339759
1827,11,0.03879075916778919
1827,12,0.03914204047279609
1828,1,0.040683285488601215
1828,2,0.03986611210746534
1828,3,0.04826657718622318
1828,4,0.05007659230353323
1828,5,0.04092073296204276
1828,6,0.037888509319778024
1828,7,0.02800918076614894
1828,8,0.029487152316971767
1828,9,0.03198823843082862
1828,10,0.03555568607632438
1828,11,0.04033153143553324
1828,12,0.04102209577408155
1829,1,0.0428963935910336
1829,2,0.04487238708384395
1829,3,0.05307675927693624
1829,4,0.051166561134414666
1829,5,0.04610528781321116
1829,6,0.04487407834812123
1829,7,0.034001523762661794
1829,8,0.03666101713490217
1829,9,0.03883194316346349
1829,10,0.03733601522283282
1829,11,0.03641301013363906
1829,12,0.039587889677163667
1830,1,0.041625275279229816
1830,2,0.04066848622216155
1830,3,0.0498033132532999
1830,4,0.0511685181443101
1830,5,0.04153939604112943
1830,6,0.037657060898188384
1830,7,0.02878245045482993
1830,8,0.029607834887803143
1830,9,0.033100273174439095
1830,10,0.03642994697607185
1830,11,0.04205122585058365
1830,12,0.04266739326920477
1831,1,0.041138352446901
1831,2,0.04033780539946983
1831,3,0.044796720195474676
1831,4,0.044668635846859754
1831,5,0.04060779301284817
1831,6,0.03610417131491685
1831,7,0.028241915503411222
1831,8,0.029626380347542215
1831,9,0.032617486856587885
1831,10,0.03620728670324146
1831,11,0.04163110898745345
1831,12,0.0429420441326746
1832,1,0.039436931706398844
1832,2,0.038230954403642554
1832,3,0.04364794989111291
1832,4,0.04410435651318245
1832,5,0.04227849968655822
1832,6,0.041100852124381554
1832,7,0.03050335572863604
1832,8,0.03223569263671264
1832,9,0.03578506142671575
1832,10,0.03535639326538207
1832,11,0.04008103983869032
1832,12,0.03965647057659334
1833,1,0.04475788457792707
1833,2,0.04077689219920698
1833,3,0.042533896990124255
1833,4,0.04317072082487661
1833,5,0.046414677767226575
1833,6,0.04409052756685991
1833,7,0.03348984854659547
1833,8,0.035284316285030336
1833,9,0.03829522162973633
1833,10,0.03901185138493637
1833,11,0.04665489803286632
1833,12,0.04522649397107718
1834,1,0.04313274496550806
1834,2,0.04226761152297113
1834,3,0.05015368434204549
1834,4,0.04845355228971738
1834,5,0.0447562309400167
1834,6,0.043148668986460886
1834,7,0.030741127810809798
1834,8,0.032457328781764314
1834,9,0.0358092479287643
1834,10,0.037387024719104045
1834,11,0.04378737541945905
1834,12,0.04571047522966909
1835,1,0.042446083215508607
1835,2,0.040401163862526235
1835,3,0.045426316972117096
1835,4,0.04624191060973496
1835,5,0.041208731078262374
1835,6,0.03728018088632449
1835,7,0.028635896498559743
1835,8,0.030807066667154888
1835,9,0.03257087642565834
1835,10,0.036528066979503795
1835,11,0.041729758395873943
1835,12,0.043181960377581874
1836,1,0.04108662502027974
1836,2,0.04062529446612186
1836,3,0.044416106494514496
1836,4,0.04322795188317956
1836,5,0.04002220882253044
1836,6,0.03245037293619323
1836,7,0.027873861333727608
1836,8,0.029179449367953754
1836,9,0.030358895609846035
1836,10,0.03694432298148413
1836,11,0.03935764712973323
1836,12,0.04180622441254378
1837,1,0.042258586738236285
1837,2,0.041164169132895036
1837,3,0.04577495538230199
1837,4,0.04540811669108423
1837,5,0.04080260203331085
1837,6,0.034492642052052935
1837,7,0.027841513620405864
1837,8,0.029466559346002136
1837,9,0.03157672001364893
1837,10,0.038312795075521475
1837,11,0.0417291551666633
1837,12,0.042863658332996483
1838,1,0.036288822266681585
1838,2,0.03521306699200807
1838,3,0.03865137393946401
1838,4,0.034160439245989764
1838,5,0.03209693004716559
1838,6,0.03224325348912699
1838,7,0.02846527927544472
1838,8,0.028124451707142815
1838,9,0.03237783541911127
1838,10,0.03293166956915894
1838,11,0.03645047048703479
1838,12,0.037334872228782914
1839,1,0.04140253222430749
1839,2,0.04405540133146881
1839,3,0.05024497874558541
1839,4,0.04827429713205367
1839,5,0.04499114248415776
1839,6,0.04095865648813869
1839,7,0.03216509076181972
1839,8,0.0335425120624054
1839,9,0.037244704768082136
1839,10,0.03641958303208994
1839,11,0.03565220946090359
1839,12,0.03886013136565142
1840,1,0.042940240884340175
1840,2,0.040836424960533066
1840,3,0.0473229614039305
1840,4,0.04734028789314664
1840,5,0.04309899627976673
1840,6,0.040940976480876454
1840,7,0.030081551831084387
1840,8,0.031766353153120104
1840,9,0.03483685752569189
1840,10,0.03711854904635306
1840,11,0.04409040767942295
1840,12,0.04544868902936957
1841,1,0.0424711145302574
1841,2,0.039823752315050864
1841,3,0.04620713579265354
1841,4,0.04634203757571758
1841,5,0.04155240254816709
1841,6,0.03956393117895192
1841,7,0.03080521933752203
1841,8,0.032480699856730265
1841,9,0.0360966263092429
1841,10,0.03748253644367418
1841,11,0.04401373871611256
1841,12,0.044729281090458484
1842,1,0.03834821207430364
1842,2,0.037987955157153586
1842,3,0.046603220132917574
1842,4,0.04656791422531328
1842,5,0.039697007545900116
1842,6,0.036629747797128895
1842,7,0.02825847952719773
1842,8,0.029029371172682006
1842,9,0.03191918140207779
1842,10,0.03365655958394584
1842,11,0.038940460329007935
1842,12,0.03908310959412572
1843,1,0.03763394393643735
1843,2,0.03748180989286607
1843,3,0.041727980057271255
1843,4,0.03975834770821422
1843,5,0.0368059672799095
1843,6,0.02877493772291329
1843,7,0.02498354856884658
1843,8,0.025951964335921802
1843,9,0.02795950063828287
1843,10,0.034862120585726304
1843,11,0.03627553570686747
1843,12,0.037939187585848695
1844,1,0.03957103609868925
1844,2,0.04028446310703315
1844,3,0.04428653514871443
1844,4,0.04300986658571251
1844,5,0.038912047754344134
1844,6,0.03332006940334567
1844,7,0.02740375504800434
1844,8,0.028405441880379145
1844,9,0.031094176322546793
1844,10,0.03569555140637485
1844,11,0.04081226730751487
1844,12,0.04115072114571499
1845,1,0.03672364457387565
1845,2,0.03548716970242195
1845,3,0.04044350908269798
1845,4,0.04147327015168585
1845,5,0.03912482432123071
1845,6,0.03799597780862525
1845,7,0.0295735689851065
1845,8,0.030982920158089823
1845,9,0.034279885347719176
1845,10,0.03344279126482935
1845,11,0.03733680542997964
1845,12,0.03710402832120062
1846,1,0.04091941269911891
1846,2,0.039186559070590446
1846,3,0.04403425209634463
1846,4,0.043714737143133835
1846,5,0.04004303809105969
1846,6,0.03565041891759076
1846,7,0.028440814225447336
1846,8,0.029439386394595812
1846,9,0.03197498171198792
1846,10,0.03593935870468825
1846,11,0.041795365286675094
1846,12,0.04202375867976151
1847,1,0.03878668136272939
1847,2,0.039115408741158104
1847,3,0.044074195406182695
1847,4,0.04296764072620067
1847,5,0.03884366406830457
1847,6,0.03138826069059388
1847,7,0.025883748831249918
1847,8,0.02693395625307525
1847,9,0.029935123790346945
1847,10,0.03483647841090035
1847,11,0.03863515740640304
1847,12,0.03906007445951406
1848,1,0.04314956708944101
1848,2,0.04075142718668052
1848,3,0.045967202699801216
1848,4,0.04667215880831819
1848,5,0.04282238824740614
1848,6,0.03972612124850208
1848,7,0.031363337121591076
1848,8,0.032059623296934736
1848,9,0.03577232507572651
1848,10,0.03730325780606648
1848,11,0.044962171646218255
1848,12,0.04527964467953533
1849,1,0.037872663961484615
1849,2,0.03860448111601121
1849,3,0.041069562944805654
1849,4,0.03965226746404657
1849,5,0.032604790647335236
1849,6,0.025963284195112953
1849,7,0.023819276977226845
1849,8,0.024287631652586853
1849,9,0.02615579685750467
1849,10,0.030601012840562006
1849,11,0.03409287777595497
1849,12,0.03591108300607115
1850,1,0.041617573050600654
1850,2,0.04223353913227513
1850,3,0.04615601005867232
1850,4,0.04771801490632562
1850,5,0.03991769553607648
1850,6,0.036960105246249673
1850,7,0.029248924877324844
1850,8,0.029772306434670583
1850,9,0.03184201367752418
1850,10,0.03628179051791412
1850,11,0.04004564959731722
1850,12,0.04183055702048245
1851,1,0.034526091016093725
1851,2,0.03471996507265573
1851,3,0.03715168051702009
1851,4,0.03391756652153065
1851,5,0.032372865653083616
1851,6,0.03225787713756908
1851,7,0.029389610138221882
1851,8,0.02965488623161509
1851,9,0.03225452251396689
1851,10,0.03285531691613933
1851,11,0.03506671251836434
1851,12,0.035331869290145625
1852,1,0.040123511770828936
1852,2,0.03797201856296085
1852,3,0.0439703243789527
1852,4,0.04394305157533874
1852,5,0.04216956133050092
1852,6,0.041497319978554756
1852,7,0.03053067799507605
1852,8,0.03218427579481113
1852,9,0.03481199250410604
1852,10,0.03557127391250582
1852,11,0.04044440965881966
1852,12,0.039707288298712104
1853,1,0.03517503097645425
1853,2,0.03578258890034482
1853,3,0.038205030136464896
1853,4,0.034013007586478676
1853,5,0.03246938042149059
1853,6,0.032718594142459555
1853,7,0.03033905631694423
1853,8,0.02956136500592388
1853,9,0.03287678104729164
1853,10,0.03288835338894901
1853,11,0.03564879131001729
1853,12,0.036558681423089184
1854,1,0.04089983341090071
1854,2,0.040966016040182025
1854,3,0.04576437711615391
1854,4,0.04307650309414865
1854,5,0.03961685158179102
1854,6,0.032933371390884036
1854,7,0.027623150039864746
1854,8,0.02854034563147248
1854,9,0.030650172644706833
1854,10,0.0374966910816794
1854,11,0.039229072833942266
1854,12,0.04120827057941136
1855,1,0.03905656631791198
1855,2,0.03839104695940015
1855,3,0.043733300502889975
1855,4,0.04173764264295609
1855,5,0.03350390842491437
1855,6,0.0347574969247787
1855,7,0.028162313391336073
1855,8,0.028565439136344684
1855,9,0.03385594211121518
1855,10,0.03322784351866669
1855,11,0.03936502682799274
1855,12,0.03986323899622784
1856,1,0.037383704974563975
1856,2,0.035990792123036575
1856,3,0.041344669479749144
1856,4,0.03663785179884214
1856,5,0.03318569425506707
1856,6,0.03268756397230066
1856,7,0.028782895112188626
1856,8,0.02849369910273975
1856,9,0.03086910506138716
1856,10,0.034066930769394654
1856,11,0.03948044623926432
1856,12,0.03873436277286629
1857,1,0.03845160900245821
1857,2,0.038963453335610757
1857,3,0.04286919222055503
1857,4,0.03779194260808488
1857,5,0.0340443131822371
1857,6,0.03552601140755559
1857,7,0.029147048030201735
1857,8,0.02999657417587059
1857,9,0.03345880432416489
1857,10,0.034259649169516314
1857,11,0.03997727570301821
1857,12,0.04029512082038033
1858,1,0.04105094547510623
1858,2,0.039478970998818474
1858,3,0.044099612644111684
1858,4,0.04482182092360123
1858,5,0.040152583878217206
1858,6,0.036152466660098026
1858,7,0.028390389282584614
1858,8,0.030078145264809848
1858,9,0.03264893799207498
1858,10,0.03633127478208059
1858,11,0.04212579001642242
1858,12,0.042907569684744344
1859,1,0.037297691919769387
1859,2,0.03778592887771687
1859,3,0.03924395179011193
1859,4,0.03950587478790573
1859,5,0.041362266952124284
1859,6,0.037488910521687825
1859,7,0.03589481489894337
1859,8,0.03380561791908784
1859,9,0.03502803177900063
1859,10,0.03773495154003746
1859,11,0.03884276700665925
1859,12,0.03562659310702038
1860,1,0.04519382475686416
1860,2,0.04359191643451964
1860,3,0.04293408316417016
1860,4,0.044096301767027564
1860,5,0.04784569309140896
1860,6,0.0448296304802332
1860,7,0.03534517341831253
1860,8,0.03659514582321341
1860,9,0.039877427716773106
1860,10,0.04032968437054024
1860,11,0.05131380311745486
1860,12,0.047306292184938196
1861,1,0.046597817866737674
1861,2,0.041746902300860506
1861,3,0.04336599230406647
1861,4,0.04364253274866563
1861,5,0.04811982982911104
1861,6,0.043782130351331786
1861,7,0.034199407830502
1861,8,0.03570659081502632
1861,9,0.03938474396346846
1861,10,0.039194010495625875
1861,11,0.049005942393035094
1861,12,0.04817150636310062
1862,1,0.04088345385463935
1862,2,0.041346221377589615
1862,3,0.04540052558763116
1862,4,0.04088540264308418
1862,5,0.03297200063527917
1862,6,0.03409597084959324
1862,7,0.027759829946697127
1862,8,0.02786773508155597
1862,9,0.03291914681131823
1862,10,0.03492780651578655
1862,11,0.04168525189958852
1862,12,0.04406013788244809
1863,1,0.04602387664150169
1863,2,0.044528553568438385
1863,3,0.045199131542228994
1863,4,0.04480476167016604
1863,5,0.04763678195212361
1863,6,0.04543073836675357
1863,7,0.034921500057499694
1863,8,0.03621390697045774
1863,9,0.03930978187616965
1863,10,0.040019973275509185
1863,11,0.04763019009229553
1863,12,0.04878134527671128
1864,1,0.03551828180669534
1864,2,0.034694940861804136
1864,3,0.03963508617312553
1864,4,0.03569573462105743
1864,5,0.0318464468650821
1864,6,0.031814821926140116
1864,7,0.02801520958389601
1864,8,0.027775735432837623
1864,9,0.03121936948965465
1864,10,0.0330056794352012
1864,11,0.03697259702663343
1864,12,0.037425810803064716
1865,1,0.0407261667569687
1865,2,0.039663241799361426
1865,3,0.04849559914965689
1865,4,0.04789678206997477
1865,5,0.04112890371384639
1865,6,0.03814812237672747
1865,7,0.02917387326850612
1865,8,0.030217710390796005
1865,9,0.03361472843232839
1865,10,0.03567172267339785
1865,11,0.04127187362836194
1865,12,0.042016998178532605
1866,1,0.03623981731480124
1866,2,0.03791965055642709
1866,3,0.042796464320065335
1866,4,0.04129505413616393
1866,5,0.03776829286410147
1866,6,0.032132287729407336
1866,7,0.026057432963005323
1866,8,0.027197889618737234
1866,9,0.02963752694291203
1866,10,0.03333618871973919
1866,11,0.037318342230627015
1866,12,0.03765682505231773
1867,1,0.03905820396202752
1867,2,0.03963456477916746
1867,3,0.04362786702492634
1867,4,0.04274593914043553
1867,5,0.03839078692279147
1867,6,0.03313416109123528
1867,7,0.02700742718024512
1867,8,0.028010278900377217
1867,9,0.030744362432947456
1867,10,0.035405551021549776
1867,11,0.04045367477279012
1867,12,0.04067911565276207
1868,1,0.038882800187022476
1868,2,0.03876926397581627
1868,3,0.04404879205323229
1868,4,0.042225767691122996
1868,5,0.03877256295348125
1868,6,0.03200058026867048
1868,7,0.027270886989751685
1868,8,0.027707165544263664
1868,9,0.029899666575966596
1868,10,0.03614877162397869
1868,11,0.038658122901224626
1868,12,0.04003162722799253
1869,1,0.04328487415974614
1869,2,0.0415656145955713
1869,3,0.04614826742317685
1869,4,0.047994294329901294
1869,5,0.04265843357671249
1869,6,0.03674863903063547
1869,7,0.029994638382978892
1869,8,0.031104266137225355
1869,9,0.03389565633917877
1869,10,0.03766324701717734
1869,11,0.043500305347688936
1869,12,0.04403702900409117
1870,1,0.03802443184948463
1870,2,0.03690247531215939
1870,3,0.041522473489529234
1870,4,0.041554236742629105
1870,5,0.040501225944013584
1870,6,0.03754725127153409
1870,7,0.030696407129478152
1870,8,0.03178512776151032
1870,9,0.03490022037287784
1870,10,0.034211905815409914
1870,11,0.0383289714512714
1870,12,0.03884387951668759
1871,1,0.04287803738890272
1871,2,0.04157900719237382
1871,3,0.046477626843351424
1871,4,0.047676048259271665
1871,5,0.04162683115412302
1871,6,0.03758732730568007
1871,7,0.02919009237464837
1871,8,0.030576370212575785
1871,9,0.03248177894746963
1871,10,0.03716053849615349
1871,11,0.0416078451754618
1871,12,0.04317038670731638
1872,1,0.041171486152581115
1872,2,0.041975949600182444
1872,3,0.04887465370757647
1872,4,0.04853804925331853
1872,5,0.04471436798576089
1872,6,0.04115663313490774
1872,7,0.03248450282832955
1872,8,0.034231586620706876
1872,9,0.035675397368517006
1872,10,0.03544612318153814
1872,11,0.034385850564398676
1872,12,0.03830528357861288
1873,1,0.03842928076724138
1873,2,0.03821453892242936
1873,3,0.04238281112562841
1873,4,0.03779587103954912
1873,5,0.03338846477802332
1873,6,0.033633697382855016
1873,7,0.028828915421567177
1873,8,0.029066873084124763
1873,9,0.03254927941458878
1873,10,0.03448192741702125
1873,11,0.03995443418810605
1873,12,0.040810068338946584
1874,1,0.03881713093747242
1874,2,0.03733615226979221
1874,3,0.038880781625980035
1874,4,0.03728165491152201
1874,5,0.03904454555173289
1874,6,0.03526292470029209
1874,7,0.03558587462187353
1874,8,0.03283248483022823
1874,9,0.03474642192480751
1874,10,0.03472482092763384
1874,11,0.03889813855526381
1874,12,0.036158116325986
1875,1,0.047226219130477004
1875,2,0.0444166159473651
1875,3,0.04765767701071474
1875,4,0.048982642698492784
1875,5,0.04192690160693356
1875,6,0.039496653429502704
1875,7,0.030626967139100274
1875,8,0.03192061473887737
1875,9,0.033416357983285315
1875,10,0.03970710132338665
1875,11,0.04526195149230381
1875,12,0.046159082859019214
1876,1,0.041585793349933425
1876,2,0.04372948743199965
1876,3,0.051181268264405264
1876,4,0.04957812300953443
1876,5,0.04518356989857102
1876,6,0.04350324054745355
1876,7,0.033155188082265336
1876,8,0.03606174495918146
1876,9,0.037960414008837665
1876,10,0.035638897948702876
1876,11,0.03484726972348551
1876,12,0.03783809358396105
1877,1,0.03226766317785942
1877,2,0.03395643008415231
1877,3,0.03937765052020769
1877,4,0.04013874639079419
1877,5,0.03642766082532917
1877,6,0.03676888661370903
1877,7,0.029072764010924734
1877,8,0.03030785444428844
1877,9,0.03143113265047122
1877,10,0.030575880046121023
1877,11,0.029964205506731394
1877,12,0.03109357852836945
1878,1,0.046897941311588
1878,2,0.04328356926874315
1878,3,0.04470713793378344
1878,4,0.044303490581207555
1878,5,0.04772201106336259
1878,6,0.045673962705725164
1878,7,0.03392312831775182
1878,8,0.035597462941749355
1878,9,0.03895457191109901
1878,10,0.0405543481012182
1878,11,0.04738460549659416
1878,12,0.04836469105141998
1879,1,0.04005324662158227
1879,2,0.039427537324337264
1879,3,0.04331269991923641
1879,4,0.04241173763216121
1879,5,0.03795004244923286
1879,6,0.03272439665272869
1879,7,0.02713299489419256
1879,8,0.028304072011760717
1879,9,0.030368248926081337
1879,10,0.03514790094208443
1879,11,0.03993764201461427
1879,12,0.04094248674417266
1880,1,0.038223207552009995
1880,2,0.03783330508358273
1880,3,0.03889087869499015
1880,4,0.03733290281231721
1880,5,0.03857844460813997
1880,6,0.03579320842074909
1880,7,0.03605329799203067
1880,8,0.03305011352121857
1880,9,0.034789574905850024
1880,10,0.033898913244443454
1880,11,0.03866579547925027
1880,12,0.03639978341137567
1881,1,0.041753001891888165
1881,2,0.04031928177007233
1881,3,0.04460531668410077
1881,4,0.04545874466931513
1881,5,0.04174794849071333
1881,6,0.03697700560989362
1881,7,0.02914563190451366
1881,8,0.029932018275445556
1881,9,0.03283082510871139
1881,10,0.037051644045612044
1881,11,0.04271670988752828
1881,12,0.04380145979849471
1882,1,0.04388060750586613
1882,2,0.042388504189399816
1882,3,0.04674362652705513
1882,4,0.04656007475736267
1882,5,0.04304350577946028
1882,6,0.037702944848121325
1882,7,0.028986538789098154
1882,8,0.030264491474704135
1882,9,0.033113907875986635
1882,10,0.03876027787863599
1882,11,0.04194146314169561
1882,12,0.04441125502053312
1883,1,0.03963445059651811
1883,2,0.03824872581572582
1883,3,0.042130197294173645
1883,4,0.04259837583463586
1883,5,0.041714727235347845
1883,6,0.04001426335527603
1883,7,0.03082885857530562
1883,8,0.0329718403901333
1883,9,0.03582795882810755
1883,10,0.036061834169373606
1883,11,0.04049408209373885
1883,12,0.04012163187396443
1884,1,0.03634256042664826
1884,2,0.035829172389156956
1884,3,0.03933096317175384
1884,4,0.03423005834469038
1884,5,0.032340848766152536
1884,6,0.03231624252913562
1884,7,0.028422183761765696
1884,8,0.028822358137419336
1884,9,0.031542801834240936
1884,10,0.033338040140189255
1884,11,0.03841278059486657
1884,12,0.03814926462665787
1885,1,0.03856795062353323
1885,2,0.038913934355524926
1885,3,0.042552495489263036
1885,4,0.03892843602129507
1885,5,0.0343520727583839
1885,6,0.03566519731838734
1885,7,0.0294750165801184
1885,8,0.029904079949669298
1885,9,0.03361372159724551
1885,10,0.03468346685242352
1885,11,0.03960147460487683
1885,12,0.0405348478421902
1886,1,0.0474976176298728
1886,2,0.04412601921931395
1886,3,0.0447989948509765
1886,4,0.04488682665332519
1886,5,0.04815232273696101
1886,6,0.045677298112386855
1886,7,0.0353145137368471
1886,8,0.03721647418975397
1886,9,0.04069922181916134
1886,10,0.0413460935327924
1886,11,0.05108787873423178
1886,12,0.048368490335824285
1887,1,0.036171441290989266
1887,2,0.03559204858191821
1887,3,0.040705184701928056
1887,4,0.035750791935993016
1887,5,0.03148929202253437
1887,6,0.031794029189156525
1887,7,0.028491444905809526
1887,8,0.0282629230771845
1887,9,0.030786348887922504
1887,10,0.0334044464909485
1887,11,0.03755718551405676
1887,12,0.03788346206559657
1888,1,0.03591961624709704
1888,2,0.0346450078508065
1888,3,0.040407345897462234
1888,4,0.03493310301680833
1888,5,0.031450254908188056
1888,6,0.03235825778078488
1888,7,0.027491490784770707
1888,8,0.028314145370823118
1888,9,0.030519759012041663
1888,10,0.03294373319776491
1888,11,0.03734012869270125
1888,12,0.035896706940467815
1889,1,0.046572836692090745
1889,2,0.04669386367666126
1889,3,0.05087928742524984
1889,4,0.05046018173140692
1889,5,0.04589214101275008
1889,6,0.043632806068976314
1889,7,0.03434358014081611
1889,8,0.03572841810698512
1889,9,0.03859127107735996
1889,10,0.03872160851390246
1889,11,0.03825050975691615
1889,12,0.0433474368806762
1890,1,0.03806035741240432
1890,2,0.03630260301574097
1890,3,0.04327439896884314
1890,4,0.03784638590385079
1890,5,0.032522568689971346
1890,6,0.03303029895106198
1890,7,0.027963976963452524
1890,8,0.027866312236672665
1890,9,0.031176508327645583
1890,10,0.03416658591025842
1890,11,0.039572417144098516
1890,12,0.03899438372626668
1891,1,0.040892594737445
1891,2,0.03976629305425
1891,3,0.04406633821252444
1891,4,0.04609007134174615
1891,5,0.04031619134621362
1891,6,0.03486112279096429
1891,7,0.028211709412076617
1891,8,0.029312209406684962
1891,9,0.03244156365006435
1891,10,0.036909010685939415
1891,11,0.04335848548109865
1891,12,0.042125725445912775
1892,1,0.0424404816456595
1892,2,0.04143238288630848
1892,3,0.04588906176530941
1892,4,0.04517772221170573
1892,5,0.041363579302597195
1892,6,0.035831880529703715
1892,7,0.028601840081200883
1892,8,0.02930415435813896
1892,9,0.03175268949170861
1892,10,0.03786167966731773
1892,11,0.041203933970363066
1892,12,0.04281885412423344
1893,1,0.04684747928397404
1893,2,0.04377437279074261
1893,3,0.045556378071171875
1893,4,0.04500451855750651
1893,5,0.04768911132876851
1893,6,0.04540303453127967
1893,7,0.034176233225424714
1893,8,0.035536201533811713
1893,9,0.038856999314063376
1893,10,0.04101957708213522
1893,11,0.04734291384925662
1893,12,0.04870373371108106
1894,1,0.04005276896198512
1894,2,0.040571213124835505
1894,3,0.04520320170101637
1894,4,0.04256761630486276
1894,5,0.039677309389196364
1894,6,0.031714728204966985
1894,7,0.02636904474497431
1894,8,0.028654423001597176
1894,9,0.029939107704721114
1894,10,0.036874328233532185
1894,11,0.039614016994270425
1894,12,0.040736162942102236
1895,1,0.040858113410456094
1895,2,0.04037973445947589
1895,3,0.04866709483371194
1895,4,0.04994948698904872
1895,5,0.040940048297388544
1895,6,0.0373462322424155
1895,7,0.028175479054492795
1895,8,0.029546459498729798
1895,9,0.03231912597691447
1895,10,0.03558609383558525
1895,11,0.041509414672430564
1895,12,0.0416814373657488
1896,1,0.040187757284325325
1896,2,0.0382818896634403
1896,3,0.0419618410876045
1896,4,0.04211345718528316
1896,5,0.04191544023274513
1896,6,0.039861532334049606
1896,7,0.03165626421378792
1896,8,0.033650814134974075
1896,9,0.03667822513551783
1896,10,0.03633688169078242
1896,11,0.04149490448208548
1896,12,0.04056842213198353
1897,1,0.03698622349700199
1897,2,0.03572833675852882
1897,3,0.03955075876403057
1897,4,0.03438732103911366
1897,5,0.03338098260891101
1897,6,0.032176426060854524
1897,7,0.029319194109402136
1897,8,0.029806945568872867
1897,9,0.03195317910204983
1897,10,0.03325542959392066
1897,11,0.03699000885751084
1897,12,0.038171343823070775
1898,1,0.04238030675812976
1898,2,0.041513439058442014
1898,3,0.04669704421749645
1898,4,0.04731368165178756
1898,5,0.041366188831433545
1898,6,0.03720809047345613
1898,7,0.029073292280300936
1898,8,0.029877875662930296
1898,9,0.03287108974920835
1898,10,0.03727574927495172
1898,11,0.042138760150371345
1898,12,0.04360926516881245
1899,1,0.03888249502628011
1899,2,0.03883376750714744
1899,3,0.04388216778741245
1899,4,0.042122634194968735
1899,5,0.03812553008964665
1899,6,0.03205202772397046
1899,7,0.025762042699750173
1899,8,0.02697699154659982
1899,9,0.02855505461739133
1899,10,0.034731548981950605
1899,11,0.037968011641787404
1899,12,0.03911649002484971
1900,1,0.03959951905801723
1900,2,0.042992292364062115
1900,3,0.04985388949210018
1900,4,0.05130651769775133
1900,5,0.04392158375385104
1900,6,0.04302012917328313
1900,7,0.03352251847951027
1900,8,0.03572173738884396
1900,9,0.03758205347373181
1900,10,0.03520162608761138
1900,11,0.033523178667231424
1900,12,0.03624169741005031
1901,1,0.03631229662697059
1901,2,0.03713573412042194
1901,3,0.04401171732914358
1901,4,0.050214653311451134
1901,5,0.03760957688440837
1901,6,0.034594733182473525
1901,7,0.026732958393869286
1901,8,0.0278921338541894
1901,9,0.02996626255661292
1901,10,0.033821071330440565
1901,11,0.036066985251239865
1901,12,0.03767782318457974
1902,1,0.041642957038503604
1902,2,0.0413491394630817
1902,3,0.046258978688456236
1902,4,0.04637880938179818
1902,5,0.041258685135885584
1902,6,0.03708406795108165
1902,7,0.028306973460886217
1902,8,0.03010045877692101
1902,9,0.03209700277363733
1902,10,0.036030639500077254
1902,11,0.04131018733618682
1902,12,0.04288567770476809
1903,1,0.043077500946196556
1903,2,0.041209181987254866
1903,3,0.046482278759065715
1903,4,0.048182288540877076
1903,5,0.041134255803264935
1903,6,0.037361340023295816
1903,7,0.029711277354583072
1903,8,0.030364384317647528
1903,9,0.03362202335887782
1903,10,0.036679812116995204
1903,11,0.04251336635384082
1903,12,0.043967059004658644
1904,1,0.03832703875222075
1904,2,0.03863357878990225
1904,3,0.04357133435900745
1904,4,0.041767798189933696
1904,5,0.037812821878770386
1904,6,0.03132849101427395
1904,7,0.02623613648701806
1904,8,0.02709352364740606
1904,9,0.028584542228131653
1904,10,0.03478737653708349
1904,11,0.037564991350668445
1904,12,0.03883848901365132
1905,1,0.04363099297176684
1905,2,0.045988238295725015
1905,3,0.050771004296610314
1905,4,0.051122490671293694
1905,5,0.04587449948824341
1905,6,0.04397637687145866
1905,7,0.0335692965638635
1905,8,0.03582324702184711
1905,9,0.038783501305427175
1905,10,0.03729676272474619
1905,11,0.03554856413493404
1905,12,0.03959752124309546
1906,1,0.03760140017702185
1906,2,0.03835819766736218
1906,3,0.04039837313089259
1906,4,0.03887153600184849
1906,5,0.03244761083388868
1906,6,0.025229260208171605
1906,7,0.024177735443892158
1906,8,0.02416503923426454
1906,9,0.026729931513596258
1906,10,0.030491242392246782
1906,11,0.03351062026527066
1906,12,0.03653878458494446
1907,1,0.03568780301267154
1907,2,0.035062429473104936
1907,3,0.03879837903205045
1907,4,0.03971157204660835
1907,5,0.03905104770776107
1907,6,0.037219133565186475
1907,7,0.029658134498208685
1907,8,0.031129231031171045
1907,9,0.03367822516656817
1907,10,0.03304974843744315
1907,11,0.0370233270866136
1907,12,0.03597108639043251
1908,1,0.037376172918573224
1908,2,0.038238092776698145
1908,3,0.04165351430010531
1908,4,0.039975755681933185
1908,5,0.03667505592545426
1908,6,0.029131574889596928
1908,7,0.02508627074967376
1908,8,0.02690982446934235
1908,9,0.027737921071862737
1908,10,0.03484571603129924
1908,11,0.036930009598114606
1908,12,0.03797006024267935
1909,1,0.038368122639402716
1909,2,0.03912724842235016
1909,3,0.042906343695897596
1909,4,0.041062755523809405
1909,5,0.03766670930431371
1909,6,0.03011095366993324
1909,7,0.02487655874084286
1909,8,0.02727088807621462
1909,9,0.028203342277125325
1909,10,0.035437510674507705
1909,11,0.03725833087395202
1909,12,0.038239162979476944
1910,1,0.036059904026473126
1910,2,0.035380484111550335
1910,3,0.03979561628708676
1910,4,0.03462447119085021
1910,5,0.03158684565680483
1910,6,0.0322695488041687
1910,7,0.028074371600007024
1910,8,0.028771870517978877
1910,9,0.03164735232807558
1910,10,0.03362571057758138
1910,11,0.038351749693289694
1910,12,0.03763689747931524
1911,1,0.03657729178737212
1911,2,0.03596074154664327
1911,3,0.04010566234688644
1911,4,0.03518138704917486
1911,5,0.03200058291155184
1911,6,0.03180464776453149
1911,7,0.028965289780507567
1911,8,0.02870460283085206
1911,9,0.031197296473760506
1911,10,0.0337861641333975
1911,11,0.03816900523166327
1911,12,0.03861749861144715
1912,1,0.03759343503043713
1912,2,0.037850598866771126
1912,3,0.040213745754798934
1912,4,0.03990486402284527
1912,5,0.04308221705769607
1912,6,0.036533467696842
1912,7,0.03565978859584815
1912,8,0.03397291832155723
1912,9,0.03575917602429792
1912,10,0.03801788253132443
1912,11,0.038858923608011686
1912,12,0.03580976816324322
1913,1,0.04263270208577825
1913,2,0.041773049563347056
1913,3,0.04743126916405763
1913,4,0.0484534570477392
1913,5,0.042102486118812885
1913,6,0.038510086384842934
1913,7,0.029714473570712933
1913,8,0.031161877541181084
1913,9,0.03275985076250906
1913,10,0.038059525576165654
1913,11,0.04255356914298292
1913,12,0.04444068859716879
1914,1,0.03797611644707509
1914,2,0.03766710584170344
1914,3,0.03980092661207656
1914,4,0.03796209512092932
1914,5,0.03929292800991357
1914,6,0.03689144309662822
1914,7,0.03550246075564333
1914,8,0.03397726594845488
1914,9,0.03596662250673831
1914,10,0.037714230284380285
1914,11,0.03889936791292712
1914,12,0.036969600145295566
1915,1,0.04782156111236869
1915,2,0.04572082024674226
1915,3,0.04641400486263381
1915,4,0.047186757140441064
1915,5,0.04814675556602466
1915,6,0.04617858975576667
1915,7,0.03505283257913146
1915,8,0.03692402402695777
1915,9,0.04051428010226583
1915,10,0.04088968890617208
1915,11,0.047420713800376706
1915,12,0.049890365747727185
1916,1,0.04031430289209087
1916,2,0.039833024888229956
1916,3,0.044003296653966815
1916,4,0.04279286582338099
1916,5,0.03884293074035162
1916,6,0.03221800162219607
1916,7,0.026701862525099297
1916,8,0.02758355657273282
1916,9,0.02933540651318024
1916,10,0.03622655644717408
1916,11,0.03930749343505151
1916,12,0.04035385131973274
1917,1,0.041127488814086496
1917,2,0.04096062101577337
1917,3,0.04549588742858691
1917,4,0.04323998539397055
1917,5,0.03854687998356172
1917,6,0.032657386174956324
1917,7,0.02541961621583467
1917,8,0.027502918480760596
1917,9,0.02926426850690044
1917,10,0.035921327687588565
1917,11,0.039097714440984505
1917,12,0.04121950166037496
1918,1,0.03762860795498742
1918,2,0.03705986376000269
1918,3,0.039551630710641904
1918,4,0.03826454976535297
1918,5,0.03928930898171729
1918,6,0.03712269967807387
1918,7,0.035645473698640885
1918,8,0.034205691081023316
1918,9,0.03513904302717979
1918,10,0.03897749246255071
1918,11,0.038648314278311675
1918,12,0.036045476714705565
1919,1,0.04102589849840741
1919,2,0.03973491431434121
1919,3,0.0488510325892994
1919,4,0.04736959667831329
1919,5,0.040792372572293865
1919,6,0.038627876298437246
1919,7,0.028851498477063333
1919,8,0.030067703575399857
1919,9,0.033872069304366065
1919,10,0.035721692230658
1919,11,0.04127026767272899
1919,12,0.042123178231557666
1920,1,0.04590694602170238
1920,2,0.04642188470864436
1920,3,0.04643912949004723
1920,4,0.04894252654792396
1920,5,0.04805685075446997
1920,6,0.04618013879529602
1920,7,0.03610541571498948
1920,8,0.03685968846334385
1920,9,0.03960145644600681
1920,10,0.04004039460468497
1920,11,0.04537132563229089
1920,12,0.0464962778495625
1921,1,0.03995339285154553
1921,2,0.040314895161926635
1921,3,0.045456994528897815
1921,4,0.04430798558950146
1921,5,0.04025106502379273
1921,6,0.032837769571965325
1921,7,0.02777176503115529
1921,8,0.028484828266391062
1921,9,0.030860249856069093
1921,10,0.03662084071781915
1921,11,0.03986547301415245
1921,12,0.04101223974083298
1922,1,0.043344114506677044
1922,2,0.04227892534650782
1922,3,0.048841460735636444
1922,4,0.050064792536262066
1922,5,0.04325878362105181
1922,6,0.04090067150873478
1922,7,0.03014903009782317
1922,8,0.03143225048509956
1922,9,0.03286430847689645
1922,10,0.03710343318636499
1922,11,0.04124817925095574
1922,12,0.042501706676351246
1923,1,0.04794721691541119
1923,2,0.04477509500315146
1923,3,0.05193542467712108
1923,4,0.05089671566950323
1923,5,0.047673246458831094
1923,6,0.04355368376066263
1923,7,0.031013226425256096
1923,8,0.03366237171757631
1923,9,0.03668249156035616
1923,10,0.03886854456182186
1923,11,0.04564749777006996
1923,12,0.04719413386219614
1924,1,0.048015546758136705
1924,2,0.04531098600199963
1924,3,0.04670797482576123
1924,4,0.0463053699869979
1924,5,0.04788110042909627
1924,6,0.04541602502698345
1924,7,0.03402566212999213
1924,8,0.03633885960987072
1924,9,0.039451452390355156
1924,10,0.04001519621447534
1924,11,0.0444041459107199
1924,12,0.04916118849640793
1925,1,0.046217351458212576
1925,2,0.043096249009678976
1925,3,0.047287530667976745
1925,4,0.04644152501673061
1925,5,0.044994456297546274
1925,6,0.0440439238232387
1925,7,0.03153491638947867
1925,8,0.03289251081277995
1925,9,0.036414043397626675
1925,10,0.038582526875319045
1925,11,0.044892032588054034
1925,12,0.0473423456628867
1926,1,0.04003870046717117
1926,2,0.03996240380303953
1926,3,0.043884120309325224
1926,4,0.0430413426490947
1926,5,0.039581315991051164
1926,6,0.031585510101567654
1926,7,0.026529232622210037
1926,8,0.027235974402836066
1926,9,0.029119216688725403
1926,10,0.03577325746661147
1926,11,0.03864541077423683
1926,12,0.04023736513230613
1927,1,0.04085088712155909
1927,2,0.04144752028664557
1927,3,0.044726151779891324
1927,4,0.04128607563232041
1927,5,0.03376063207534958
1927,6,0.034851574866091924
1927,7,0.028747498116437602
1927,8,0.02857747998123228
1927,9,0.033524740704175826
1927,10,0.03528760339273016
1927,11,0.04128111519177413
1927,12,0.04244844724798364
1928,1,0.04192079461421312
1928,2,0.04410275017616852
1928,3,0.0518399580246652
1928,4,0.04840327646471147
1928,5,0.0453090635637578
1928,6,0.04054465833001241
1928,7,0.03269094433205239
1928,8,0.035310846865341666
1928,9,0.03793871623996585
1928,10,0.03640006601796343
1928,11,0.035889294617455374
1928,12,0.03942252578986398
1929,1,0.03853372563797891
1929,2,0.03808247843377441
1929,3,0.040355554148112184
1929,4,0.03715070321146326
1929,5,0.033613540982141685
1929,6,0.0334740987913526
1929,7,0.028849838033191785
1929,8,0.028707848267034618
1929,9,0.0330910102661742
1929,10,0.03475288990811283
1929,11,0.04093303508541645
1929,12,0.04142791177806631
1930,1,0.04706007514079156
1930,2,0.044399783754899336
1930,3,0.04473450027082354
1930,4,0.04554138801143651
1930,5,0.04808441183209312
1930,6,0.04610465504498959
1930,7,0.03492539721868051
1930,8,0.03662496386790441
1930,9,0.04019807670570433
1930,10,0.04079147242468961
1930,11,0.04963957112726658
1930,12,0.04880894040735426
1931,1,0.04671791043199428
1931,2,0.04216994962546891
1931,3,0.04382572834190886
1931,4,0.043678318077802085
1931,5,0.047256696426394684
1931,6,0.04450982648901411
1931,7,0.03341340824669929
1931,8,0.035413468034676154
1931,9,0.03845767540776977
1931,10,0.039743858701704826
1931,11,0.046361663185535903
1931,12,0.046447454712378676
1932,1,0.0475207673290429
1932,2,0.04357935295589936
1932,3,0.04392699923840539
1932,4,0.045185965668884845
1932,5,0.047765519907245355
1932,6,0.045774885679928864
1932,7,0.034618645932872484
1932,8,0.03627838713196187
1932,9,0.03975290154869803
1932,10,0.04008579785341316
1932,11,0.049775272973671396
1932,12,0.04884904719496865
1933,1,0.040452499918009956
1933,2,0.03874913276563773
1933,3,0.04010275307990566
1933,4,0.0387328514083488
1933,5,0.03931586072782161
1933,6,0.036606398781151454
1933,7,0.03448431517015232
1933,8,0.033778141206345924
1933,9,0.0353546744506316
1933,10,0.0386221584703885
1933,11,0.040587082102084934
1933,12,0.03818644715052691
1934,1,0.04234294743751311
1934,2,0.04457095518490388
1934,3,0.0519755950043778
1934,4,0.05051159874080565
1934,5,0.044729463515277484
1934,6,0.04439059002267905
1934,7,0.03304176533981856
1934,8,0.0352281517624959
1934,9,0.03753191156656297
1934,10,0.036000781322478345
1934,11,0.0357583295645332
1934,12,0.03887549903125122
1935,1,0.04491905061669632
1935,2,0.043268907503193295
1935,3,0.04413068082991197
1935,4,0.04400710470702094
1935,5,0.047313874779313043
1935,6,0.04474736685526615
1935,7,0.03503018516802061
1935,8,0.037037041325354673
1935,9,0.03982677714943579
1935,10,0.041004724460122564
1935,11,0.05108448945162742
1935,12,0.04744588841584237
1936,1,0.042167248967044414
1936,2,0.04042101379634188
1936,3,0.04737699032216689
1936,4,0.046640930588662935
1936,5,0.0412844268666445
1936,6,0.03921235997190869
1936,7,0.030036063899036257
1936,8,0.030731668100898005
1936,9,0.034588844902513655
1936,10,0.03643938720109188
1936,11,0.04272356870640239
1936,12,0.04480847836560469
1937,1,0.04057114260370009
1937,2,0.03981005809230193
1937,3,0.043832661095922924
1937,4,0.04266483938707922
1937,5,0.038546198485179345
1937,6,0.0331650269817459
1937,7,0.027759750723051056
1937,8,0.028235312146041865
1937,9,0.030951651674450385
1937,10,0.03603226215417407
1937,11,0.04074094127523444
1937,12,0.041127173363375936
1938,1,0.03916054336255594
1938,2,0.03966035686695736
1938,3,0.042821028992918606
1938,4,0.04202334081936762
1938,5,0.038753841784034404
1938,6,0.03241135540691801
1938,7,0.027201466281926573
1938,8,0.027788219024446132
1938,9,0.03049695007351131
1938,10,0.035576936070427605
1938,11,0.040642403772493826
1938,12,0.0410869363423734
1939,1,0.03786759154074086
1939,2,0.038140606119583115
1939,3,0.04042760233928738
1939,4,0.03824056424467491
1939,5,0.040320840666008884
1939,6,0.03607343731448292
1939,7,0.0364282289123482
1939,8,0.03484671093719046
1939,9,0.03551269936238385
1939,10,0.03569437290640804
1939,11,0.039201601401302744
1939,12,0.03645450399344677
1940,1,0.04254324299477516
1940,2,0.04134053377368914
1940,3,0.04642863688545986
1940,4,0.047743469801236074
1940,5,0.04224402867513633
1940,6,0.03791819969400921
1940,7,0.029869286303172256
1940,8,0.030147120839528238
1940,9,0.033172277915247884
1940,10,0.03713995302057793
1940,11,0.04191708575343864
1940,12,0.043080048930935595
1941,1,0.03634385575672321
1941,2,0.03612263609123842
1941,3,0.038522301357708684
1941,4,0.03394974928658028
1941,5,0.032610056812667695
1941,6,0.032087080311763265
1941,7,0.029292628532085356
1941,8,0.02998483389296717
1941,9,0.03194629583373483
1941,10,0.03340671270238427
1941,11,0.03693909140664539
1941,12,0.0372940651456981
1942,1,0.03515817243953738
1942,2,0.03556812577713364
1942,3,0.036733307526985066
1942,4,0.03379826554980577
1942,5,0.03225894842672
1942,6,0.03207741183284492
1942,7,0.029437920036974638
1942,8,0.029581190753564343
1942,9,0.03224820647334377
1942,10,0.032189046681202656
1942,11,0.03603864826654026
1942,12,0.035697134040566486
1943,1,0.03781473472373099
1943,2,0.03610335023209264
1943,3,0.04231533075707024
1943,4,0.0378866214010888
1943,5,0.032579522279952505
1943,6,0.03351643573991066
1943,7,0.02728447572167358
1943,8,0.028146689253115302
1943,9,0.03166901333720423
1943,10,0.03385127329848155
1943,11,0.03892310527302592
1943,12,0.039145936084314444
1944,1,0.03789599284418792
1944,2,0.037211850851398734
1944,3,0.03877653229450255
1944,4,0.0368369465676379
1944,5,0.03734613216860735
1944,6,0.03562221891964868
1944,7,0.03497677022908264
1944,8,0.03267754237069814
1944,9,0.034402121297404366
1944,10,0.034262790298285765
1944,11,0.038359524645546386
1944,12,0.03556910731039207
1945,1,0.03901663800689293
1945,2,0.03705911771172613
1945,3,0.04214320727475702
1945,4,0.04193001603066301
1945,5,0.04110447919972233
1945,6,0.038555861005041006
1945,7,0.03182411548957877
1945,8,0.03271265053025994
1945,9,0.03584757731087796
1945,10,0.035405129061089155
1945,11,0.039806405563294754
1945,12,0.03895870822810496
1946,1,0.03713670350746129
1946,2,0.03790844226910212
1946,3,0.04180863906381079
1946,4,0.04038140440150913
1946,5,0.03645712703456398
1946,6,0.029501513793502358
1946,7,0.02546137544941827
1946,8,0.02650214380534617
1946,9,0.02753768772513408
1946,10,0.034284578205773956
1946,11,0.03661828440094594
1946,12,0.0374766949717855
1947,1,0.0411100032321193
1947,2,0.0407299097468333
1947,3,0.04527733080178332
1947,4,0.045483882174730005
1947,5,0.04118169878761443
1947,6,0.036504324399150904
1947,7,0.02889698784616223
1947,8,0.02945550441000278
1947,9,0.03139174751614364
1947,10,0.03654486593010913
1947,11,0.042114962487525935
1947,12,0.042270552092874364
1948,1,0.03564778285457052
1948,2,0.0357257051827361
1948,3,0.03769690647274809
1948,4,0.03302628660216899
1948,5,0.032233428046339184
1948,6,0.03232342885628686
1948,7,0.029200582835614896
1948,8,0.029764552036149944
1948,9,0.03140499477422487
1948,10,0.03234578002221476
1948,11,0.03573633421301867
1948,12,0.036184156208284725
1949,1,0.04178178167783979
1949,2,0.04148884659614632
1949,3,0.04496042023870254
1949,4,0.04442188052845603
1949,5,0.03967476495090097
1949,6,0.03438885446385175
1949,7,0.02875314693262851
1949,8,0.02929848225844628
1949,9,0.030679654985576354
1949,10,0.038412342321930366
1949,11,0.04134988878403023
1949,12,0.04247889875070172
1950,1,0.046204479749961225
1950,2,0.04743907971453404
1950,3,0.05012237885613104
1950,4,0.05028580812635559
1950,5,0.047130710585101286
1950,6,0.04462439831569393
1950,7,0.033254612840924534
1950,8,0.03548482112732597
1950,9,0.038950781318892576
1950,10,0.038211774778457
1950,11,0.03685587924510947
1950,12,0.041064644839270505
1951,1,0.04638650454850386
1951,2,0.0458276028582486
1951,3,0.04541556908370904
1951,4,0.047160717146336815
1951,5,0.047558347487193856
1951,6,0.04634971984884166
1951,7,0.035587103064532735
1951,8,0.03622697496575409
1951,9,0.03949721756347107
1951,10,0.039722796712226324
1951,11,0.04781026770902286
1951,12,0.04749701318808097
1952,1,0.036392768351552016
1952,2,0.037689405437610624
1952,3,0.04557618789067112
1952,4,0.04323064888970666
1952,5,0.03371546633399425
1952,6,0.030598522068406214
1952,7,0.023883969542135477
1952,8,0.024686544805440615
1952,9,0.025074697542060046
1952,10,0.032223340406475245
1952,11,0.037817983625098334
1952,12,0.037902887518159185
1953,1,0.04391550034805102
1953,2,0.042329382527725175
1953,3,0.04672422172408194
1953,4,0.04623128879054719
1953,5,0.04138942155925421
1953,6,0.03830432703909804
1953,7,0.029892443209205772
1953,8,0.030421316688214538
1953,9,0.03221289585541023
1953,10,0.03877227222453835
1953,11,0.0415697890580527
1953,12,0.04451413976886328
1954,1,0.04599829851189707
1954,2,0.04684329767572387
1954,3,0.05225066977292619
1954,4,0.049434677871700944
1954,5,0.04618381856823191
1954,6,0.04280639869584387
1954,7,0.03411664023745076
1954,8,0.0365318706416716
1954,9,0.03862492875199055
1954,10,0.03745509741992887
1954,11,0.037006148904979115
1954,12,0.04141380287583088
1955,1,0.03525914771526971
1955,2,0.03608122479973866
1955,3,0.03801455348974092
1955,4,0.03462670782282991
1955,5,0.03247151328601691
1955,6,0.03294668050886199
1955,7,0.02940818754838456
1955,8,0.029134165432200602
1955,9,0.03235302099680899
1955,10,0.032498464807043534
1955,11,0.03618878216084774
1955,12,0.036597227731484334
1956,1,0.045627715674905096
1956,2,0.04149885880891797
1956,3,0.04385659244737127
1956,4,0.04306021319015552
1956,5,0.04663609939242574
1956,6,0.04315591947494723
1956,7,0.03442591380367366
1956,8,0.036209523931892855
1956,9,0.03920088422367444
1956,10,0.040149536623454864
1956,11,0.0490805790261462
1956,12,0.04946252201199673
1957,1,0.04353409589129962
1957,2,0.04490940606942437
1957,3,0.05267244944155863
1957,4,0.050884810769037815
1957,5,0.04602207651689192
1957,6,0.04450657305767466
1957,7,0.033644239224148206
1957,8,0.03628661567884701
1957,9,0.03876052775852956
1957,10,0.03668538602170397
1957,11,0.03611949211284231
1957,12,0.03953582163265681
1958,1,0.03582180354487105
1958,2,0.03764069583331035
1958,3,0.040808790001479876
1958,4,0.03806383570721504
1958,5,0.03558011569098282
1958,6,0.028049051015420826
1958,7,0.023902956822910527
1958,8,0.025393351577813764
1958,9,0.026686510132632048
1958,10,0.03321476319626953
1958,11,0.03487401889990803
1958,12,0.035856984209817866
1959,1,0.03824698767507271
1959,2,0.037677327034235576
1959,3,0.04125499749512092
1959,4,0.03710475212184612
1959,5,0.03394540093830132
1959,6,0.034847814825188846
1959,7,0.029936453973284923
1959,8,0.029525083786465477
1959,9,0.03348283239015237
1959,10,0.035407439612462566
1959,11,0.038532827968214875
1959,12,0.039488206864991826
1960,1,0.03754227914615763
1960,2,0.03683082469787612
1960,3,0.04083957368278424
1960,4,0.04131330244969221
1960,5,0.04024195578227998
1960,6,0.03928895137002669
1960,7,0.03039447656920441
1960,8,0.03229945325015755
1960,9,0.03468754260899117
1960,10,0.03417375025064042
1960,11,0.03862439716448708
1960,12,0.03744918439478226
1961,1,0.04221149807102338
1961,2,0.04069909311261773
1961,3,0.04887808866552384
1961,4,0.047764139295751365
1961,5,0.043407626168709745
1961,6,0.04271611591868321
1961,7,0.030201181547289964
1961,8,0.0318805865810302
1961,9,0.03486562689608445
1961,10,0.036298645029916365
1961,11,0.04224842531681075
1961,12,0.04369048501600519
1962,1,0.038494785398312914
1962,2,0.038101685622661245
1962,3,0.04358042577925432
1962,4,0.04032145138436295
1962,5,0.03731504897347883
1962,6,0.029438130168993572
1962,7,0.024419213278882076
1962,8,0.026387137416827737
1962,9,0.028082158478188395
1962,10,0.034424602269531465
1962,11,0.0376375430122949
1962,12,0.038089192878275356
1963,1,0.041611816769444
1963,2,0.04441568705779724
1963,3,0.04912399031355347
1963,4,0.04789331531802177
1963,5,0.04440089143925156
1963,6,0.04131817330007442
1963,7,0.03228610877203014
1963,8,0.03493527855109502
1963,9,0.037261364939663456
1963,10,0.03619522694447561
1963,11,0.03557852084568026
1963,12,0.03835078248168215
1964,1,0.04091772516602757
1964,2,0.040413003291821556
1964,3,0.04548959854347843
1964,4,0.04438276656868418
1964,5,0.039729474424458164
1964,6,0.03474276343581
1964,7,0.027740077647244888
1964,8,0.029085089713587364
1964,9,0.031532672143867506
1964,10,0.036701406444368936
1964,11,0.04088941407203516
1964,12,0.04184385539699026
1965,1,0.04287710665063289
1965,2,0.04610999346511634
1965,3,0.051167650334120796
1965,4,0.05179412458640995
1965,5,0.04530004075232426
1965,6,0.04367593055470224
1965,7,0.033483545251524326
1965,8,0.035514910023092504
1965,9,0.03785216672895716
1965,10,0.03662103202551711
1965,11,0.03491788737581784
1965,12,0.03825203864734544
1966,1,0.046144395210838025
1966,2,0.044694002652627775
1966,3,0.04490267314086304
1966,4,0.045848758495868135
1966,5,0.04710427671009458
1966,6,0.0460902501095027
1966,7,0.035663302232269364
1966,8,0.03599238972733188
1966,9,0.038910370613515835
1966,10,0.03977836481600592
1966,11,0.0488349442872906
1966,12,0.04745996109590896
1967,1,0.037334790986032776
1967,2,0.037436180639568634
1967,3,0.04539143736220966
1967,4,0.04624254742784234
1967,5,0.038557922125587084
1967,6,0.0365245784980342
1967,7,0.027068548570846073
1967,8,0.02812918177637313
1967,9,0.031119645781846103
1967,10,0.03338957637206187
1967,11,0.037815618765701296
1967,12,0.038312532820888284
1968,1,0.03841156499984003
1968,2,0.038408306717220037
1968,3,0.043550673267959736
1968,4,0.039326139227328555
1968,5,0.0336737353048445
1968,6,0.034625242860287925
1968,7,0.028025184944793256
1968,8,0.028689687939490418
1968,9,0.03343154812912808
1968,10,0.03414217050042152
1968,11,0.03899204838680158
1968,12,0.040700831048991366
1969,1,0.037985031927990194
1969,2,0.03708604440830246
1969,3,0.04141936897795662
1969,4,0.0424901316600391
1969,5,0.04033743211386813
1969,6,0.03973378688381098
1969,7,0.03010663891506716
1969,8,0.031676048789803554
1969,9,0.0344613846988006
1969,10,0.034604365195935766
1969,11,0.03894515956785004
1969,12,0.03835637148057
1970,1,0.04637459294833351
1970,2,0.04347811419189169
1970,3,0.04880103766570876
1970,4,0.0474021012848021
1970,5,0.04534915877996025
1970,6,0.04361998832641102
1970,7,0.03170769033744805
1970,8,0.03335946220686457
1970,9,0.03704835026627507
1970,10,0.0383792875691029
1970,11,0.04567924705363004
1970,12,0.04743024336847664
1971,1,0.04115020842722292
1971,2,0.039908909882282476
1971,3,0.047760474369945856
1971,4,0.04804532863671598
1971,5,0.04094254314366942
1971,6,0.03966637263511626
1971,7,0.02877012891241789
1971,8,0.029734885477718728
1971,9,0.03365046410977033
1971,10,0.03514680164486313
1971,11,0.040883267902795783
1971,12,0.042011234903157654
1972,1,0.03797871193280761
1972,2,0.03773032725053999
1972,3,0.046119084047631494
1972,4,0.04631500617019752
1972,5,0.039787516777824744
1972,6,0.03670654539541691
1972,7,0.0284547837759926
1972,8,0.028937857266623533
1972,9,0.032015841893538274
1972,10,0.0337151082748041
1972,11,0.038427301359153905
1972,12,0.038701024764857164
1973,1,0.041720218590776806
1973,2,0.04079760116299206
1973,3,0.04877766527085261
1973,4,0.050335090928725124
1973,5,0.04176587509006393
1973,6,0.037034488788186486
1973,7,0.02790957278146593
1973,8,0.029824183653163003
1973,9,0.032215267119055875
1973,10,0.036627670742176814
1973,11,0.041341479958872114
1973,12,0.04226588996075563
1974,1,0.03831733491952024
1974,2,0.03888850083534977
1974,3,0.043113474574909355
1974,4,0.03921557981342293
1974,5,0.034179832814965345
1974,6,0.035574547211261985
1974,7,0.028949755964328586
1974,8,0.029375892753605214
1974,9,0.033476755651414954
1974,10,0.03500341595228784
1974,11,0.039487553179497446
1974,12,0.04042663168911969
1975,1,0.03909551348776115
1975,2,0.03949582571541136
1975,3,0.042278411314083546
1975,4,0.04171961550189288
1975,5,0.037281066317736436
1975,6,0.03219560661714606
1975,7,0.02679799667159766
1975,8,0.027908198537673592
1975,9,0.03004482357441414
1975,10,0.0345903275724674
1975,11,0.03917959540748099
1975,12,0.04050655851921557
1976,1,0.03768051340803969
1976,2,0.038631307893514245
1976,3,0.04121356827512429
1976,4,0.038360525857567836
1976,5,0.0329675017761934
1976,6,0.033813205602709506
1976,7,0.028948967797462557
1976,8,0.028407267957233504
1976,9,0.032619972089323705
1976,10,0.03475767201298347
1976,11,0.03976341084883691
1976,12,0.03992578359714994
1977,1,0.03835154420487939
1977,2,0.037268428087023714
1977,3,0.03963118473346874
1977,4,0.03790373034641657
1977,5,0.03807695373991637
1977,6,0.035885107205137885
1977,7,0.03478653330001728
1977,8,0.03298809250076768
1977,9,0.034934891909550424
1977,10,0.03439395266686567
1977,11,0.03998526741699405
1977,12,0.03636292422023955
1978,1,0.04345958803652264
1978,2,0.04207488002282677
1978,3,0.045089377398769094
1978,4,0.04469375194986906
1978,5,0.04200414684301755
1978,6,0.03797283365260956
1978,7,0.02921510316877384
1978,8,0.03016272546624369
1978,9,0.032641422193789404
1978,10,0.03781039330732822
1978,11,0.04261939346536972
1978,12,0.04353104396958845
1979,1,0.03614402088125922
1979,2,0.03560038352371696
1979,3,0.039523498722226415
1979,4,0.034285267337100855
1979,5,0.03245623221824786
1979,6,0.03200206005598788
1979,7,0.02901751028155665
1979,8,0.02865267013785287
1979,9,0.030968760931951618
1979,10,0.03399286417245204
1979,11,0.03746622217619967
1979,12,0.037747025556730436
1980,1,0.033963818577505
1980,2,0.03428307498459082
1980,3,0.036574786528540806
1980,4,0.03256153255664136
1980,5,0.03063568502864606
1980,6,0.03100898547512748
1980,7,0.028764152386249957
1980,8,0.02946705939287835
1980,9,0.029591534679877046
1980,10,0.031024307475920224
1980,11,0.03454067092186197
1980,12,0.03546329450797057
1981,1,0.035030806688008564
1981,2,0.03522979329167008
1981,3,0.039567919197568004
1981,4,0.03498942788848413
1981,5,0.03255523246265703
1981,6,0.03247651277895916
1981,7,0.02855601289509129
1981,8,0.02829866002485869
1981,9,0.03137970638100891
1981,10,0.032880887496562296
1981,11,0.03716383478218533
1981,12,0.03744810024276476
1982,1,0.03803051759866045
1982,2,0.038325874837870366
1982,3,0.0465957541388581
1982,4,0.04755031457961376
1982,5,0.0396876982153809
1982,6,0.03689543371565187
1982,7,0.027966851030938704
1982,8,0.028718190744883368
1982,9,0.03183471444715388
1982,10,0.033890919761232645
1982,11,0.03880645385214963
1982,12,0.03902132260106609
1983,1,0.033713235546675116
1983,2,0.03505847029437188
1983,3,0.036696904581764965
1983,4,0.03320498278494069
1983,5,0.03167462565367511
1983,6,0.03164280311395
1983,7,0.029517957079830997
1983,8,0.029918100027940753
1983,9,0.03198793658751149
1983,10,0.031490865891191544
1983,11,0.03484364512069602
1983,12,0.03512990017575871
1984,1,0.0437438331173076
1984,2,0.04178400495893229
1984,3,0.04532772104767864
1984,4,0.04378415672580557
1984,5,0.04098072578819982
1984,6,0.03439541039128551
1984,7,0.02783628055423193
1984,8,0.029367862263843435
1984,9,0.029828424516591383
1984,10,0.037656869183893764
1984,11,0.042004992497656324
1984,12,0.04308593025488507
1985,1,0.03798151486771656
1985,2,0.0375677275005553
1985,3,0.039617246001680394
1985,4,0.038866205701844764
1985,5,0.04086352739319329
1985,6,0.036754272240196534
1985,7,0.03561412568952652
1985,8,0.033899056201541614
1985,9,0.035829752049789616
1985,10,0.03906654697380478
1985,11,0.039813950335219936
1985,12,0.0360292431497709
1986,1,0.027134498476807514
1986,2,0.028886770319684407
1986,3,0.03141014337247123
1986,4,0.03691076300179506
1986,5,0.032020626996325206
1986,6,0.032274999945114104
1986,7,0.02690763699930049
1986,8,0.02705700366542912
1986,9,0.027844726121557657
1986,10,0.026245509154533372
1986,11,0.02578159528864509
1986,12,0.026750282665348055
1987,1,0.039766584817311754
1987,2,0.03880722927716114
1987,3,0.04715197254886789
1987,4,0.046207561388798245
1987,5,0.040873352056273994
1987,6,0.038503722015521186
1987,7,0.028778887894591407
1987,8,0.030006795105005486
1987,9,0.033199059681295356
1987,10,0.034617538013846726
1987,11,0.039418163598421534
1987,12,0.040709011536206256
1988,1,0.04339472802486496
1988,2,0.042054279835764666
1988,3,0.04773469144922324
1988,4,0.05024796562173174
1988,5,0.041580004138771526
1988,6,0.037494328225945193
1988,7,0.02976730644865573
1988,8,0.031034172336825844
1988,9,0.03356964458033402
1988,10,0.03780019725541439
1988,11,0.04346241324363764
1988,12,0.043147728000067005
1989,1,0.047494223832310264
1989,2,0.043866214727820464
1989,3,0.051471311995378397
1989,4,0.049994002676681755
1989,5,0.045721785268692666
1989,6,0.04342912888504933
1989,7,0.03167011199891768
1989,8,0.03347403389414244
1989,9,0.03698757026479394
1989,10,0.038738331003979255
1989,11,0.04548099693110743
1989,12,0.04758020356682733
1990,1,0.03773968810396551
1990,2,0.037696731975214184
1990,3,0.039905033273242456
1990,4,0.03836720527432975
1990,5,0.039450866540629244
1990,6,0.03599631356435404
1990,7,0.03560710454700698
1990,8,0.03356530895678916
1990,9,0.034819779251503265
1990,10,0.03526642473086622
1990,11,0.04115884447485273
1990,12,0.03681014062801281
1991,1,0.037465852228646505
1991,2,0.035947034010929316
1991,3,0.03915896650966476
1991,4,0.03958284700183202
1991,5,0.03993308116428809
1991,6,0.0378180941632467
1991,7,0.03132218281158484
1991,8,0.03204888555469193
1991,9,0.03521028396609528
1991,10,0.03529517564187793
1991,11,0.03949207853627295
1991,12,0.03827900546660626
1992,1,0.04137407268144619
1992,2,0.040938938569642105
1992,3,0.04746846630487497
1992,4,0.048068933441378234
1992,5,0.040864990865494
1992,6,0.0370133192958865
1992,7,0.02904942499904649
1992,8,0.03057960872156077
1992,9,0.03297662083558578
1992,10,0.037159004867205365
1992,11,0.04164136184595011
1992,12,0.04202087089267294
1993,1,0.040037998211313174
1993,2,0.03908656120146249
1993,3,0.04392467656926436
1993,4,0.043834023377925475
1993,5,0.04100675531661309
1993,6,0.03874052135373466
1993,7,0.030665979636697722
1993,8,0.03293650984909598
1993,9,0.03560358366037253
1993,10,0.03595293714210174
1993,11,0.04045393650821988
1993,12,0.040715341050982366
1994,1,0.03780183522300835
1994,2,0.037512769105329566
1994,3,0.040580522691683725
1994,4,0.03902472628300876
1994,5,0.040782816191107525
1994,6,0.03629147960085196
1994,7,0.036317163934303724
1994,8,0.03363114158104546
1994,9,0.03542308421227078
1994,10,0.036471359498039015
1994,11,0.04120331247274562
1994,12,0.03613307768710622
1995,1,0.04346715788268166
1995,2,0.041842340656499395
1995,3,0.046351605233122456
1995,4,0.04767835304831564
1995,5,0.04175340706228284
1995,6,0.03629946370999188
1995,7,0.029389958546780955
1995,8,0.03055805800953346
1995,9,0.0335172561344639
1995,10,0.0372544558689277
1995,11,0.043081700564979605
1995,12,0.04440968851434485
1996,1,0.04223741876587069
1996,2,0.04343092829217906
1996,3,0.05142638869902309
1996,4,0.05061272394520596
1996,5,0.04549544697774539
1996,6,0.044484178373878774
1996,7,0.03290331559149915
1996,8,0.03544622097013949
1996,9,0.03777437948497008
1996,10,0.03591712344248904
1996,11,0.034931977554658045
1996,12,0.0383510728790302
1997,1,0.0401089307090232
1997,2,0.03925614807618286
1997,3,0.04670875664947552
1997,4,0.04736660981450835
1997,5,0.04114696438566161
1997,6,0.03952781421469432
1997,7,0.028355581523880822
1997,8,0.030210242687693466
1997,9,0.03340595545252872
1997,10,0.03497938412469589
1997,11,0.0408161353296065
1997,12,0.04160732957848998
1998,1,0.045943477256663215
1998,2,0.04155562422330362
1998,3,0.04379753144286738
1998,4,0.04399443914197942
1998,5,0.04665802347198318
1998,6,0.04323083604817032
1998,7,0.03439024425175926
1998,8,0.03589198889323956
1998,9,0.03886324643098916
1998,10,0.03946581466100222
1998,11,0.04695294552771957
1998,12,0.046561937067540214
1999,1,0.037460054337594965
1999,2,0.03686821763045157
1999,3,0.04000725987174623
1999,4,0.03471804451737317
1999,5,0.03344044761187013
1999,6,0.03340676777974717
1999,7,0.029355441883019574
1999,8,0.029492548308712094
1999,9,0.0323293719841826
1999,10,0.03429558223242442
1999,11,0.0388035156429133
1999,12,0.039335077469047616
