lat_r,lon_r,cluster
10.6,92.4,977
10.6,92.5,1214
10.7,92.4,977
10.7,92.5,1214
10.8,92.4,1906
10.8,92.5,1906
10.9,92.5,1906
11.6,92.7,767
11.7,92.6,767
12.3,92.8,1265
12.4,92.8,1590
12.5,92.8,1590
12.5,92.9,566
12.6,92.9,566
12.9,92.7,537
13.0,92.7,1479
13.0,92.8,1479
13.1,92.8,86
13.1,92.9,86
13.1,93.0,6
13.2,92.9,6
13.2,93.0,6
13.3,92.9,414
13.3,93.0,414
13.4,92.9,414
13.4,93.0,414
13.5,92.9,143
13.5,93.0,143
13.6,93.0,143
13.7,93.0,143
6.9,93.8,1705
7.0,93.8,1705
7.0,93.9,1705
7.1,93.7,1705
7.1,93.8,1705
7.1,93.9,1705
7.2,93.7,1705
7.2,93.8,1705
7.4,93.7,1705
8.0,93.4,28
8.1,93.5,28
8.2,93.5,28
9.2,92.8,1093
12.6,92.8,566
12.7,92.8,566
12.7,92.9,566
12.8,92.8,1021
12.8,92.9,1021
12.9,92.8,1021
12.9,92.9,1021
8.3,93.1,28
12.4,92.7,1590
11.8,92.6,767
11.8,92.7,767
11.9,92.6,1849
11.9,92.7,1849
12.0,92.6,1849
12.0,92.7,1849
12.1,92.7,1849
12.2,92.7,1265
12.2,92.8,1265
12.0,93.0,247
12.3,93.1,247
11.4,92.6,767
24.2,92.5,517
24.3,92.3,121
24.3,92.4,121
24.3,92.5,517
24.3,92.6,517
24.4,92.3,121
24.4,92.4,121
24.4,92.5,1839
24.4,92.6,1839
24.4,92.7,1542
24.4,92.9,40
24.4,93.0,40
24.5,92.3,121
24.5,92.4,50
24.5,92.5,1839
24.5,92.6,1542
24.5,92.7,1542
24.5,92.8,1172
24.5,92.9,40
24.5,93.0,40
24.6,92.3,1797
24.6,92.4,50
24.6,92.6,503
24.6,92.7,503
24.6,92.8,1172
24.6,92.9,1172
24.6,93.0,877
24.7,92.3,1797
24.7,92.4,1797
24.7,92.5,50
24.7,92.6,503
24.7,92.7,503
24.7,92.8,915
24.7,92.9,915
24.7,93.0,877
24.7,93.1,877
24.8,92.5,379
24.8,92.6,379
24.8,92.7,915
24.8,92.8,915
24.8,92.9,915
24.8,93.0,1243
24.8,93.1,1243
24.9,92.6,379
24.9,92.7,379
24.9,92.8,830
24.9,92.9,830
24.9,93.0,1243
24.9,93.1,1243
24.9,93.2,154
25.0,92.5,379
25.0,92.6,379
25.0,92.7,379
25.0,92.8,830
25.0,92.9,830
25.0,93.0,126
25.0,93.1,154
25.0,93.2,154
25.1,92.7,830
25.1,92.8,830
25.1,92.9,830
25.1,93.0,126
25.1,93.1,126
25.1,93.2,1269
25.2,92.8,460
25.2,92.9,460
25.2,93.0,126
25.2,93.2,1269
25.2,93.3,1269
25.3,92.8,460
25.3,93.1,104
25.4,92.8,1468
25.4,92.9,460
25.4,93.2,1576
25.5,93.0,629
25.5,93.1,589
25.5,93.2,589
25.5,93.3,1558
25.6,89.9,1047
25.6,92.5,344
25.6,93.0,1928
25.6,93.1,1020
25.6,93.2,1739
25.6,93.3,1558
25.6,93.4,1558
25.7,92.2,285
25.7,92.5,344
25.7,92.7,266
25.7,92.8,1166
25.7,92.9,1166
25.7,93.2,1739
25.7,93.3,1433
25.7,93.4,1433
25.8,92.2,285
25.8,92.3,285
25.8,92.4,285
25.8,92.5,855
25.8,92.8,226
25.8,92.9,1166
25.8,93.2,1351
25.8,93.3,1433
25.8,93.4,1433
25.8,93.6,1396
25.8,93.8,1812
25.9,89.9,183
25.9,90.0,183
25.9,91.0,1354
25.9,91.1,1354
25.9,93.3,685
25.9,93.5,1396
25.9,93.6,1396
26.0,89.9,183
26.0,90.0,183
26.0,90.1,316
26.0,90.2,316
26.0,90.3,1478
26.0,90.4,1478
26.0,90.5,1001
26.0,90.8,1207
26.0,90.9,1207
26.0,91.0,1354
26.0,91.9,1186
26.0,92.6,1025
26.0,92.8,1682
26.0,92.9,130
26.0,93.0,130
26.0,93.1,438
26.1,89.9,1208
26.1,90.0,1124
26.1,90.1,316
26.1,90.2,316
26.1,90.3,1478
26.1,90.4,1478
26.1,90.5,1001
26.1,90.6,1001
26.1,90.7,1001
26.1,90.8,911
26.1,90.9,911
26.1,91.0,1732
26.1,92.0,1186
26.1,92.1,1489
26.1,92.2,1489
26.1,92.6,135
26.1,92.7,1682
26.1,92.9,1348
26.1,93.0,1348
26.1,93.1,916
26.2,89.9,1208
26.2,90.0,1124
26.2,90.1,316
26.2,90.2,316
26.2,90.4,1478
26.2,90.6,1001
26.2,90.7,1001
26.2,90.8,911
26.2,91.0,1710
26.2,91.1,1710
26.2,91.2,1654
26.2,91.3,1654
26.2,92.0,180
26.2,92.1,180
26.2,92.2,580
26.2,92.3,580
26.2,92.4,363
26.2,93.0,1348
26.2,93.1,916
26.3,89.9,1011
26.3,90.0,1950
26.3,90.1,1950
26.3,90.2,142
26.3,90.3,142
26.3,90.4,576
26.3,90.5,576
26.3,90.6,576
26.3,90.7,743
26.3,90.8,743
26.3,90.9,294
26.3,91.3,452
26.3,91.4,452
26.3,92.0,180
26.3,92.1,180
26.3,92.2,580
26.3,92.3,580
26.3,92.4,1787
26.3,92.6,636
26.3,92.7,636
26.3,92.8,1954
26.3,92.9,1954
26.3,93.1,1436
26.3,93.2,874
26.4,89.9,1011
26.4,90.0,753
26.4,90.1,753
26.4,90.2,142
26.4,90.3,142
26.4,90.4,576
26.4,90.5,576
26.4,90.6,576
26.4,90.7,743
26.4,90.8,743
26.4,90.9,294
26.4,91.3,452
26.4,91.4,1734
26.4,92.0,1045
26.4,92.1,1045
26.4,92.2,737
26.4,92.3,737
26.4,92.4,58
26.4,92.6,441
26.4,92.7,441
26.4,92.8,1954
26.4,92.9,98
26.4,93.1,159
26.5,90.0,753
26.5,90.1,753
26.5,90.2,549
26.5,90.3,549
26.5,90.5,1335
26.5,90.6,1335
26.5,90.7,743
26.5,90.8,743
26.5,91.2,156
26.5,91.3,156
26.5,91.4,1263
26.5,92.1,1045
26.5,92.2,737
26.5,92.3,737
26.5,92.5,997
26.5,92.6,441
26.5,92.7,441
26.5,92.8,441
26.5,92.9,98
26.6,89.9,1806
26.6,90.0,1806
26.6,90.1,549
26.6,90.3,549
26.6,90.4,1335
26.6,90.5,1335
26.6,90.6,69
26.6,90.7,1192
26.6,91.0,1694
26.6,91.2,1073
26.6,91.3,1073
26.6,91.4,1263
26.6,92.0,489
26.6,92.1,1466
26.6,92.2,1466
26.6,92.3,332
26.6,92.6,441
26.6,92.7,441
26.6,92.9,932
26.6,93.0,699
26.6,93.1,230
26.6,93.2,230
26.7,90.0,1806
26.7,90.1,1042
26.7,90.2,1042
26.7,90.3,1042
26.7,90.4,1965
26.7,90.5,69
26.7,90.6,69
26.7,90.7,1192
26.7,91.3,1073
26.7,91.4,608
26.7,91.5,608
26.7,92.3,1183
26.7,92.4,1608
26.7,92.7,1215
26.7,92.8,932
26.7,92.9,932
26.7,93.0,699
26.7,93.1,699
26.7,93.2,330
26.7,93.3,330
26.7,93.4,1060
26.7,94.0,80
26.7,94.1,80
26.8,90.3,1042
26.8,90.4,1965
26.8,90.5,395
26.8,91.5,608
26.8,92.2,1183
26.8,92.3,1183
26.8,92.4,1608
26.8,92.5,1608
26.8,92.7,1215
26.8,92.8,932
26.8,92.9,932
26.8,93.2,330
26.8,94.0,80
26.8,94.1,80
26.8,94.5,1934
26.8,94.6,1934
26.9,92.6,1215
26.9,92.7,1215
26.9,94.0,660
26.9,94.1,1672
26.9,94.5,1158
26.9,94.6,1158
26.9,94.7,1481
26.9,94.8,628
27.0,94.7,1481
27.0,94.9,1293
27.3,95.7,1071
27.3,95.8,282
27.4,95.8,394
27.5,95.0,686
27.5,95.1,686
27.5,95.2,686
27.5,95.3,132
27.5,95.4,288
27.5,95.5,288
27.5,95.6,520
27.5,95.7,520
27.5,95.8,394
27.6,94.8,56
27.6,94.9,56
27.6,95.0,891
27.6,95.1,686
27.6,95.2,132
27.6,95.3,132
27.6,95.4,288
27.6,95.5,288
27.6,95.6,520
27.6,95.7,520
27.7,94.9,891
27.7,95.0,891
27.7,95.1,941
27.7,95.2,941
27.7,95.3,132
27.7,95.4,1459
27.7,95.5,1459
27.7,95.6,1459
27.7,95.7,520
27.8,95.3,941
27.8,95.4,1459
27.8,95.5,1459
27.8,95.6,1459
27.8,95.7,630
27.8,95.8,630
27.9,95.6,1314
27.9,95.8,630
27.9,95.9,1104
24.6,92.5,50
24.8,92.3,1797
24.8,92.4,1797
24.9,92.5,379
25.1,93.3,1269
25.2,93.1,126
25.3,92.9,460
25.3,93.0,104
25.3,93.2,1576
25.3,93.3,1363
25.3,93.4,1363
25.4,92.7,1468
25.4,93.0,629
25.4,93.1,104
25.4,93.3,1363
25.4,93.4,1363
25.5,92.7,1468
25.5,92.8,513
25.5,92.9,1118
25.6,92.6,266
25.6,92.7,266
25.6,92.8,513
25.6,92.9,1118
25.7,91.2,626
25.7,92.3,285
25.7,92.6,266
25.7,93.0,1928
25.7,93.1,1928
25.7,93.5,1396
25.8,89.9,183
25.8,91.1,1354
25.8,91.3,626
25.8,92.6,855
25.8,92.7,226
25.8,93.0,1351
25.8,93.1,1351
25.8,93.5,1396
25.9,91.2,626
25.9,91.3,626
25.9,91.4,626
25.9,91.5,641
25.9,91.7,554
25.9,92.2,285
25.9,92.3,285
25.9,92.4,614
25.9,92.5,614
25.9,92.6,1025
25.9,92.7,226
25.9,92.8,226
25.9,92.9,130
25.9,93.0,438
25.9,93.1,438
25.9,93.2,1351
25.9,93.4,685
25.9,93.7,1812
25.9,93.9,1963
26.0,90.6,1001
26.0,90.7,1001
26.0,91.1,1354
26.0,91.2,626
26.0,91.3,626
26.0,91.4,641
26.0,91.5,641
26.0,91.6,1086
26.0,91.7,1086
26.0,92.3,1489
26.0,92.4,614
26.0,92.5,614
26.0,92.7,1682
26.0,93.2,916
26.0,93.3,1872
26.0,93.4,1872
26.0,93.5,1604
26.0,93.6,1604
26.0,93.7,1812
26.0,93.8,1812
26.0,93.9,1963
26.1,89.8,1208
26.1,91.1,1710
26.1,91.2,1654
26.1,91.3,1654
26.1,91.4,641
26.1,91.5,641
26.1,91.6,1889
26.1,91.7,1889
26.1,91.8,1186
26.1,91.9,1186
26.1,92.3,1489
26.1,92.4,363
26.1,92.5,135
26.1,92.8,1682
26.1,93.2,916
26.1,93.3,1686
26.1,93.4,1686
26.1,93.5,1604
26.1,93.6,1604
26.1,93.7,291
26.1,93.8,1325
26.1,93.9,1325
26.2,89.8,1208
26.2,90.3,1478
26.2,90.5,1001
26.2,90.9,911
26.2,91.4,1654
26.2,91.5,1374
26.2,91.6,1374
26.2,91.7,1374
26.2,91.8,1186
26.2,91.9,1186
26.2,92.5,363
26.2,92.6,636
26.2,92.7,636
26.2,92.8,1954
26.2,92.9,1348
26.2,93.2,916
26.2,93.3,1686
26.2,93.4,1686
26.2,93.5,1604
26.2,93.6,291
26.2,93.7,291
26.2,93.8,1325
26.2,93.9,1325
26.2,94.0,1325
26.3,89.8,1011
26.3,91.0,294
26.3,91.1,294
26.3,91.2,452
26.3,91.6,1374
26.3,91.7,1374
26.3,91.8,1303
26.3,91.9,180
26.3,92.5,1787
26.3,93.0,1436
26.3,93.3,874
26.3,93.4,124
26.3,93.5,124
26.3,93.6,291
26.3,93.7,291
26.3,93.8,1325
26.3,93.9,1325
26.3,94.0,894
26.3,94.1,894
26.4,91.0,294
26.4,91.1,294
26.4,91.2,156
26.4,91.6,1734
26.4,91.7,1303
26.4,91.8,1303
26.4,91.9,1303
26.4,92.5,58
26.4,93.0,98
26.4,93.2,874
26.4,93.3,1358
26.4,93.4,124
26.4,93.5,943
26.4,93.6,943
26.4,93.7,532
26.4,93.8,532
26.4,93.9,893
26.4,94.0,894
26.4,94.1,894
26.5,89.9,1806
26.5,90.4,1335
26.5,90.9,1555
26.5,91.0,1694
26.5,91.1,156
26.5,91.6,1142
26.5,91.7,1303
26.5,91.8,1303
26.5,91.9,1303
26.5,92.0,1045
26.5,92.4,997
26.5,93.0,98
26.5,93.1,159
26.5,93.2,404
26.5,93.3,1358
26.5,93.4,380
26.5,93.5,943
26.5,93.6,943
26.5,93.7,532
26.5,93.8,532
26.5,93.9,893
26.5,94.0,893
26.5,94.1,1275
26.5,94.2,1275
26.5,94.3,593
26.5,94.4,593
26.6,90.2,549
26.6,90.8,1192
26.6,90.9,1555
26.6,91.1,1694
26.6,91.6,1142
26.6,91.7,1142
26.6,91.8,1905
26.6,91.9,489
26.6,92.4,997
26.6,92.5,997
26.6,92.8,932
26.6,93.3,380
26.6,93.4,380
26.6,93.5,1060
26.6,93.7,1448
26.6,93.8,1996
26.6,93.9,893
26.6,94.0,893
26.6,94.1,1275
26.6,94.2,1275
26.6,94.4,1581
26.7,90.8,1192
26.7,90.9,712
26.7,91.0,712
26.7,91.1,1073
26.7,91.2,1073
26.7,91.6,1142
26.7,91.7,1905
26.7,91.8,1905
26.7,91.9,489
26.7,92.1,1466
26.7,92.2,1466
26.7,92.5,1608
26.7,92.6,1215
26.7,93.6,1448
26.7,93.7,1448
26.7,93.8,1996
26.7,93.9,1996
26.7,94.2,1829
26.7,94.5,1934
26.7,94.6,1934
26.8,92.0,489
26.8,92.1,1466
26.8,92.6,1215
26.8,93.0,699
26.8,93.1,699
26.8,93.3,330
26.8,93.4,123
26.8,93.6,1876
26.8,93.7,1876
26.8,93.8,1996
26.8,93.9,660
26.8,94.7,1481
26.8,94.8,628
26.9,93.6,1876
26.9,93.7,1876
26.9,93.8,660
26.9,93.9,660
26.9,94.3,90
26.9,94.4,90
26.9,95.0,1044
27.0,93.9,444
27.0,94.0,1672
27.0,94.1,1672
27.0,94.2,1591
27.0,94.4,1591
27.0,94.5,1158
27.0,94.6,1158
27.0,94.8,1293
27.0,95.0,1044
27.0,95.1,1044
27.1,93.9,1752
27.1,94.0,1752
27.1,94.1,1672
27.1,94.3,1591
27.1,94.4,1591
27.1,94.5,1158
27.1,94.6,505
27.1,94.7,505
27.1,94.8,1431
27.1,94.9,1431
27.1,95.0,917
27.1,95.1,917
27.1,95.2,1384
27.1,95.3,1384
27.1,95.4,1242
27.2,94.3,1437
27.2,94.4,1094
27.2,94.5,1094
27.2,94.6,505
27.2,94.7,505
27.2,94.8,1431
27.2,94.9,1004
27.2,95.0,917
27.2,95.1,917
27.2,95.2,1252
27.2,95.3,1252
27.2,95.4,759
27.2,95.6,1071
27.3,94.3,1437
27.3,94.4,1094
27.3,94.5,1094
27.3,94.6,505
27.3,94.7,505
27.3,94.8,1004
27.3,94.9,1004
27.3,95.0,1004
27.3,95.1,1713
27.3,95.2,1252
27.3,95.3,1252
27.3,95.4,759
27.3,95.5,759
27.3,95.6,1071
27.3,95.9,282
27.4,94.2,171
27.4,94.3,1437
27.4,94.4,1437
27.4,94.5,193
27.4,94.6,193
27.4,94.8,1900
27.4,94.9,1900
27.4,95.0,1713
27.4,95.1,1713
27.4,95.2,1713
27.4,95.3,759
27.4,95.5,759
27.4,95.6,1131
27.4,95.7,1131
27.5,94.3,191
27.5,94.4,191
27.5,94.5,193
27.5,94.6,193
27.5,94.7,788
27.5,94.8,1900
27.5,94.9,1900
27.6,94.7,788
27.9,95.7,630
26.3,91.5,1734
26.4,91.5,1734
26.5,91.5,1263
26.6,91.5,1263
27.1,94.2,1591
27.2,94.0,202
27.2,94.1,202
27.2,94.2,989
27.3,94.1,989
27.3,94.2,989
26.7,92.0,489
27.4,95.4,759
26.6,93.6,1448
26.6,94.3,593
26.7,93.5,1060
26.7,94.3,1957
26.7,94.4,1957
26.8,93.5,123
26.8,94.2,1829
26.8,94.3,1957
26.8,94.4,1957
26.9,93.5,123
26.9,94.2,90
27.0,94.3,1591
27.4,94.7,788
25.9,93.8,1812
24.4,84.4,739
24.4,84.5,739
24.4,84.9,251
24.4,86.4,1018
24.5,84.1,1173
24.5,84.3,739
24.5,84.4,739
24.5,84.5,739
24.5,84.6,1546
24.5,84.7,1546
24.5,84.9,251
24.5,85.0,251
24.5,85.1,1833
24.5,85.2,1833
24.5,86.3,1018
24.5,86.4,1018
24.6,83.6,1052
24.6,83.7,1052
24.6,83.8,229
24.6,83.9,75
24.6,84.1,1173
24.6,84.2,1173
24.6,84.3,1998
24.6,84.4,739
24.6,84.5,739
24.6,84.6,1546
24.6,84.7,1546
24.6,84.8,1546
24.6,84.9,506
24.6,85.0,506
24.6,85.1,1833
24.6,85.2,960
24.6,85.3,721
24.6,85.4,721
24.6,85.5,10
24.6,85.6,1749
24.6,86.3,1018
24.6,86.4,1018
24.6,86.5,1697
24.6,86.7,658
24.6,86.8,658
24.7,83.5,302
24.7,83.6,302
24.7,83.7,229
24.7,83.8,229
24.7,83.9,75
24.7,84.0,75
24.7,84.1,1173
24.7,84.2,1173
24.7,84.3,1998
24.7,84.4,1998
24.7,84.5,796
24.7,84.6,1546
24.7,84.7,1546
24.7,84.8,595
24.7,84.9,595
24.7,85.0,595
24.7,85.1,1395
24.7,85.2,1395
24.7,85.3,721
24.7,85.5,10
24.7,85.6,1749
24.7,86.2,375
24.7,86.3,375
24.7,86.4,1697
24.7,86.5,1697
24.7,86.6,1697
24.7,86.7,658
24.7,86.8,658
24.7,86.9,173
24.7,87.0,173
24.8,83.4,302
24.8,83.5,302
24.8,83.6,302
24.8,83.7,930
24.8,83.8,930
24.8,83.9,75
24.8,84.0,75
24.8,84.1,1173
24.8,84.2,1998
24.8,84.3,1998
24.8,84.4,796
24.8,84.5,796
24.8,84.6,796
24.8,84.9,595
24.8,85.0,752
24.8,85.1,752
24.8,85.2,1395
24.8,85.3,1605
24.8,85.6,256
24.8,85.7,256
24.8,85.9,785
24.8,86.0,785
24.8,86.1,1931
24.8,86.2,375
24.8,86.3,375
24.8,86.4,375
24.8,86.5,1697
24.8,86.6,944
24.8,86.7,944
24.8,86.8,173
24.8,86.9,173
24.8,87.0,173
24.9,83.4,1771
24.9,83.5,1771
24.9,83.6,1771
24.9,83.7,82
24.9,83.8,82
24.9,83.9,1521
24.9,84.0,1521
24.9,84.1,1521
24.9,84.2,231
24.9,84.3,284
24.9,84.4,284
24.9,84.5,796
24.9,84.6,163
24.9,84.8,163
24.9,84.9,400
24.9,85.0,752
24.9,85.1,752
24.9,85.2,1605
24.9,85.3,1605
24.9,85.4,1653
24.9,85.8,1741
24.9,85.9,785
24.9,86.0,785
24.9,86.1,1931
24.9,86.2,1931
24.9,86.3,375
24.9,86.4,1297
24.9,86.5,1297
24.9,86.6,944
24.9,86.7,944
24.9,86.8,1451
24.9,86.9,1451
24.9,87.0,1067
24.9,87.1,205
25.0,83.4,1771
25.0,83.5,1771
25.0,83.6,1771
25.0,83.7,82
25.0,83.8,82
25.0,83.9,1521
25.0,84.0,1521
25.0,84.1,231
25.0,84.2,231
25.0,84.3,284
25.0,84.4,284
25.0,84.5,284
25.0,84.8,163
25.0,84.9,400
25.0,85.0,400
25.0,85.1,1261
25.0,85.2,1261
25.0,85.3,644
25.0,85.4,1653
25.0,85.5,1113
25.0,85.6,1113
25.0,85.7,1741
25.0,85.8,1741
25.0,85.9,785
25.0,86.0,785
25.0,86.2,1588
25.0,86.3,1588
25.0,86.4,1297
25.0,86.5,1297
25.0,86.6,1297
25.0,86.7,881
25.0,86.8,881
25.0,86.9,1451
25.0,87.0,1067
25.0,87.1,205
25.1,83.4,1133
25.1,83.5,1133
25.1,83.6,354
25.1,83.7,354
25.1,83.8,354
25.1,83.9,611
25.1,84.0,1521
25.1,84.1,231
25.1,84.2,231
25.1,84.3,780
25.1,84.4,780
25.1,84.5,780
25.1,84.8,1283
25.1,84.9,400
25.1,85.0,400
25.1,85.1,1261
25.1,85.2,1261
25.1,85.3,644
25.1,85.4,644
25.1,85.5,1113
25.1,85.6,1113
25.1,85.7,1113
25.1,85.8,720
25.1,85.9,720
25.1,86.2,1588
25.1,86.3,1588
25.1,86.4,607
25.1,86.5,607
25.1,86.6,1253
25.1,86.7,881
25.1,86.8,881
25.1,86.9,30
25.1,87.0,1002
25.1,87.1,1002
25.2,83.4,1133
25.2,83.5,1133
25.2,83.6,354
25.2,83.7,354
25.2,83.8,354
25.2,83.9,611
25.2,84.0,611
25.2,84.1,1310
25.2,84.2,1310
25.2,84.3,780
25.2,84.4,780
25.2,84.5,780
25.2,84.7,136
25.2,84.8,172
25.2,84.9,1135
25.2,85.0,1135
25.2,85.1,1135
25.2,85.2,644
25.2,85.3,644
25.2,85.4,644
25.2,85.5,784
25.2,85.6,784
25.2,85.7,1932
25.2,85.8,720
25.2,85.9,720
25.2,86.1,144
25.2,86.3,706
25.2,86.4,607
25.2,86.5,546
25.2,86.6,1253
25.2,86.7,1701
25.2,86.8,1701
25.2,86.9,30
25.2,87.0,30
25.2,87.1,1002
25.2,87.3,1331
25.3,83.5,1133
25.3,83.6,354
25.3,83.7,1956
25.3,83.8,1956
25.3,83.9,611
25.3,84.0,611
25.3,84.1,1310
25.3,84.2,1310
25.3,84.3,1310
25.3,84.4,780
25.3,84.7,172
25.3,84.8,172
25.3,84.9,1135
25.3,85.0,1135
25.3,85.1,1135
25.3,85.2,972
25.3,85.3,972
25.3,85.4,784
25.3,85.5,784
25.3,85.6,784
25.3,85.7,1932
25.3,85.8,1932
25.3,85.9,1019
25.3,86.1,1328
25.3,86.2,1328
25.3,86.3,706
25.3,86.4,1878
25.3,86.5,546
25.3,86.6,546
25.3,86.7,1701
25.3,86.8,1701
25.3,86.9,1234
25.3,87.0,30
25.3,87.2,1331
25.3,87.3,1331
25.3,87.4,1331
25.3,87.7,1026
25.3,87.8,1026
25.4,83.7,1956
25.4,83.8,1956
25.4,83.9,1956
25.4,84.0,147
25.4,84.1,147
25.4,84.2,1310
25.4,84.3,15
25.4,84.4,15
25.4,84.7,172
25.4,84.8,172
25.4,84.9,462
25.4,85.0,462
25.4,85.1,462
25.4,85.2,972
25.4,85.4,972
25.4,85.5,784
25.4,85.6,1703
25.4,85.7,1703
25.4,85.8,1932
25.4,86.1,1328
25.4,86.2,1328
25.4,86.3,1179
25.4,86.4,1893
25.4,86.5,1309
25.4,86.6,1309
25.4,86.7,31
25.4,86.8,31
25.4,86.9,1234
25.4,87.0,1391
25.4,87.2,1391
25.4,87.3,1331
25.4,87.4,1331
25.4,87.5,638
25.4,87.6,638
25.4,87.7,1026
25.5,83.9,147
25.5,84.0,147
25.5,84.1,147
25.5,84.2,996
25.5,84.3,15
25.5,84.4,1117
25.5,84.6,325
25.5,84.7,325
25.5,84.8,1301
25.5,84.9,1301
25.5,85.0,462
25.5,85.1,462
25.5,85.2,972
25.5,85.5,417
25.5,85.6,1930
25.5,85.7,1930
25.5,85.8,1930
25.5,86.0,1019
25.5,86.1,1684
25.5,86.2,1684
25.5,86.3,1179
25.5,86.4,1179
25.5,86.5,1309
25.5,86.6,1309
25.5,86.7,31
25.5,86.8,963
25.5,86.9,963
25.5,87.0,927
25.5,87.2,206
25.5,87.3,206
25.5,87.4,638
25.5,87.5,638
25.5,87.6,638
25.5,87.7,1924
25.5,87.8,1924
25.6,84.0,147
25.6,84.1,459
25.6,84.2,996
25.6,84.3,197
25.6,84.6,325
25.6,84.7,325
25.6,84.8,1301
25.6,84.9,672
25.6,85.0,672
25.6,85.1,1061
25.6,85.2,1061
25.6,85.4,417
25.6,85.6,1930
25.6,85.7,1930
25.6,86.0,1441
25.6,86.1,1684
25.6,86.2,1684
25.6,86.3,1179
25.6,86.4,656
25.6,86.5,258
25.6,86.6,258
25.6,86.7,955
25.6,86.8,963
25.6,86.9,963
25.6,87.1,927
25.6,87.2,206
25.6,87.3,1645
25.6,87.4,1645
25.6,87.5,1302
25.6,87.6,1302
25.6,87.7,1924
25.6,87.8,1924
25.6,87.9,365
25.6,88.0,365
25.7,84.1,459
25.7,84.6,84
25.7,84.7,84
25.7,84.8,84
25.7,84.9,672
25.7,85.0,1886
25.7,85.1,1061
25.7,85.4,417
25.7,85.5,417
25.7,85.6,833
25.7,85.7,833
25.7,86.0,1441
25.7,86.1,1532
25.7,86.2,1532
25.7,86.3,656
25.7,86.4,656
25.7,86.5,258
25.7,86.6,258
25.7,86.7,955
25.7,86.8,955
25.7,86.9,1482
25.7,87.1,1510
25.7,87.2,1510
25.7,87.3,1645
25.7,87.4,1645
25.7,87.5,1302
25.7,87.6,1302
25.7,87.7,928
25.7,87.8,928
25.7,87.9,365
25.7,88.0,365
25.8,84.7,84
25.8,84.8,84
25.8,84.9,1886
25.8,85.0,1886
25.8,85.1,1886
25.8,85.2,1027
25.8,85.3,1046
25.8,85.4,1046
25.8,85.5,279
25.8,85.6,833
25.8,85.7,833
25.8,86.1,1532
25.8,86.2,1532
25.8,86.3,656
25.8,86.4,656
25.8,86.5,258
25.8,86.6,258
25.8,86.7,1774
25.8,86.8,1774
25.8,86.9,1482
25.8,87.1,1510
25.8,87.2,168
25.8,87.3,168
25.8,87.4,1665
25.8,87.5,1665
25.8,87.6,1665
25.8,87.7,928
25.8,87.8,928
25.9,84.5,1009
25.9,84.6,1009
25.9,84.7,1009
25.9,84.8,1009
25.9,84.9,1022
25.9,85.0,1022
25.9,85.1,1022
25.9,85.2,1819
25.9,85.3,1046
25.9,85.4,1046
25.9,85.5,279
25.9,85.6,1508
25.9,85.7,1508
25.9,86.1,478
25.9,86.2,1647
25.9,86.3,1647
25.9,86.4,1915
25.9,86.5,1915
25.9,86.6,1915
25.9,86.7,1774
25.9,86.8,1774
25.9,86.9,1119
25.9,87.0,1119
25.9,87.1,1587
25.9,87.2,1587
25.9,87.3,168
25.9,87.4,1665
25.9,87.5,1665
25.9,87.6,1665
25.9,87.7,928
26.0,84.3,527
26.0,84.4,527
26.0,84.5,527
26.0,84.6,1009
26.0,84.7,1009
26.0,84.8,1675
26.0,84.9,1022
26.0,85.0,1022
26.0,85.3,1819
26.0,85.4,1819
26.0,85.5,220
26.0,85.6,220
26.0,86.0,478
26.0,86.1,1863
26.0,86.2,1647
26.0,86.3,1647
26.0,86.4,1477
26.0,86.5,1915
26.0,86.6,1915
26.0,86.7,538
26.0,86.8,862
26.0,87.0,900
26.0,87.1,949
26.0,87.2,949
26.0,87.3,1817
26.0,87.4,1817
26.0,87.5,1359
26.0,87.6,1359
26.0,87.7,668
26.0,87.8,668
26.1,84.1,174
26.1,84.2,1860
26.1,84.3,1860
26.1,84.4,527
26.1,84.5,527
26.1,84.6,1009
26.1,84.7,1675
26.1,84.8,1675
26.1,85.5,880
26.1,86.1,1863
26.1,86.2,1863
26.1,86.3,1477
26.1,86.4,1477
26.1,86.5,1477
26.1,86.6,538
26.1,86.7,538
26.1,87.0,900
26.1,87.1,900
26.1,87.2,653
26.1,87.3,653
26.1,87.4,1817
26.1,87.5,1359
26.1,87.6,1359
26.1,87.7,668
26.1,87.8,668
26.2,84.0,1935
26.2,84.1,174
26.2,84.4,504
26.2,84.5,504
26.2,85.5,880
26.2,86.1,1217
26.2,86.2,907
26.2,86.3,320
26.2,86.4,320
26.2,86.5,570
26.2,86.6,538
26.2,86.7,538
26.2,87.0,857
26.2,87.1,293
26.2,87.2,293
26.2,87.3,653
26.2,87.4,1655
26.2,87.5,131
26.2,87.6,131
26.2,87.7,668
26.2,87.8,668
26.2,87.9,1813
26.2,88.0,1813
26.3,84.3,1224
26.3,84.4,504
26.3,84.5,504
26.3,84.6,647
26.3,84.7,1457
26.3,85.3,819
26.3,85.4,427
26.3,85.5,922
26.3,86.2,907
26.3,86.3,1185
26.3,86.4,1185
26.3,86.5,570
26.3,86.6,570
26.3,86.7,1679
26.3,86.8,1679
26.3,86.9,857
26.3,87.0,857
26.3,87.1,293
26.3,87.2,293
26.3,87.3,1655
26.3,87.4,1655
26.3,87.5,1655
26.3,87.6,850
26.3,87.7,850
26.3,87.8,1714
26.3,87.9,1776
26.3,88.0,1776
26.3,88.1,1614
26.3,88.2,1614
26.4,84.3,1224
26.4,84.4,1224
26.4,84.5,647
26.4,85.3,986
26.4,85.4,986
26.4,85.5,922
26.4,86.1,471
26.4,86.2,907
26.4,86.3,1185
26.4,86.4,1185
26.4,86.5,570
26.4,86.6,570
26.4,86.7,18
26.4,86.8,18
26.4,86.9,268
26.4,87.0,268
26.4,87.1,293
26.4,87.2,293
26.4,87.5,1655
26.4,87.6,850
26.4,87.7,850
26.4,87.8,1714
26.4,87.9,1714
26.4,88.1,871
26.4,88.2,1614
26.5,83.9,261
26.5,84.0,261
26.5,84.3,486
26.5,84.4,486
26.5,84.5,486
26.5,84.6,647
26.5,84.7,78
26.5,85.3,986
26.5,85.4,986
26.5,85.5,479
26.5,85.8,1708
26.5,85.9,378
26.5,86.0,897
26.5,86.1,1795
26.5,86.2,1795
26.5,86.3,887
26.5,86.4,887
26.5,86.5,887
26.5,86.9,268
26.5,87.0,268
26.6,84.3,935
26.6,84.4,486
26.6,84.5,486
26.6,84.6,918
26.6,85.2,1966
26.6,85.3,292
26.6,85.4,292
26.6,85.8,673
26.6,85.9,673
26.6,86.0,897
26.6,86.1,1795
26.6,86.2,1920
26.6,86.3,1920
26.7,84.4,935
26.7,84.5,935
26.7,84.6,918
26.7,85.0,1418
26.7,85.1,1966
26.7,85.2,1966
26.7,85.3,292
26.7,85.4,292
26.8,84.3,1595
26.8,84.4,1595
26.8,84.5,1595
26.8,84.6,918
26.8,84.7,918
26.8,84.8,846
26.8,84.9,416
26.8,85.0,1028
26.8,85.1,1028
26.8,85.4,292
26.9,84.2,442
26.9,84.3,1435
26.9,84.4,1595
26.9,84.5,1595
26.9,84.6,969
26.9,84.7,969
26.9,84.8,846
26.9,84.9,416
26.9,85.0,416
27.0,84.1,442
27.0,84.2,442
27.0,84.3,1435
27.0,84.4,1435
27.0,84.5,1435
27.0,84.6,969
27.0,84.7,969
27.0,84.8,969
27.1,84.1,299
27.1,84.2,299
27.1,84.3,148
27.1,84.4,148
27.1,84.5,411
27.1,84.6,411
27.2,84.0,1197
27.2,84.1,1197
27.2,84.2,299
27.2,84.3,148
27.2,84.4,148
27.2,84.5,411
27.2,84.6,411
27.3,83.9,92
27.3,84.0,92
27.3,84.1,1197
27.3,84.2,356
27.3,84.3,356
27.3,84.4,356
27.3,84.5,411
27.3,84.6,411
27.4,83.9,92
27.4,84.0,92
27.4,84.1,92
27.4,84.2,356
25.2,86.2,706
25.2,87.2,1002
25.3,87.1,1391
25.4,87.1,1391
25.5,87.1,1391
25.6,87.0,927
25.7,87.0,1482
25.8,87.0,1482
26.0,86.9,862
26.1,86.8,1493
26.1,86.9,862
26.2,86.8,1493
26.2,86.9,1493
26.3,86.0,1217
26.3,86.1,907
26.4,85.6,479
26.4,86.0,471
26.5,85.6,479
26.5,85.7,1708
26.5,88.1,871
26.6,85.6,246
26.6,85.7,246
26.7,85.6,246
26.7,85.7,1811
26.8,85.5,1030
26.8,85.6,1030
26.8,85.7,1811
24.7,85.4,721
24.8,85.4,1653
24.8,85.5,256
25.3,86.0,1019
25.4,85.9,1019
25.4,86.0,1019
25.5,85.9,1019
25.6,85.8,1441
25.6,85.9,1441
25.7,85.2,1027
26.0,85.1,1022
26.1,84.9,1675
26.1,85.0,1022
26.1,85.1,1022
26.2,84.9,1675
26.2,85.0,1022
26.2,85.1,819
26.3,84.9,1457
26.3,85.0,1762
26.3,85.1,1762
26.4,85.1,1762
26.4,85.2,1762
26.6,84.1,1249
26.6,84.2,1249
26.6,85.1,1966
26.6,85.5,1951
27.5,84.1,92
24.8,84.7,163
24.8,84.8,163
24.9,84.7,163
24.9,85.5,256
24.9,85.6,256
24.9,85.7,1741
25.0,84.6,1283
25.0,84.7,1283
25.0,86.1,1931
25.1,84.6,1283
25.1,84.7,1283
25.1,86.0,144
25.1,86.1,144
25.2,84.6,136
25.2,86.0,144
25.3,84.5,1861
25.3,84.6,136
25.4,84.5,1861
25.4,84.6,1861
25.4,85.3,972
25.5,84.5,795
25.5,85.3,972
25.5,85.4,417
25.6,84.4,1117
25.6,84.5,795
25.6,85.3,1027
25.6,85.5,417
25.7,84.4,642
25.7,85.3,1027
25.7,85.8,1441
25.7,85.9,1441
25.8,85.8,1441
25.8,85.9,1441
25.8,86.0,478
25.9,85.8,1508
25.9,85.9,478
25.9,86.0,478
26.0,85.2,1819
26.0,85.7,1508
26.0,85.8,389
26.0,85.9,478
26.1,85.2,1819
26.1,85.6,880
26.1,85.7,389
26.1,85.8,389
26.1,85.9,389
26.1,86.0,1863
26.2,84.2,1860
26.2,84.3,689
26.2,84.6,1457
26.2,84.7,1457
26.2,84.8,1675
26.2,85.2,819
26.2,85.3,819
26.2,85.4,427
26.2,85.6,880
26.2,85.7,289
26.2,85.8,289
26.2,85.9,1149
26.2,86.0,1217
26.3,84.2,1224
26.3,84.8,1457
26.3,85.6,922
26.3,85.7,289
26.3,85.8,289
26.3,85.9,1149
26.4,84.1,42
26.4,84.2,42
26.4,84.6,647
26.4,84.7,78
26.4,84.8,78
26.4,84.9,78
26.4,87.4,1655
26.5,84.1,42
26.5,84.2,42
26.1,85.3,1819
26.3,85.2,819
26.4,85.0,1762
26.4,85.7,1708
26.4,85.8,1708
26.5,84.8,78
26.5,84.9,1418
26.5,85.0,1418
26.5,85.1,1762
26.5,85.2,986
26.6,84.7,78
26.6,84.8,78
26.6,85.0,1418
26.7,84.7,918
26.7,85.5,1951
26.1,85.4,880
26.4,85.9,378
26.6,84.9,1418
26.7,84.8,846
26.7,84.9,1418
21.2,82.8,1718
21.2,82.9,1834
21.2,83.0,1834
21.2,83.1,1834
21.3,82.8,1554
21.3,82.9,309
21.3,83.0,1170
21.3,83.1,1170
21.3,83.2,676
21.4,82.7,583
21.4,82.8,309
21.4,82.9,309
21.4,83.0,1170
21.4,83.1,1170
21.4,83.2,676
21.4,83.3,676
21.5,82.7,583
21.5,82.8,1463
21.5,82.9,381
21.5,83.0,381
21.5,83.1,381
21.5,83.2,676
21.5,83.3,676
21.6,82.7,1463
21.6,82.8,1463
21.6,82.9,381
21.6,83.0,381
21.6,83.1,381
21.6,83.2,983
21.6,83.3,983
21.7,82.6,1721
21.7,82.7,1754
21.7,82.8,1970
21.7,82.9,1369
21.7,83.0,1369
21.7,83.1,878
21.7,83.2,983
21.7,83.3,983
21.8,82.6,413
21.8,82.7,413
21.8,82.8,1970
21.8,82.9,1369
21.8,83.0,1284
21.8,83.1,878
21.8,83.2,878
21.8,83.3,260
21.8,83.4,260
21.9,82.5,358
21.9,82.6,324
21.9,82.7,1925
21.9,82.8,1651
21.9,82.9,1651
21.9,83.0,1284
21.9,83.1,878
21.9,83.2,878
21.9,83.3,260
21.9,83.4,260
21.9,83.5,260
22.0,82.5,1696
22.0,82.6,324
22.0,82.7,1267
22.0,82.8,1651
22.0,82.9,1651
22.0,83.0,1564
22.0,83.1,1564
22.0,83.2,1564
22.0,83.3,1671
22.0,83.4,1671
22.1,82.5,1696
22.1,82.6,253
22.1,82.7,1267
22.1,82.8,1267
22.1,82.9,1815
22.1,83.0,1815
22.1,83.1,1564
22.1,83.2,1564
22.1,83.3,1671
22.1,83.4,1671
22.1,83.5,1671
22.2,82.5,253
22.2,82.6,253
22.2,82.7,253
22.2,82.8,817
22.2,82.9,1815
22.2,83.0,1815
22.2,83.1,1460
22.2,83.2,1460
22.2,83.3,1671
22.2,83.4,1671
22.2,83.5,1671
22.3,82.4,867
22.3,82.5,867
22.3,82.6,703
22.3,82.7,703
22.3,82.8,817
22.3,82.9,817
22.3,83.0,1460
22.3,83.1,1460
22.3,83.2,1460
22.3,83.3,1693
22.3,83.4,652
22.3,83.5,652
22.3,83.6,346
22.3,83.7,346
22.4,82.4,867
22.4,82.5,867
22.4,82.6,703
22.4,82.7,703
22.4,82.9,1496
22.4,83.0,1460
22.4,83.1,1460
22.4,83.2,1693
22.4,83.3,1693
22.4,83.4,652
22.4,83.5,652
22.4,83.6,346
22.4,83.7,346
22.4,83.8,160
22.4,83.9,160
22.5,82.4,937
22.5,82.5,937
22.5,82.6,1733
22.5,82.7,1733
22.5,82.9,350
22.5,83.0,350
22.5,83.1,1633
22.5,83.2,1633
22.5,83.3,1693
22.5,83.4,652
22.5,83.5,1367
22.5,83.6,1367
22.5,83.7,1110
22.5,83.8,160
22.5,83.9,160
22.6,82.5,937
22.6,82.6,1733
22.6,82.8,981
22.6,82.9,350
22.6,83.3,1522
22.6,83.4,1832
22.6,83.5,1367
22.6,83.6,1367
22.6,83.7,1110
22.6,83.8,1110
22.6,83.9,4
22.7,83.2,1522
22.7,83.3,1522
22.7,83.4,1832
22.7,83.5,306
22.7,83.8,1852
22.7,83.9,4
22.7,84.0,1498
22.7,84.1,1498
22.8,83.2,1137
22.8,83.3,20
22.8,83.4,20
22.8,83.9,861
22.8,84.0,545
22.8,84.1,545
22.8,84.2,1793
22.9,83.4,20
22.9,84.1,1793
22.9,84.2,1793
22.9,84.3,1793
23.0,82.9,844
23.0,83.0,1444
23.0,83.2,209
23.0,83.3,209
23.0,83.4,657
23.0,83.5,843
23.0,83.6,391
23.0,84.0,451
23.0,84.1,1793
23.1,82.1,1428
23.1,82.8,1883
23.1,82.9,315
23.1,83.0,315
23.1,83.1,1258
23.1,83.2,209
23.1,83.3,209
23.1,83.4,657
23.1,83.5,843
23.1,83.6,391
23.1,83.7,988
23.1,83.8,988
23.1,83.9,451
23.1,84.0,451
23.2,82.1,719
23.2,82.5,1375
23.2,82.8,797
23.2,82.9,315
23.2,83.0,315
23.2,83.1,1139
23.2,83.2,1139
23.2,83.3,1779
23.2,83.4,1779
23.2,83.5,95
23.2,83.6,95
23.2,83.7,34
23.2,83.8,34
23.2,83.9,1255
23.2,84.0,1255
23.3,82.4,1375
23.3,82.5,1375
23.3,82.6,797
23.3,82.7,797
23.3,82.8,797
23.3,82.9,1066
23.3,83.0,1066
23.3,83.1,1139
23.3,83.2,1139
23.3,83.3,579
23.3,83.4,1960
23.3,83.5,95
23.3,83.6,95
23.3,83.7,34
23.3,83.8,1255
23.3,83.9,1255
23.3,84.0,1255
23.4,82.5,523
23.4,82.6,1483
23.4,82.7,347
23.4,82.8,347
23.4,82.9,1066
23.4,83.0,1066
23.4,83.1,1648
23.4,83.2,1648
23.4,83.3,190
23.4,83.4,1960
23.4,83.5,1029
23.4,83.6,1029
23.4,83.7,1907
23.4,83.8,1907
23.4,83.9,1255
23.5,82.5,1483
23.5,82.6,1483
23.5,82.7,1483
23.5,82.8,1529
23.5,82.9,1529
23.5,83.0,1529
23.5,83.1,1501
23.5,83.2,1648
23.5,83.3,133
23.5,83.4,1362
23.5,83.5,1362
23.5,83.6,1336
23.5,83.7,1336
23.5,83.8,568
23.5,83.9,568
23.6,82.9,1945
23.6,83.0,1945
23.6,83.1,1501
23.6,83.2,1501
23.6,83.3,376
23.6,83.4,376
23.6,83.5,1362
23.6,83.6,1336
23.6,83.7,1336
23.6,83.9,568
23.7,82.9,1945
23.7,83.0,1945
23.7,83.1,1896
23.7,83.2,1896
23.7,83.3,509
23.7,83.4,509
23.7,83.5,509
23.7,83.6,1336
23.8,82.7,773
23.8,82.8,773
23.8,82.9,773
23.8,83.0,1896
23.8,83.1,1896
23.8,83.2,1896
23.8,83.3,1509
23.8,83.4,509
23.8,83.5,117
23.8,83.6,117
23.9,82.7,773
23.9,82.8,773
23.9,83.1,228
23.9,83.2,228
23.9,83.3,1509
24.0,83.2,228
24.0,83.3,1494
24.1,83.3,1494
17.9,81.0,1219
17.9,81.1,1272
17.9,81.2,1272
17.9,81.3,1145
17.9,81.4,1145
18.0,81.1,1069
18.0,81.2,1069
18.0,81.3,1973
18.0,81.4,1973
18.1,81.1,1069
18.1,81.2,1069
18.1,81.3,1973
18.1,81.4,1973
18.2,80.7,822
18.2,80.9,645
18.2,81.0,542
18.2,81.1,1895
18.2,81.2,1315
18.2,81.3,1315
18.2,81.4,1422
18.3,80.8,822
18.3,80.9,645
18.3,81.0,424
18.3,81.1,1895
18.3,81.2,1315
18.3,81.3,1315
18.3,81.4,1422
18.3,81.5,1422
18.4,80.7,1613
18.4,80.8,1233
18.4,80.9,1233
18.4,81.0,1407
18.4,81.1,1407
18.4,81.2,617
18.4,81.3,617
18.4,81.4,1422
18.4,81.5,1422
18.4,81.6,1513
18.4,81.7,1513
18.5,80.7,735
18.5,80.8,1233
18.5,80.9,1233
18.5,81.0,1407
18.5,81.1,1407
18.5,81.2,617
18.5,81.3,617
18.5,81.4,1005
18.5,81.5,1005
18.5,81.6,1513
18.5,81.7,1513
18.5,81.8,1513
18.6,80.6,1276
18.6,80.7,735
18.6,80.8,735
18.6,80.9,1424
18.6,81.0,254
18.6,81.1,254
18.6,81.2,617
18.6,81.3,617
18.6,81.4,1005
18.6,81.5,1005
18.6,81.6,896
18.6,81.7,896
18.6,81.8,298
18.6,81.9,298
18.7,81.0,254
18.7,81.1,254
18.7,81.2,1246
18.7,81.3,1246
18.7,81.4,1005
18.7,81.5,1005
18.7,81.6,896
18.7,81.7,896
18.7,81.8,298
18.7,81.9,298
18.8,81.0,216
18.8,81.1,216
18.8,81.2,1246
18.8,81.3,1246
18.8,81.4,222
18.8,81.5,222
18.8,81.6,896
18.8,81.7,1346
18.8,81.8,1346
18.8,81.9,1683
18.8,82.0,1683
18.8,82.1,1318
18.9,80.9,216
18.9,81.0,216
18.9,81.1,216
18.9,81.2,1373
18.9,81.3,1373
18.9,81.4,222
18.9,81.5,222
18.9,81.6,1346
18.9,81.9,1017
18.9,82.0,385
18.9,82.1,385
19.0,80.3,1078
19.0,80.4,1295
19.0,80.5,586
19.0,80.6,586
19.0,80.9,1802
19.0,81.0,1802
19.0,81.1,216
19.0,81.2,1373
19.0,81.3,1373
19.0,81.4,1767
19.0,81.5,1767
19.0,81.6,1967
19.0,81.7,1967
19.0,81.8,1967
19.0,81.9,1017
19.0,82.0,1017
19.0,82.1,385
19.1,80.3,1078
19.1,80.4,407
19.1,80.5,407
19.1,80.6,586
19.1,80.9,1802
19.1,81.0,1802
19.1,81.1,327
19.1,81.2,327
19.1,81.3,1767
19.1,81.4,1767
19.1,81.5,1767
19.1,81.6,1967
19.1,81.7,1967
19.1,81.8,804
19.1,81.9,1551
19.1,82.0,1551
19.1,82.1,553
19.2,80.4,407
19.2,80.5,832
19.2,80.6,832
19.2,80.9,454
19.2,81.0,454
19.2,81.1,327
19.2,81.2,327
19.2,81.3,552
19.2,81.4,552
19.2,81.5,1203
19.2,81.6,1203
19.2,81.7,804
19.2,81.8,804
19.2,81.9,1551
19.2,82.0,553
19.2,82.1,553
19.3,80.5,1209
19.3,80.6,1209
19.3,80.8,895
19.3,80.9,454
19.3,81.0,454
19.3,81.1,1465
19.3,81.2,1465
19.3,81.3,552
19.3,81.4,1743
19.3,81.5,1203
19.3,82.1,79
19.4,80.8,895
19.4,80.9,248
19.4,81.0,248
19.4,81.1,1465
19.4,81.2,1465
19.4,81.3,1465
19.4,81.4,1743
19.4,81.5,1982
19.4,82.1,79
19.5,80.9,248
19.5,81.0,248
19.5,81.3,1465
19.5,81.4,847
19.5,81.5,847
19.5,81.6,847
19.5,81.7,9
19.5,81.8,9
19.5,81.9,1140
19.5,82.0,79
19.6,80.8,1064
19.6,80.9,1064
19.6,81.0,1583
19.6,81.1,1583
19.6,81.2,1583
19.6,81.3,1000
19.6,81.4,1000
19.6,81.5,847
19.7,80.8,1064
19.7,80.9,1064
19.7,81.0,1064
19.7,81.1,1382
19.7,81.2,1382
19.7,81.3,1000
19.7,81.4,1000
19.7,81.8,1311
19.7,81.9,516
19.7,82.0,516
19.8,80.5,502
19.8,80.8,272
19.8,80.9,272
19.8,81.2,1382
19.8,81.3,1382
19.8,81.4,1372
19.8,81.5,1372
19.8,81.6,267
19.8,81.7,1972
19.8,81.8,1827
19.8,81.9,1827
19.8,82.0,516
19.9,80.5,502
19.9,80.6,502
19.9,80.7,502
19.9,80.8,1153
19.9,80.9,1153
19.9,81.0,637
19.9,81.1,637
19.9,81.2,406
19.9,81.3,406
19.9,81.4,1372
19.9,81.5,1372
19.9,81.6,267
19.9,81.7,267
19.9,81.8,899
19.9,82.3,1719
19.9,82.5,303
19.9,82.6,303
20.0,80.6,1865
20.0,80.7,1865
20.0,80.8,1153
20.0,80.9,921
20.0,81.0,921
20.0,81.1,637
20.0,81.2,406
20.0,81.3,406
20.0,81.4,744
20.0,81.5,744
20.0,81.6,744
20.0,81.7,899
20.0,81.8,899
20.0,82.3,1719
20.0,82.4,1719
20.0,82.5,303
20.0,82.6,303
20.1,80.5,423
20.1,80.6,1865
20.1,80.7,1865
20.1,80.8,1865
20.1,80.9,921
20.1,81.0,227
20.1,81.1,234
20.1,81.2,234
20.1,81.3,1288
20.1,81.4,744
20.1,81.5,744
20.1,81.6,744
20.1,81.7,1130
20.1,81.8,1130
20.1,82.0,1987
20.1,82.1,1535
20.1,82.2,1535
20.1,82.3,1535
20.2,80.4,423
20.2,80.5,423
20.2,80.6,423
20.2,80.7,1865
20.2,80.8,1919
20.2,80.9,227
20.2,81.0,227
20.2,81.1,234
20.2,81.2,1724
20.2,81.3,1288
20.2,81.4,1288
20.2,81.5,854
20.2,81.6,854
20.2,81.7,1130
20.2,81.8,1130
20.2,81.9,1987
20.2,82.2,1535
20.2,82.3,1535
20.3,80.5,423
20.3,80.6,1259
20.3,80.7,1919
20.3,80.8,1919
20.3,80.9,1165
20.3,81.0,1165
20.3,81.1,425
20.3,81.2,1724
20.3,81.3,421
20.3,81.4,1997
20.3,81.5,1971
20.3,81.6,934
20.3,81.7,934
20.3,81.8,1130
20.3,81.9,1987
20.3,82.2,240
20.3,82.3,240
20.4,80.6,1259
20.4,80.7,1259
20.4,80.8,1919
20.4,80.9,1165
20.4,81.0,1165
20.4,81.1,1511
20.4,81.2,1511
20.4,81.3,421
20.4,81.4,421
20.4,81.5,39
20.4,81.6,39
20.4,81.7,766
20.4,81.8,766
20.4,81.9,766
20.4,82.0,1622
20.4,82.1,1622
20.5,80.6,1259
20.5,80.7,1751
20.5,80.8,501
20.5,80.9,61
20.5,81.0,61
20.5,81.1,1699
20.5,81.2,1511
20.5,81.3,1216
20.5,81.4,1216
20.5,81.5,39
20.5,81.6,39
20.5,81.7,766
20.5,81.8,766
20.5,81.9,766
20.5,82.0,1622
20.5,82.1,1622
20.5,82.2,1622
20.5,82.3,119
20.6,80.6,1601
20.6,80.7,992
20.6,80.8,816
20.6,80.9,816
20.6,81.0,1699
20.6,81.1,1699
20.6,81.2,1699
20.6,81.3,1216
20.6,81.4,1216
20.6,81.5,1216
20.6,81.6,439
20.6,81.7,439
20.6,81.8,766
20.6,81.9,1151
20.6,82.0,1622
20.6,82.1,1796
20.6,82.2,1796
20.7,80.6,1601
20.7,80.7,992
20.7,80.8,1936
20.7,80.9,1623
20.7,81.0,1623
20.7,81.1,1649
20.7,81.2,1840
20.7,81.3,1840
20.7,81.4,999
20.7,81.5,999
20.7,81.6,439
20.7,81.7,439
20.7,81.8,1151
20.8,80.6,1230
20.8,80.7,992
20.8,80.8,1936
20.8,80.9,199
20.8,81.0,199
20.8,81.1,1649
20.8,81.2,1840
20.8,81.3,1840
20.8,81.4,999
20.8,81.5,999
20.8,81.6,439
20.8,81.7,439
20.8,81.8,1151
20.8,81.9,1151
20.8,82.0,1151
20.8,82.1,47
20.8,82.2,47
20.9,80.6,1230
20.9,80.7,1230
20.9,80.8,87
20.9,80.9,87
20.9,81.0,199
20.9,81.1,1649
20.9,81.2,1649
20.9,81.3,679
20.9,81.4,999
20.9,81.5,115
20.9,81.6,115
20.9,81.7,1143
20.9,81.8,1143
20.9,81.9,1340
20.9,82.0,1340
20.9,82.4,1961
21.0,80.6,1323
21.0,80.7,1323
21.0,80.8,87
21.0,80.9,87
21.0,81.0,572
21.0,81.1,572
21.0,81.2,679
21.0,81.3,679
21.0,81.4,679
21.0,81.5,115
21.0,81.6,115
21.0,81.7,1143
21.0,81.8,1143
21.0,81.9,1340
21.0,82.0,1340
21.0,82.3,591
21.0,82.4,1961
21.0,82.5,1961
21.1,80.5,331
21.1,80.6,331
21.1,80.7,1323
21.1,80.8,909
21.1,80.9,909
21.1,81.0,572
21.1,81.1,572
21.1,81.2,834
21.1,81.3,679
21.1,81.4,679
21.1,81.5,1923
21.1,81.6,1923
21.1,81.7,1644
21.1,81.8,1143
21.1,81.9,1225
21.1,82.0,1225
21.1,82.4,1609
21.1,82.5,1429
21.2,80.5,331
21.2,80.6,331
21.2,80.7,541
21.2,80.8,909
21.2,80.9,535
21.2,81.0,535
21.2,81.1,834
21.2,81.2,834
21.2,81.3,1333
21.2,81.4,1333
21.2,81.5,1923
21.2,81.6,1644
21.2,81.7,1644
21.2,81.8,476
21.2,81.9,1225
21.2,82.0,1225
21.2,82.4,748
21.2,82.5,1429
21.2,82.6,340
21.3,80.7,541
21.3,80.8,541
21.3,80.9,1624
21.3,81.0,783
21.3,81.1,1147
21.3,81.2,1147
21.3,81.3,1333
21.3,81.4,1333
21.3,81.8,476
21.3,81.9,1786
21.3,82.0,1786
21.3,82.4,748
21.3,82.5,1429
21.3,82.6,340
21.4,80.7,541
21.4,80.8,1624
21.4,80.9,1624
21.4,81.0,783
21.4,81.1,1147
21.4,81.2,1147
21.4,81.3,1125
21.4,81.4,1125
21.4,81.5,1571
21.4,81.6,1989
21.4,81.7,1989
21.4,81.8,1566
21.4,81.9,696
21.4,82.0,775
21.4,82.1,1182
21.4,82.2,105
21.4,82.3,105
21.4,82.4,1341
21.4,82.5,1341
21.4,82.6,583
21.5,80.7,723
21.5,80.8,96
21.5,80.9,96
21.5,81.0,1841
21.5,81.1,1841
21.5,81.2,1848
21.5,81.3,1125
21.5,81.4,1125
21.5,81.5,1571
21.5,81.6,560
21.5,81.7,560
21.5,81.8,1566
21.5,81.9,696
21.5,82.3,105
21.5,82.4,1341
21.5,82.5,1341
21.5,82.6,583
21.6,80.7,723
21.6,80.8,96
21.6,80.9,96
21.6,81.0,1841
21.6,81.1,1841
21.6,81.2,1848
21.6,81.3,1848
21.6,81.4,1589
21.6,81.5,204
21.6,81.6,560
21.6,81.7,560
21.6,81.8,613
21.6,81.9,613
21.6,82.0,962
21.6,82.1,1584
21.6,82.2,1584
21.6,82.3,961
21.6,82.4,961
21.6,82.5,1721
21.6,82.6,1721
21.7,80.7,188
21.7,80.8,188
21.7,80.9,188
21.7,81.0,615
21.7,81.1,615
21.7,81.2,1848
21.7,81.3,16
21.7,81.4,16
21.7,81.5,204
21.7,81.6,942
21.7,81.7,560
21.7,81.8,613
21.7,81.9,613
21.7,82.0,962
21.7,82.1,1584
21.7,82.2,1584
21.7,82.3,961
21.7,82.4,961
21.7,82.5,1721
21.8,80.8,188
21.8,80.9,188
21.8,81.0,615
21.8,81.1,615
21.8,81.4,16
21.8,81.5,942
21.8,81.6,301
21.8,81.7,1326
21.8,81.8,393
21.8,81.9,393
21.8,82.0,393
21.8,82.1,733
21.8,82.2,733
21.8,82.3,1615
21.8,82.4,1187
21.9,80.8,1389
21.9,80.9,1389
21.9,81.0,610
21.9,81.1,610
21.9,81.2,1365
21.9,81.3,1365
21.9,81.7,1326
21.9,81.8,480
21.9,81.9,393
21.9,82.0,1072
21.9,82.1,733
21.9,82.2,733
21.9,82.3,1615
21.9,82.4,357
22.0,80.9,1389
22.0,81.0,610
22.0,81.1,610
22.0,81.2,1365
22.0,81.3,1365
22.0,81.6,1083
22.0,81.7,51
22.0,81.8,480
22.0,81.9,764
22.0,82.2,733
22.0,82.3,1615
22.0,82.4,1696
22.1,80.9,1389
22.1,81.0,297
22.1,81.1,297
22.1,81.2,297
22.1,82.2,482
22.1,82.3,1627
22.1,82.4,1696
22.2,82.2,1725
22.2,82.3,1627
22.2,82.4,1627
22.3,82.2,1725
22.3,82.3,1627
22.4,82.1,1286
22.4,82.2,1725
22.4,82.3,867
22.4,82.8,1496
22.5,81.5,1993
22.5,81.6,1993
22.5,81.7,201
22.5,81.8,201
22.5,82.1,1286
22.5,82.2,1264
22.5,82.3,1264
22.5,82.8,1496
22.6,81.7,1870
22.6,81.8,1870
22.6,82.1,1285
22.6,82.2,1264
22.6,82.3,1264
22.6,82.4,937
22.6,82.7,1733
22.6,83.0,350
22.7,81.8,1870
22.7,81.9,1870
22.7,82.0,1285
22.7,82.1,1285
22.7,82.2,1626
22.7,82.3,1626
22.7,82.4,599
22.7,82.5,1211
22.7,82.6,1211
22.7,82.7,1666
22.7,82.8,981
22.7,82.9,1526
22.7,83.0,1526
22.8,82.3,599
22.8,82.4,599
22.8,82.5,1211
22.8,82.6,1211
22.8,82.7,1666
22.8,82.8,1666
22.8,82.9,1526
22.8,83.0,1526
22.9,82.0,24
22.9,82.1,410
22.9,82.2,410
22.9,82.3,599
22.9,82.4,599
22.9,82.5,651
22.9,82.6,401
22.9,82.7,401
22.9,82.8,844
22.9,82.9,844
22.9,83.0,1444
23.0,82.0,1428
23.0,82.1,1428
23.0,82.2,1641
23.0,82.3,778
23.0,82.7,1883
23.0,82.8,844
23.1,82.0,1428
23.1,82.2,1641
23.1,82.3,1641
23.1,82.4,778
23.1,82.5,651
23.1,82.6,1783
23.1,82.7,1883
23.2,82.2,719
23.2,82.3,719
23.2,82.4,1375
23.2,82.6,1783
23.2,82.7,797
23.3,82.2,719
23.3,82.3,719
23.4,82.0,1592
23.4,82.1,1592
23.4,82.2,719
23.4,82.3,523
23.4,82.4,523
23.5,82.0,1592
23.5,82.1,1592
23.5,82.2,150
23.5,82.3,523
23.5,82.4,523
23.6,81.6,88
23.6,81.7,88
23.6,81.8,1638
23.6,81.9,1638
23.6,82.0,956
23.6,82.1,956
23.6,82.2,150
23.6,82.3,150
23.6,82.4,669
23.6,82.5,669
23.6,82.6,1483
23.6,82.7,1483
23.6,82.8,1529
23.7,81.7,88
23.7,81.8,88
23.7,81.9,1638
23.7,82.0,956
23.7,82.1,956
23.7,82.2,455
18.0,81.0,1219
18.1,81.0,542
18.7,80.3,1337
18.7,80.4,1337
18.7,80.5,1276
18.7,80.6,1830
18.7,80.7,1830
18.7,80.8,1424
18.7,80.9,1424
18.8,80.3,1337
18.8,80.4,1337
18.8,80.5,1830
18.8,80.6,1830
18.8,80.7,1828
18.8,80.8,1828
18.8,80.9,1424
18.9,80.3,1295
18.9,80.4,1295
18.9,80.5,1295
18.9,80.6,586
18.9,80.7,1828
18.9,80.8,1828
18.9,81.7,1346
18.9,81.8,1346
19.0,80.7,586
19.0,80.8,1144
19.1,80.7,493
19.1,80.8,1144
19.2,80.7,493
19.2,80.8,1144
19.3,80.7,895
19.3,81.6,1982
19.3,81.7,1611
19.3,81.8,1611
19.3,81.9,1140
19.3,82.0,79
19.4,81.6,1982
19.4,81.7,9
19.4,81.8,9
19.4,81.9,1140
19.4,82.0,79
19.5,81.1,1583
19.5,81.2,1465
19.6,81.6,1842
19.6,81.7,1842
19.6,81.8,1311
19.6,81.9,1311
19.7,80.7,502
19.7,81.5,1372
19.7,81.6,1842
19.8,80.6,502
19.8,80.7,502
19.8,81.0,272
19.8,81.1,1382
20.2,82.0,1987
20.2,82.1,1987
20.3,82.0,1987
20.3,82.1,1987
20.4,82.2,240
20.4,82.3,240
20.7,81.9,1151
20.7,82.0,1151
20.7,82.1,1796
20.7,82.2,1796
20.7,82.3,119
20.9,82.2,591
20.9,82.3,591
21.0,80.4,622
21.0,82.1,1340
21.0,82.2,591
21.1,82.1,314
21.1,82.2,314
21.1,82.3,1609
21.2,82.1,1159
21.2,82.2,314
21.2,82.3,748
21.2,82.7,1718
21.3,81.5,1571
21.3,81.6,1989
21.3,81.7,476
21.3,82.1,1159
21.3,82.2,1159
21.3,82.3,748
21.3,82.7,1554
21.8,81.3,16
21.8,82.5,1187
21.9,81.4,1403
21.9,81.5,1403
22.0,81.4,1403
22.0,81.5,1083
22.0,82.0,1072
22.0,82.1,1072
22.1,81.3,1677
22.1,81.4,1677
22.1,81.5,1083
22.1,81.7,51
22.1,81.8,764
22.1,81.9,764
22.1,82.0,482
22.1,82.1,482
22.2,81.0,297
22.2,81.1,297
22.2,81.2,297
22.2,81.3,1677
22.2,81.4,1677
22.2,81.5,1083
22.2,81.6,1083
22.2,81.7,521
22.2,81.9,1455
22.2,82.0,1455
22.2,82.1,482
22.3,81.1,475
22.3,81.2,475
22.3,81.3,1677
22.3,81.4,1677
22.3,81.6,521
22.3,81.7,521
22.3,81.8,521
22.3,81.9,1455
22.3,82.0,1455
22.3,82.1,1725
22.4,81.1,475
22.4,81.2,475
22.4,81.3,903
22.4,81.4,903
22.4,81.6,1993
22.4,81.7,521
22.4,81.9,345
22.4,82.0,1286
22.5,81.3,903
22.5,81.9,201
22.5,82.0,1286
22.6,81.9,201
22.6,82.0,1285
22.6,83.1,1633
22.6,83.2,1633
22.7,83.1,1633
22.7,83.6,306
22.7,83.7,1852
22.8,81.8,24
22.8,81.9,24
22.8,82.0,24
22.8,82.1,410
22.8,82.2,410
22.8,83.1,1137
22.8,83.5,306
22.8,83.6,306
22.8,83.7,1852
22.8,83.8,450
22.9,81.8,24
22.9,81.9,24
22.9,83.1,1444
22.9,83.5,843
22.9,83.6,1969
22.9,83.7,1969
22.9,83.8,450
22.9,83.9,217
23.0,82.5,651
23.0,82.6,651
23.0,83.1,1258
23.0,83.7,391
23.0,83.8,1845
23.7,82.3,455
23.7,82.4,669
23.8,81.7,88
23.8,81.8,88
23.8,81.9,1991
23.8,82.0,1991
23.8,82.1,1991
23.8,82.2,455
23.8,82.3,1082
23.9,81.6,88
19.7,81.7,1842
20.9,82.1,1340
21.0,80.5,622
21.5,82.0,775
21.5,82.1,1182
21.8,81.2,615
22.2,81.8,1455
22.4,81.5,1993
22.4,81.8,345
22.9,83.2,1137
22.9,83.3,20
22.9,84.0,545
23.0,83.9,451
23.7,82.5,669
23.7,82.6,453
23.7,82.7,773
23.7,82.8,773
23.8,82.4,1082
23.8,82.5,453
23.8,82.6,453
23.9,83.4,1509
23.9,83.5,117
24.0,83.4,1494
21.9,81.6,301
22.1,81.6,1083
22.3,81.5,1993
23.0,82.4,778
21.5,82.2,105
28.5,77.1,422
28.5,77.2,1032
28.6,76.9,510
28.6,77.0,422
28.6,77.1,422
28.6,77.2,1032
28.6,77.3,1032
28.7,77.0,175
28.7,77.1,1084
28.7,77.2,1084
28.8,77.0,175
28.8,77.1,1084
15.0,74.1,973
15.0,74.2,1952
15.1,74.0,973
15.1,74.1,973
15.1,74.2,1952
15.1,74.3,1952
15.2,74.0,973
15.2,74.1,973
15.2,74.2,1178
15.2,74.3,1178
15.3,74.0,884
15.3,74.1,1563
15.3,74.2,1563
15.3,74.3,1178
15.4,73.9,884
15.4,74.0,884
15.4,74.1,1563
15.4,74.2,1287
15.4,74.3,1287
15.5,73.9,884
15.5,74.0,884
15.5,74.1,1121
15.5,74.2,1287
15.6,73.8,26
15.6,73.9,26
15.6,74.0,26
15.6,74.1,1121
15.6,74.2,1121
15.7,73.8,26
15.7,73.9,26
20.2,73.1,1399
20.2,73.2,774
20.2,73.3,46
20.2,73.4,46
20.3,72.9,995
20.3,73.0,801
20.3,73.2,774
20.3,73.3,46
20.3,73.4,46
20.4,72.9,995
20.4,73.0,859
20.4,73.1,761
20.4,73.2,1676
20.4,73.3,1727
20.4,73.4,1727
20.5,73.0,859
20.5,73.1,761
20.5,73.2,446
20.5,73.3,1727
20.6,73.2,446
20.6,73.3,528
20.7,73.2,528
20.7,73.3,528
20.8,70.6,1760
20.8,71.0,1856
20.8,71.1,618
20.8,71.2,618
20.8,73.2,873
20.8,73.3,1195
20.8,73.4,1195
20.9,70.4,243
20.9,70.5,243
20.9,70.7,1760
20.9,71.0,1856
20.9,71.1,618
20.9,71.2,618
20.9,71.3,1890
20.9,71.4,1890
20.9,73.2,873
21.0,70.3,982
21.0,70.4,982
21.0,70.6,243
21.0,70.7,619
21.0,70.8,619
21.0,70.9,1856
21.0,71.0,1856
21.0,71.2,866
21.0,71.3,1890
21.0,71.4,1662
21.0,71.5,1662
21.0,71.6,1662
21.0,71.7,635
21.0,72.8,1862
21.0,73.6,725
21.1,70.2,982
21.1,70.3,982
21.1,70.4,982
21.1,70.5,751
21.1,70.6,751
21.1,70.7,751
21.1,70.8,727
21.1,70.9,727
21.1,71.0,1537
21.1,71.1,866
21.1,71.3,866
21.1,71.4,1662
21.1,71.5,1662
21.1,71.6,1129
21.1,71.7,1129
21.1,71.8,635
21.1,71.9,635
21.1,73.0,1574
21.2,70.1,1254
21.2,70.2,249
21.2,70.3,1317
21.2,70.4,1317
21.2,70.6,751
21.2,70.7,751
21.2,70.8,727
21.2,70.9,727
21.2,71.0,1537
21.2,71.1,1537
21.2,71.3,1190
21.2,71.4,1190
21.2,71.5,64
21.2,71.6,64
21.2,71.7,1129
21.2,71.8,635
21.2,71.9,536
21.2,72.0,536
21.2,72.9,1927
21.2,73.0,1927
21.3,70.0,760
21.3,70.1,1254
21.3,70.2,249
21.3,70.3,1408
21.3,70.4,1887
21.3,70.6,1156
21.3,70.7,1156
21.3,70.8,1888
21.3,70.9,1888
21.3,71.0,1223
21.3,71.1,177
21.3,71.2,177
21.3,71.3,1190
21.3,71.4,500
21.3,71.5,500
21.3,71.6,64
21.3,71.7,64
21.3,71.8,1943
21.3,71.9,1943
21.3,73.1,590
21.4,69.9,760
21.4,70.0,760
21.4,70.1,1127
21.4,70.2,1715
21.4,70.3,1715
21.4,70.4,1425
21.4,70.5,1425
21.4,70.6,1156
21.4,70.7,1156
21.4,70.8,1248
21.4,70.9,1248
21.4,71.1,1223
21.4,71.3,1600
21.4,71.4,500
21.4,71.5,1401
21.4,71.6,1401
21.4,71.7,1401
21.4,71.8,1943
21.4,71.9,1943
21.4,73.0,648
21.4,73.1,648
21.5,69.8,929
21.5,69.9,929
21.5,70.0,1127
21.5,70.1,1127
21.5,70.2,1735
21.5,70.3,1735
21.5,70.5,1425
21.5,70.6,515
21.5,70.7,515
21.5,70.8,515
21.5,70.9,1248
21.5,71.0,155
21.5,71.1,717
21.5,71.2,1199
21.5,71.3,1600
21.5,71.4,1600
21.5,71.5,1401
21.5,71.6,1103
21.5,71.7,1103
21.5,71.8,1585
21.5,71.9,1585
21.5,72.0,1089
21.5,73.6,1115
21.6,69.7,929
21.6,69.8,929
21.6,70.0,1099
21.6,70.1,1099
21.6,70.2,1735
21.6,70.3,1735
21.6,70.4,1911
21.6,70.5,1911
21.6,70.6,602
21.6,70.7,515
21.6,70.8,515
21.6,70.9,155
21.6,71.0,155
21.6,71.2,277
21.6,71.3,1307
21.6,71.4,1307
21.6,71.5,1279
21.6,71.6,1103
21.6,71.7,1103
21.6,71.8,1585
21.6,71.9,1585
21.6,72.0,1585
21.6,72.1,745
21.7,69.6,1669
21.7,69.7,1669
21.7,69.8,929
21.7,70.0,1099
21.7,70.1,1099
21.7,70.2,59
21.7,70.3,59
21.7,70.4,1911
21.7,70.5,602
21.7,70.6,602
21.7,70.7,769
21.7,70.8,769
21.7,70.9,769
21.7,71.0,8
21.7,71.2,277
21.7,71.3,1307
21.7,71.4,1307
21.7,71.5,1279
21.7,71.6,1279
21.7,71.7,678
21.7,71.8,1585
21.7,72.0,539
21.7,72.1,745
21.7,72.8,1873
21.7,72.9,990
21.8,69.5,1789
21.8,69.6,1789
21.8,69.7,1669
21.8,69.8,1669
21.8,70.0,1504
21.8,70.1,578
21.8,70.2,578
21.8,70.3,59
21.8,70.4,59
21.8,70.5,602
21.8,70.6,602
21.8,70.7,769
21.8,70.8,769
21.8,70.9,769
21.8,71.0,8
21.8,71.1,8
21.8,71.2,815
21.8,71.3,1438
21.8,71.4,368
21.8,71.5,368
21.8,71.6,678
21.8,71.7,678
21.8,71.8,678
21.8,71.9,539
21.8,72.0,539
21.8,72.1,1416
21.8,72.9,990
21.8,73.0,990
21.8,73.4,207
21.9,69.3,477
21.9,69.4,1789
21.9,69.5,1789
21.9,69.6,1789
21.9,69.7,1669
21.9,69.8,865
21.9,70.0,1504
21.9,70.1,1504
21.9,70.2,578
21.9,70.4,278
21.9,70.5,278
21.9,70.6,1910
21.9,70.7,1910
21.9,70.8,1864
21.9,71.0,296
21.9,71.1,296
21.9,71.2,815
21.9,71.3,1438
21.9,71.4,368
21.9,71.5,368
21.9,71.6,994
21.9,71.7,994
21.9,71.9,539
21.9,72.0,539
21.9,72.1,1416
21.9,72.7,1873
21.9,72.8,1873
21.9,72.9,990
21.9,73.0,1278
21.9,73.1,1278
21.9,73.4,207
22.0,69.2,477
22.0,69.3,477
22.0,69.5,440
22.0,69.6,440
22.0,69.7,1722
22.0,69.8,865
22.0,69.9,865
22.0,70.0,1504
22.0,70.2,1689
22.0,70.4,278
22.0,70.5,278
22.0,70.6,1884
22.0,70.7,1910
22.0,70.8,1538
22.0,70.9,1538
22.0,71.1,845
22.0,71.2,77
22.0,71.3,77
22.0,71.4,674
22.0,71.5,674
22.0,71.6,994
22.0,71.9,1629
22.0,72.0,716
22.0,72.1,1416
22.0,72.7,511
22.0,72.8,511
22.0,72.9,1278
22.0,73.0,1278
22.0,73.1,1278
22.0,73.4,1368
22.0,73.7,1057
22.0,73.8,1642
22.0,74.0,1079
22.1,69.1,1692
22.1,69.2,477
22.1,69.3,255
22.1,69.4,255
22.1,69.5,440
22.1,69.6,1722
22.1,69.7,1722
22.1,69.8,1722
22.1,69.9,1312
22.1,70.0,1312
22.1,70.1,1689
22.1,70.2,1689
22.1,70.4,278
22.1,70.5,1014
22.1,70.6,1014
22.1,70.7,1232
22.1,70.8,681
22.1,70.9,116
22.1,71.0,1146
22.1,71.1,1475
22.1,71.2,1475
22.1,71.5,674
22.1,71.6,178
22.1,71.9,716
22.1,72.0,716
22.1,72.2,343
22.1,72.9,1278
22.1,73.7,1057
22.1,74.1,1079
22.2,69.0,1692
22.2,69.1,1692
22.2,69.2,1692
22.2,69.3,255
22.2,69.4,255
22.2,69.5,1785
22.2,69.6,1785
22.2,69.7,1722
22.2,69.8,1818
22.2,69.9,1312
22.2,70.0,1312
22.2,70.1,1497
22.2,70.2,1497
22.2,70.3,1036
22.2,70.4,1036
22.2,70.5,1014
22.2,70.6,1014
22.2,70.7,555
22.2,70.8,1981
22.2,70.9,1981
22.2,71.0,1146
22.2,71.1,333
22.2,71.2,1475
22.2,71.4,919
22.2,71.5,1171
22.2,71.6,890
22.2,71.9,83
22.2,72.0,1010
22.2,72.3,275
22.3,69.0,728
22.3,69.1,728
22.3,69.5,1785
22.3,69.7,1818
22.3,69.8,1818
22.3,69.9,987
22.3,70.1,1497
22.3,70.3,1036
22.3,70.4,1036
22.3,70.5,496
22.3,70.6,496
22.3,70.7,971
22.3,70.9,1981
22.3,71.0,333
22.3,71.1,333
22.3,71.3,1380
22.3,71.5,1171
22.3,71.6,1161
22.3,72.0,1010
22.3,72.2,275
22.3,72.3,275
22.4,69.2,728
22.4,69.9,1327
22.4,70.0,1327
22.4,70.1,1979
22.4,70.2,1979
22.4,70.3,1036
22.4,70.4,808
22.4,70.5,808
22.4,70.6,496
22.4,70.7,971
22.4,70.8,971
22.4,70.9,1792
22.4,71.0,1792
22.4,71.1,1452
22.4,71.2,1452
22.4,71.3,1380
22.4,71.4,697
22.4,71.5,474
22.4,71.6,474
22.4,71.9,950
22.4,72.1,950
22.4,73.3,1339
22.5,70.1,1979
22.5,70.2,1979
22.5,70.3,1680
22.5,70.4,808
22.5,70.5,808
22.5,70.6,1663
22.5,70.7,1663
22.5,70.8,559
22.5,70.9,559
22.5,71.0,1792
22.5,71.1,1257
22.5,71.2,1456
22.5,71.3,1456
22.5,71.4,697
22.5,71.5,428
22.5,71.6,428
22.5,71.7,1620
22.5,71.8,1620
22.5,71.9,950
22.5,72.2,1577
22.5,72.4,1755
22.5,73.2,632
22.5,73.3,945
22.5,73.4,1580
22.6,70.3,1680
22.6,70.4,1680
22.6,70.5,1663
22.6,70.6,1663
22.6,70.7,1663
22.6,70.9,559
22.6,71.0,1257
22.6,71.2,829
22.6,71.3,829
22.6,71.4,29
22.6,71.5,428
22.6,71.6,428
22.6,71.7,1188
22.6,71.8,1188
22.6,71.9,465
22.6,72.2,976
22.6,72.3,431
22.6,72.4,431
22.6,72.5,1088
22.6,72.6,1088
22.6,73.2,587
22.6,73.3,803
22.6,73.4,803
22.6,73.8,221
22.6,74.2,531
22.7,70.5,1273
22.7,70.6,1273
22.7,70.8,1054
22.7,70.9,1054
22.7,71.0,1054
22.7,71.1,821
22.7,71.3,829
22.7,71.4,29
22.7,71.5,41
22.7,71.6,41
22.7,71.7,1188
22.7,71.8,465
22.7,71.9,465
22.7,72.2,244
22.7,72.3,419
22.7,72.4,419
22.7,72.6,1088
22.7,72.7,377
22.7,72.8,377
22.7,72.9,369
22.7,73.0,369
22.7,73.1,587
22.7,73.2,587
22.7,73.3,1808
22.7,73.4,1808
22.7,73.5,1294
22.7,73.6,1636
22.7,74.0,514
22.7,74.1,531
22.7,74.2,531
22.7,74.3,122
22.7,74.4,122
22.8,69.4,584
22.8,69.5,584
22.8,69.6,1556
22.8,69.7,567
22.8,70.5,1273
22.8,70.6,1273
22.8,70.7,1273
22.8,70.9,1054
22.8,71.0,1054
22.8,71.1,821
22.8,71.2,821
22.8,71.3,1525
22.8,71.4,1525
22.8,71.5,41
22.8,71.6,41
22.8,71.7,1188
22.8,71.8,465
22.8,71.9,465
22.8,72.0,1999
22.8,72.1,244
22.8,72.2,244
22.8,72.3,1929
22.8,72.4,1929
22.8,72.6,377
22.8,72.7,377
22.8,72.8,1212
22.8,72.9,1212
22.8,73.2,724
22.8,73.3,724
22.8,73.4,430
22.8,73.5,430
22.8,73.6,1959
22.8,73.7,97
22.8,73.8,97
22.8,73.9,514
22.8,74.0,514
22.8,74.2,531
22.8,74.3,122
22.8,74.4,122
22.9,69.1,1097
22.9,69.2,1097
22.9,69.3,584
22.9,69.4,584
22.9,69.5,1556
22.9,69.7,567
22.9,69.8,567
22.9,69.9,120
22.9,70.0,1378
22.9,70.1,1378
22.9,70.6,1273
22.9,70.7,1476
22.9,70.8,544
22.9,70.9,544
22.9,71.0,265
22.9,71.1,265
22.9,71.2,1838
22.9,71.3,1838
22.9,71.4,1148
22.9,71.5,1148
22.9,71.6,1213
22.9,71.7,800
22.9,71.8,800
22.9,72.2,779
22.9,72.3,779
22.9,72.4,1929
22.9,72.6,1738
22.9,72.7,1738
22.9,72.8,1212
22.9,72.9,1212
22.9,73.2,724
22.9,73.3,724
22.9,73.4,430
22.9,73.5,430
22.9,73.6,1959
22.9,73.7,1959
22.9,73.8,1290
22.9,73.9,1290
22.9,74.0,1290
22.9,74.1,682
22.9,74.2,89
22.9,74.3,89
23.0,68.9,533
23.0,69.0,342
23.0,69.1,1097
23.0,69.2,1097
23.0,69.3,1706
23.0,69.4,1706
23.0,69.7,567
23.0,69.8,120
23.0,69.9,120
23.0,70.2,688
23.0,70.3,688
23.0,70.7,1476
23.0,71.0,265
23.0,71.1,265
23.0,71.2,499
23.0,71.3,499
23.0,71.4,1406
23.0,71.5,1213
23.0,71.6,1213
23.0,71.7,800
23.0,71.8,800
23.0,72.0,1108
23.0,72.1,1999
23.0,72.2,779
23.0,72.3,779
23.0,72.5,1738
23.0,72.6,1738
23.0,72.9,218
23.0,73.1,643
23.0,73.2,487
23.0,73.3,487
23.0,73.4,487
23.0,73.5,799
23.0,73.6,799
23.0,73.7,799
23.0,73.9,1290
23.0,74.0,1290
23.0,74.1,682
23.0,74.2,682
23.0,74.3,89
23.1,68.8,533
23.1,68.9,533
23.1,69.0,342
23.1,69.1,1277
23.1,69.2,1277
23.1,69.3,1227
23.1,69.4,1706
23.1,69.5,1706
23.1,69.6,684
23.1,69.7,684
23.1,69.9,74
23.1,70.0,631
23.1,70.2,688
23.1,70.8,1788
23.1,70.9,403
23.1,71.0,1490
23.1,71.1,1490
23.1,71.2,499
23.1,71.3,825
23.1,71.4,1897
23.1,71.5,1897
23.1,71.6,1342
23.1,71.7,194
23.1,71.8,194
23.1,72.1,1168
23.1,72.2,1168
23.1,72.3,779
23.1,72.4,1381
23.1,72.5,702
23.1,72.6,702
23.1,72.7,1775
23.1,72.8,1775
23.1,72.9,218
23.1,73.1,643
23.1,73.2,643
23.1,73.3,487
23.1,73.4,487
23.1,73.5,799
23.1,73.6,799
23.1,73.9,1290
23.1,74.0,1006
23.1,74.1,682
23.1,74.2,682
23.1,74.3,89
23.2,68.7,798
23.2,68.8,798
23.2,68.9,1547
23.2,69.0,1547
23.2,69.1,1277
23.2,69.2,1277
23.2,69.3,1227
23.2,69.4,1227
23.2,69.7,684
23.2,69.8,74
23.2,69.9,74
23.2,70.1,631
23.2,70.3,224
23.2,70.4,224
23.2,70.5,109
23.2,70.7,1788
23.2,70.8,1788
23.2,71.3,1800
23.2,71.4,825
23.2,71.6,1342
23.2,71.7,194
23.2,71.8,194
23.2,72.0,1458
23.2,72.1,1168
23.2,72.2,1168
23.2,72.3,1381
23.2,72.4,1381
23.2,72.5,702
23.2,72.6,1664
23.2,72.7,1664
23.2,73.0,218
23.2,73.1,643
23.2,73.2,643
23.2,73.3,305
23.2,73.4,305
23.2,73.6,312
23.2,73.9,1006
23.2,74.0,1006
23.3,68.7,798
23.3,68.8,798
23.3,68.9,1547
23.3,69.0,1547
23.3,69.1,1547
23.3,69.2,1277
23.3,69.3,1980
23.3,69.4,1980
23.3,69.7,684
23.3,69.8,74
23.3,69.9,74
23.3,70.0,631
23.3,70.1,60
23.3,70.2,1820
23.3,70.4,991
23.3,70.8,1512
23.3,71.4,1941
23.3,71.7,966
23.3,71.8,966
23.3,71.9,1458
23.3,72.0,1458
23.3,72.1,1635
23.3,72.2,1635
23.3,72.3,1381
23.3,72.4,1381
23.3,72.5,12
23.3,72.6,12
23.3,72.8,1495
23.3,72.9,885
23.3,73.0,1033
23.3,73.1,1462
23.3,73.2,1462
23.3,73.3,305
23.3,73.4,305
23.3,73.6,312
23.3,73.7,901
23.3,73.8,901
23.3,73.9,901
23.3,74.0,1006
23.4,68.6,1226
23.4,68.7,1226
23.4,68.8,1602
23.4,68.9,869
23.4,69.1,869
23.4,69.5,732
23.4,69.6,732
23.4,69.7,732
23.4,69.8,912
23.4,69.9,912
23.4,70.0,912
23.4,70.1,60
23.4,70.3,1049
23.4,70.4,1049
23.4,70.5,991
23.4,70.6,991
23.4,70.7,1512
23.4,70.8,1512
23.4,70.9,1417
23.4,71.0,1417
23.4,71.4,1941
23.4,71.6,1612
23.4,71.7,1612
23.4,71.9,397
23.4,72.1,1635
23.4,72.2,1742
23.4,72.3,1742
23.4,72.5,12
23.4,72.6,12
23.4,72.8,1495
23.4,72.9,1033
23.4,73.0,1033
23.4,73.1,1462
23.4,73.2,1462
23.4,73.3,1462
23.4,73.4,305
23.4,73.5,931
23.4,73.6,931
23.4,73.7,901
23.4,73.8,901
23.5,68.8,924
23.5,68.9,924
23.5,69.2,1790
23.5,69.3,1790
23.5,69.4,1980
23.5,69.6,732
23.5,69.7,732
23.5,69.8,912
23.5,69.9,912
23.5,70.0,912
23.5,70.3,1049
23.5,70.4,1049
23.5,70.5,1740
23.5,70.6,1740
23.5,70.7,947
23.5,70.8,947
23.5,70.9,1417
23.5,71.4,63
23.5,71.5,1803
23.5,71.6,176
23.5,71.7,176
23.5,71.8,397
23.5,72.0,1652
23.5,72.1,741
23.5,72.2,1742
23.5,72.3,1742
23.5,72.4,1221
23.5,72.5,1221
23.5,72.6,1266
23.5,72.7,1266
23.5,72.8,1516
23.5,72.9,1033
23.5,73.0,1033
23.5,73.1,1462
23.5,73.2,1462
23.5,73.3,1462
23.5,73.4,931
23.5,73.5,931
23.5,73.6,931
23.6,68.6,863
23.6,68.7,863
23.6,68.8,17
23.6,68.9,17
23.6,69.1,181
23.6,69.2,1790
23.6,69.3,1492
23.6,69.4,1492
23.6,69.5,211
23.6,69.6,211
23.6,69.7,1387
23.6,69.8,1387
23.6,69.9,912
23.6,70.4,1740
23.6,70.5,1740
23.6,70.6,1740
23.6,70.7,947
23.6,70.8,621
23.6,70.9,1417
23.6,71.1,1948
23.6,71.2,1948
23.6,71.3,63
23.6,71.4,63
23.6,71.5,1198
23.6,71.6,1198
23.6,72.0,1652
23.6,72.1,741
23.6,72.2,741
23.6,72.3,1016
23.6,72.4,906
23.6,72.5,906
23.6,72.6,1266
23.6,72.7,1516
23.6,72.8,1516
23.6,72.9,1516
23.6,73.0,418
23.6,73.1,418
23.6,73.2,418
23.6,73.3,27
23.6,73.4,27
23.6,73.5,931
23.6,73.6,931
23.7,68.5,259
23.7,68.7,863
23.7,68.8,569
23.7,68.9,569
23.7,69.0,181
23.7,69.1,181
23.7,69.2,1492
23.7,69.3,1492
23.7,69.4,1492
23.7,69.5,211
23.7,69.6,211
23.7,69.9,1387
23.7,70.5,33
23.7,70.7,621
23.7,70.8,621
23.7,70.9,621
23.7,71.1,1948
23.7,71.2,1948
23.7,71.3,63
23.7,71.4,326
23.7,71.5,326
23.7,71.6,1198
23.7,71.9,212
23.7,72.0,1238
23.7,72.1,711
23.7,72.2,1016
23.7,72.3,1016
23.7,72.4,906
23.7,72.5,906
23.7,72.6,1955
23.7,72.7,1516
23.7,72.8,1516
23.7,72.9,1516
23.7,73.0,418
23.7,73.1,418
23.7,73.2,835
23.7,73.3,27
23.7,73.4,27
23.8,68.5,259
23.8,69.5,211
23.8,69.8,1387
23.8,69.9,1387
23.8,70.4,33
23.8,70.9,621
23.8,71.1,1948
23.8,71.2,1541
23.8,71.3,1541
23.8,71.4,326
23.8,71.5,326
23.8,71.6,1321
23.8,71.7,1321
23.8,71.8,1709
23.8,71.9,1238
23.8,72.0,1238
23.8,72.1,711
23.8,72.3,1268
23.8,72.4,1352
23.8,72.5,1955
23.8,72.7,1853
23.8,72.8,968
23.8,72.9,968
23.8,73.0,35
23.8,73.1,835
23.8,73.2,1801
23.8,73.3,1801
23.9,69.8,134
23.9,69.9,134
23.9,70.4,1184
23.9,70.5,1411
23.9,71.2,1541
23.9,71.3,1541
23.9,71.4,13
23.9,71.5,13
23.9,71.6,1321
23.9,71.7,1321
23.9,71.8,1709
23.9,71.9,53
23.9,72.0,1238
23.9,72.1,62
23.9,72.3,1352
23.9,72.4,1352
23.9,72.5,1955
23.9,72.7,1853
23.9,72.9,968
23.9,73.0,35
23.9,73.1,35
23.9,73.2,1801
23.9,73.3,1329
23.9,73.4,1329
24.0,69.4,308
24.0,69.5,1150
24.0,69.6,1150
24.0,71.3,1308
24.0,71.5,13
24.0,71.6,13
24.0,71.7,1321
24.0,71.8,53
24.0,71.9,53
24.0,72.0,53
24.0,72.1,62
24.0,72.2,62
24.0,72.3,307
24.0,72.4,307
24.0,72.6,914
24.0,72.7,1853
24.0,72.9,1770
24.0,73.0,1668
24.0,73.1,1668
24.0,73.2,1329
24.0,73.3,1329
24.0,73.4,1329
24.1,69.5,1150
24.1,69.8,134
24.1,69.9,134
24.1,70.0,134
24.1,71.2,1308
24.1,71.3,1308
24.1,71.4,1308
24.1,71.5,13
24.1,71.6,1031
24.1,71.7,742
24.1,71.8,742
24.1,71.9,742
24.1,72.0,964
24.1,72.1,964
24.1,72.2,1942
24.1,72.3,1942
24.1,72.4,307
24.1,72.5,1607
24.1,72.6,914
24.1,72.9,1116
24.1,73.0,1668
24.1,73.1,1668
24.2,71.2,1593
24.2,71.3,1308
24.2,71.5,1031
24.2,71.6,1031
24.2,71.7,1031
24.2,71.8,384
24.2,71.9,384
24.2,72.0,964
24.2,72.1,964
24.2,72.2,1553
24.2,72.3,1553
24.2,72.4,1098
24.2,72.5,1607
24.2,72.6,1607
24.2,72.9,1116
24.2,73.1,1851
24.3,71.0,1593
24.3,71.1,1593
24.3,71.3,1593
24.3,71.4,1308
24.3,71.5,1031
24.3,71.6,1031
24.3,71.7,1031
24.3,71.8,384
24.3,71.9,384
24.3,72.2,1553
24.3,72.3,1553
24.3,72.4,1098
24.3,72.5,1098
24.3,72.6,1661
24.3,72.7,1661
24.3,72.9,1116
24.3,73.0,1851
24.3,73.1,1851
24.3,73.2,1851
24.4,71.2,1625
24.4,71.3,1625
24.4,71.4,952
24.4,71.5,1300
24.4,71.6,1300
24.4,71.7,1300
24.4,71.8,1402
24.4,71.9,1402
24.4,72.0,1402
24.4,72.2,1324
24.4,72.3,1983
24.4,72.6,1661
24.4,72.7,1661
24.4,73.1,1851
24.5,71.2,1625
24.5,71.3,1625
24.5,71.4,952
24.5,71.6,1300
24.5,71.7,129
24.5,71.8,129
24.5,71.9,1402
24.5,72.0,1780
24.5,72.1,1324
24.5,72.3,1240
24.6,71.1,1625
24.6,71.2,1625
24.6,71.4,952
24.6,71.5,952
24.6,71.6,129
24.6,71.8,129
24.6,71.9,1780
24.6,72.0,1780
24.6,72.1,1780
20.5,73.4,1727
20.6,73.0,646
20.6,73.1,646
20.6,73.4,1727
20.6,73.7,1548
20.6,73.8,1548
20.7,72.9,646
20.7,73.0,646
20.7,73.1,646
20.7,73.4,528
20.7,73.5,125
20.7,73.6,125
20.7,73.7,695
20.7,73.8,695
20.8,73.0,873
20.8,73.1,873
20.8,73.5,125
20.8,73.6,125
20.8,73.7,695
20.8,73.8,695
20.8,73.9,1565
20.9,71.5,1662
20.9,72.9,1862
20.9,73.0,873
20.9,73.1,873
20.9,73.3,1195
20.9,73.4,1195
20.9,73.5,125
20.9,73.6,725
20.9,73.7,725
20.9,73.8,1565
20.9,73.9,1565
21.0,70.5,243
21.0,71.1,866
21.0,72.9,1862
21.0,73.0,1574
21.0,73.1,1574
21.0,73.2,1574
21.0,73.3,818
21.0,73.4,818
21.0,73.5,818
21.1,71.2,866
21.1,72.7,1472
21.1,72.8,1472
21.1,72.9,1927
21.1,73.1,1574
21.1,73.2,361
21.1,73.3,361
21.1,73.4,818
21.1,73.5,818
21.1,73.6,1471
21.2,71.2,177
21.2,72.1,536
21.2,72.8,1472
21.2,73.1,590
21.2,73.2,361
21.2,73.3,361
21.2,73.4,1394
21.2,73.5,1855
21.2,73.6,1471
21.2,73.8,612
21.3,72.0,536
21.3,72.1,536
21.3,72.7,1472
21.3,72.8,1472
21.3,72.9,1927
21.3,73.0,590
21.3,73.2,590
21.3,73.3,1394
21.3,73.4,1394
21.3,73.5,1855
21.3,73.6,1282
21.3,73.7,1282
21.3,73.8,612
21.3,73.9,612
21.4,71.0,1223
21.4,71.2,1199
21.4,72.0,1089
21.4,72.1,1089
21.4,72.2,1089
21.4,72.7,1472
21.4,72.8,597
21.4,72.9,648
21.4,73.2,0
21.4,73.3,0
21.4,73.4,491
21.4,73.5,491
21.4,73.6,1282
21.4,73.7,1271
21.4,73.8,1271
21.4,73.9,612
21.4,74.0,186
21.5,72.1,1089
21.5,72.2,1089
21.5,72.8,597
21.5,72.9,597
21.5,73.0,648
21.5,73.1,648
21.5,73.2,0
21.5,73.3,0
21.5,73.4,491
21.5,73.5,491
21.5,73.7,1271
21.5,74.0,186
21.5,74.1,186
21.5,74.3,1586
21.6,69.9,929
21.6,71.1,1505
21.6,72.2,745
21.6,72.3,745
21.6,72.7,597
21.6,72.8,597
21.6,72.9,597
21.6,73.0,597
21.6,73.1,1040
21.6,73.2,353
21.6,73.3,575
21.6,73.4,1968
21.6,73.5,1115
21.6,73.6,1115
21.6,73.7,70
21.6,73.8,70
21.7,69.9,929
21.7,71.1,8
21.7,71.9,1585
21.7,72.2,745
21.7,72.6,1873
21.7,72.7,1873
21.7,73.0,990
21.7,73.1,1040
21.7,73.2,1040
21.7,73.3,1968
21.7,73.4,1968
21.7,73.5,1115
21.7,73.6,1115
21.7,73.7,70
21.7,73.8,70
21.8,69.9,865
21.8,72.2,138
21.8,72.7,1873
21.8,72.8,1873
21.8,73.1,1040
21.8,73.2,494
21.8,73.3,494
21.8,73.5,207
21.8,73.6,214
21.8,73.8,1180
21.9,69.9,865
21.9,70.9,1864
21.9,72.2,138
21.9,72.6,511
21.9,73.2,494
21.9,73.3,494
21.9,73.5,207
21.9,73.6,214
21.9,73.8,1180
21.9,73.9,581
21.9,74.0,581
22.0,69.4,440
22.0,70.1,1504
22.0,71.0,845
22.0,71.7,994
22.0,71.8,1629
22.0,72.6,511
22.0,73.2,508
22.0,73.3,508
22.0,73.5,1368
22.0,73.6,1057
22.0,73.9,1642
22.0,74.1,1079
22.1,71.3,919
22.1,71.4,674
22.1,71.7,178
22.1,71.8,1629
22.1,72.1,343
22.1,72.6,511
22.1,72.7,511
22.1,72.8,511
22.1,73.1,1278
22.1,73.2,508
22.1,73.3,508
22.1,73.4,1974
22.1,73.5,1368
22.1,73.6,1057
22.1,73.8,1642
22.1,73.9,1642
22.1,74.0,1079
22.2,71.3,919
22.2,71.7,890
22.2,72.1,1010
22.2,72.2,343
22.2,72.9,1200
22.2,73.0,1200
22.2,73.1,1256
22.2,73.2,1256
22.2,73.3,1256
22.2,73.4,756
22.2,73.5,776
22.2,73.6,776
22.2,73.7,415
22.2,73.8,415
22.2,73.9,571
22.2,74.0,571
22.2,74.1,571
22.3,70.0,987
22.3,71.2,1452
22.3,71.4,1380
22.3,71.8,83
22.3,71.9,83
22.3,72.1,1010
22.3,72.5,710
22.3,72.7,456
22.3,72.8,456
22.3,72.9,1200
22.3,73.0,157
22.3,73.1,157
22.3,73.2,1256
22.3,73.3,1339
22.3,73.4,756
22.3,73.5,776
22.3,73.7,415
22.3,73.8,415
22.3,73.9,571
22.3,74.0,571
22.4,71.8,1620
22.4,72.0,950
22.4,72.2,1577
22.4,72.3,1755
22.4,72.4,1755
22.4,72.5,1798
22.4,72.6,1798
22.4,72.7,456
22.4,72.8,1976
22.4,72.9,777
22.4,73.0,777
22.4,73.1,157
22.4,73.2,632
22.4,73.4,1885
22.4,73.5,1885
22.4,73.6,85
22.4,73.7,1050
22.4,73.8,1050
22.4,73.9,1731
22.4,74.0,1731
22.4,74.1,1731
22.4,74.2,1731
22.5,72.0,950
22.5,72.1,950
22.5,72.3,1577
22.5,72.5,1344
22.5,72.6,1344
22.5,72.7,677
22.5,72.8,1976
22.5,72.9,777
22.5,73.0,777
22.5,73.1,632
22.5,73.5,1857
22.5,73.6,1453
22.5,73.7,221
22.5,73.8,221
22.5,73.9,1731
22.5,74.0,1731
22.6,70.8,559
22.6,71.1,1257
22.6,72.0,976
22.6,72.1,976
22.6,72.7,677
22.6,72.8,677
22.6,72.9,369
22.6,73.0,369
22.6,73.1,587
22.6,73.5,1294
22.6,73.6,1636
22.6,73.7,1636
22.6,73.9,514
22.6,74.0,514
22.6,74.1,531
22.7,70.7,1273
22.7,71.2,829
22.7,72.0,976
22.7,72.1,976
22.7,72.5,1088
22.7,73.7,97
22.7,73.8,97
22.7,73.9,514
22.8,70.8,544
22.8,72.5,1929
22.8,73.0,387
22.8,73.1,387
22.8,74.1,531
22.9,69.6,1556
22.9,71.9,1999
22.9,72.0,1999
22.9,72.1,1999
22.9,72.5,1738
22.9,73.0,387
22.9,73.1,387
23.0,69.5,1556
23.0,69.6,1556
23.0,70.1,688
23.0,70.6,1476
23.0,70.9,403
23.0,71.9,1108
23.0,72.4,779
23.0,72.7,1738
23.0,72.8,1775
23.0,73.0,218
23.1,69.8,74
23.1,71.9,1108
23.1,72.0,1108
23.1,73.0,218
23.1,73.7,349
23.1,73.8,349
23.2,69.5,684
23.2,69.6,684
23.2,70.2,224
23.2,70.6,109
23.2,71.9,1458
23.2,72.8,885
23.2,72.9,885
23.2,73.5,312
23.2,73.7,349
23.2,74.1,1006
23.3,69.5,1980
23.3,69.6,684
23.3,70.3,526
23.3,70.5,991
23.3,70.7,1512
23.3,71.5,408
23.3,71.6,966
23.3,72.7,1495
23.3,73.5,312
23.4,69.0,869
23.4,69.3,1980
23.4,69.4,1980
23.4,71.5,1803
23.4,71.8,397
23.4,72.0,1635
23.4,72.4,1221
23.5,68.6,1226
23.5,68.7,1226
23.5,69.0,869
23.5,69.5,732
23.5,71.0,1417
23.5,71.9,1652
23.6,69.0,181
23.6,71.0,1417
23.6,71.7,176
23.6,71.8,212
23.6,71.9,1652
23.7,69.7,1387
23.7,70.6,1740
23.7,71.7,212
23.7,71.8,212
23.8,68.8,569
23.8,69.3,1492
23.8,70.3,518
23.8,70.7,1423
23.8,70.8,621
23.8,72.2,1268
23.8,72.6,1955
23.9,70.2,335
23.9,70.6,1423
23.9,70.7,1423
23.9,72.2,62
23.9,72.6,1955
23.9,72.8,968
24.0,71.4,13
24.0,72.5,914
24.0,72.8,1770
24.1,69.3,308
24.1,69.4,308
24.1,69.6,1150
24.1,72.7,914
24.1,72.8,1116
24.2,69.1,308
24.2,69.2,308
24.2,69.3,308
24.2,69.4,308
24.2,69.5,1150
24.2,69.6,1150
24.2,71.4,1308
24.2,72.7,1661
24.2,72.8,1116
24.2,73.0,1851
24.3,71.2,1593
24.3,72.0,951
24.3,72.1,951
24.3,72.8,1116
24.4,72.1,1324
24.4,72.4,1983
24.5,71.1,1625
24.5,71.5,952
24.5,72.2,1240
24.6,71.7,129
20.9,70.6,1760
21.0,73.7,725
21.2,70.5,1887
21.2,73.7,1471
21.3,70.5,1887
21.5,70.4,1425
21.5,74.2,1586
21.8,73.7,214
21.9,70.3,578
21.9,71.8,1629
21.9,73.7,214
22.0,70.3,1689
22.1,70.3,1689
22.2,71.8,83
22.3,71.7,1161
22.3,72.4,710
22.4,71.7,1620
23.0,70.8,1476
23.0,73.8,1290
23.2,73.8,349
23.3,70.6,109
23.4,72.7,1495
23.7,69.8,1387
24.1,69.7,1150
21.5,73.8,1271
22.3,73.6,776
22.3,70.2,1497
23.0,70.0,1378
23.1,70.1,688
23.2,70.0,631
23.4,69.2,1790
23.5,69.1,1790
22.3,70.8,971
20.3,72.8,995
22.1,73.0,1278
22.5,69.9,1327
28.0,76.1,592
28.0,76.2,592
28.0,77.0,364
28.0,77.1,1043
28.0,77.2,1043
28.1,76.1,107
28.1,76.2,107
28.1,77.0,364
28.1,77.1,1043
28.1,77.2,1043
28.1,77.3,1568
28.1,77.4,1091
28.1,77.5,1091
28.2,76.1,1330
28.2,76.2,1330
28.2,76.3,1454
28.2,76.4,1454
28.2,76.5,625
28.2,76.6,458
28.2,76.7,322
28.2,76.8,322
28.2,77.0,1530
28.2,77.1,1530
28.2,77.2,225
28.2,77.3,1568
28.2,77.4,1091
28.2,77.5,1091
28.3,76.1,1330
28.3,76.2,1244
28.3,76.3,1454
28.3,76.4,1454
28.3,76.5,1461
28.3,76.6,1461
28.3,76.7,322
28.3,76.8,322
28.3,76.9,1530
28.3,77.0,1530
28.3,77.1,1933
28.3,77.2,300
28.3,77.3,300
28.3,77.4,925
28.3,77.5,925
28.4,76.0,842
28.4,76.1,1244
28.4,76.2,1244
28.4,76.3,1712
28.4,76.4,548
28.4,76.5,548
28.4,76.6,1461
28.4,76.7,978
28.4,76.8,978
28.4,76.9,978
28.4,77.0,1933
28.4,77.1,1933
28.4,77.2,1704
28.4,77.3,1826
28.4,77.4,925
28.4,77.5,925
28.5,75.9,842
28.5,76.0,842
28.5,76.1,634
28.5,76.2,634
28.5,76.3,1712
28.5,76.4,548
28.5,76.5,548
28.5,76.6,1814
28.5,76.7,1814
28.5,76.8,792
28.5,76.9,792
28.5,77.0,422
28.5,77.3,57
28.5,77.4,57
28.6,75.7,49
28.6,75.8,49
28.6,75.9,842
28.6,76.0,842
28.6,76.1,634
28.6,76.2,634
28.6,76.3,718
28.6,76.4,718
28.6,76.5,718
28.6,76.6,1814
28.6,76.7,1814
28.6,76.8,510
28.7,75.6,49
28.7,75.7,49
28.7,75.8,49
28.7,75.9,49
28.7,76.0,872
28.7,76.1,872
28.7,76.2,872
28.7,76.3,718
28.7,76.4,718
28.7,76.5,718
28.7,76.6,1914
28.7,76.7,1039
28.7,76.8,510
28.7,76.9,510
28.8,75.6,49
28.8,75.7,49
28.8,75.8,49
28.8,75.9,49
28.8,76.0,872
28.8,76.1,872
28.8,76.2,872
28.8,76.3,1409
28.8,76.4,718
28.8,76.5,1914
28.8,76.6,1914
28.8,76.7,1039
28.8,76.8,108
28.8,76.9,175
28.9,75.6,49
28.9,75.7,654
28.9,75.8,654
28.9,75.9,654
28.9,76.0,1939
28.9,76.1,1939
28.9,76.2,1409
28.9,76.3,1409
28.9,76.4,250
28.9,76.5,250
28.9,76.6,146
28.9,76.7,146
28.9,76.8,108
28.9,76.9,175
28.9,77.0,175
29.0,75.6,1393
29.0,75.7,654
29.0,75.8,654
29.0,75.9,654
29.0,76.0,1939
29.0,76.1,1939
29.0,76.2,1409
29.0,76.3,1409
29.0,76.4,250
29.0,76.5,250
29.0,76.6,146
29.0,76.7,146
29.0,76.8,1446
29.0,76.9,1485
29.0,77.0,1485
29.0,77.1,1015
29.0,77.2,1015
29.1,75.5,1393
29.1,75.6,1393
29.1,75.7,1393
29.1,75.8,654
29.1,75.9,654
29.1,76.0,1939
29.1,76.1,603
29.1,76.2,603
29.1,76.3,1650
29.1,76.4,1650
29.1,76.5,1379
29.1,76.6,1379
29.1,76.7,1446
29.1,76.8,1446
29.1,76.9,1485
29.1,77.0,1485
29.1,77.1,1015
29.2,75.5,1393
29.2,75.6,1393
29.2,75.7,1122
29.2,75.8,839
29.2,75.9,839
29.2,76.0,1550
29.2,76.1,603
29.2,76.2,603
29.2,76.3,1650
29.2,76.4,1650
29.2,76.5,1379
29.2,76.6,1379
29.2,76.7,1379
29.2,76.8,1101
29.2,76.9,1101
29.2,77.0,1015
29.2,77.1,1015
29.3,75.1,1334
29.3,75.3,271
29.3,75.5,1977
29.3,75.6,1122
29.3,75.7,1122
29.3,75.8,839
29.3,75.9,839
29.3,76.0,1550
29.3,76.1,1517
29.3,76.2,1517
29.3,76.3,1132
29.3,76.4,1132
29.3,76.5,1132
29.3,76.6,366
29.3,76.7,366
29.3,76.8,1101
29.3,76.9,1101
29.3,77.0,461
29.3,77.1,461
29.4,75.0,1944
29.4,75.1,1334
29.4,75.2,1334
29.4,75.3,271
29.4,75.4,271
29.4,75.5,1977
29.4,75.6,1977
29.4,75.7,1122
29.4,75.8,390
29.4,75.9,390
29.4,76.0,390
29.4,76.1,1517
29.4,76.2,627
29.4,76.3,627
29.4,76.4,1132
29.4,76.5,1132
29.4,76.6,366
29.4,76.7,366
29.4,76.8,1101
29.4,76.9,1101
29.4,77.0,461
29.4,77.1,461
29.5,74.6,449
29.5,74.7,449
29.5,74.8,449
29.5,74.9,1944
29.5,75.0,1944
29.5,75.1,1334
29.5,75.2,1334
29.5,75.3,271
29.5,75.4,271
29.5,75.5,1977
29.5,75.6,1990
29.5,75.7,1990
29.5,75.8,390
29.5,75.9,383
29.5,76.0,383
29.5,76.1,1985
29.5,76.2,627
29.5,76.3,627
29.5,76.4,1717
29.5,76.5,1717
29.5,76.6,233
29.5,76.7,233
29.5,76.8,1912
29.5,76.9,1912
29.5,77.0,664
29.5,77.1,664
29.6,74.7,449
29.6,74.8,449
29.6,74.9,1944
29.6,75.0,1944
29.6,75.1,1334
29.6,75.2,1109
29.6,75.3,481
29.6,75.4,481
29.6,75.5,481
29.6,75.6,1990
29.6,75.7,1990
29.6,75.8,1994
29.6,75.9,383
29.6,76.0,1985
29.6,76.1,1985
29.6,76.2,432
29.6,76.3,1918
29.6,76.4,1918
29.6,76.5,1603
29.6,76.6,233
29.6,76.7,1037
29.6,76.8,1912
29.6,76.9,1912
29.6,77.0,664
29.6,77.1,664
29.7,74.7,1298
29.7,74.8,1298
29.7,74.9,1759
29.7,75.0,604
29.7,75.1,604
29.7,75.2,1109
29.7,75.4,481
29.7,75.5,447
29.7,75.6,447
29.7,75.7,1228
29.7,75.8,1994
29.7,75.9,1994
29.7,76.0,1985
29.7,76.1,1985
29.7,76.2,432
29.7,76.3,432
29.7,76.4,1603
29.7,76.5,1603
29.7,76.6,1037
29.7,76.7,1037
29.7,76.8,1912
29.7,76.9,1912
29.7,77.0,1912
29.7,77.1,1765
29.8,74.6,396
29.8,74.7,1298
29.8,74.8,1298
29.8,74.9,1759
29.8,75.0,604
29.8,75.1,1260
29.8,75.2,1109
29.8,75.5,447
29.8,75.7,1228
29.8,75.8,1228
29.8,76.2,1355
29.8,76.3,237
29.8,76.4,1594
29.8,76.5,1594
29.8,76.6,1037
29.8,76.7,714
29.8,76.8,714
29.8,76.9,7
29.8,77.0,7
29.8,77.1,1765
29.9,74.6,396
29.9,74.7,1880
29.9,74.8,1874
29.9,74.9,1874
29.9,75.0,1260
29.9,75.1,1260
29.9,76.3,237
29.9,76.4,1594
29.9,76.5,1594
29.9,76.6,1859
29.9,76.8,714
29.9,76.9,7
29.9,77.0,7
29.9,77.1,1765
29.9,77.2,1765
30.0,74.8,1874
30.0,74.9,1874
30.0,76.3,94
30.0,76.4,807
30.0,76.5,807
30.0,76.6,1859
30.0,76.7,1859
30.0,76.8,1859
30.0,76.9,7
30.0,77.0,7
30.0,77.1,1631
30.0,77.2,1631
30.1,76.3,94
30.1,76.4,807
30.1,76.5,807
30.1,76.6,219
30.1,76.7,219
30.1,76.8,472
30.1,76.9,472
30.1,77.0,1304
30.1,77.1,1304
30.1,77.2,1631
30.1,77.3,1631
30.2,76.7,219
30.2,76.8,472
30.2,76.9,472
30.2,77.0,1304
30.2,77.1,1304
30.2,77.2,1304
30.2,77.3,650
30.2,77.4,650
30.3,76.6,219
30.3,76.7,219
30.3,76.8,905
30.3,76.9,905
30.3,77.0,905
30.3,77.1,112
30.3,77.2,112
30.3,77.3,650
30.3,77.4,650
30.3,77.5,398
30.4,76.8,905
30.4,76.9,905
30.4,77.0,1809
30.4,77.1,112
30.4,77.2,112
30.4,77.3,782
30.4,77.4,782
30.4,77.5,398
30.4,77.6,398
30.5,77.0,1809
30.5,77.1,802
30.5,77.2,1231
30.5,77.3,782
30.6,77.0,879
30.6,77.1,879
30.7,76.9,1123
30.7,77.0,879
30.7,77.1,879
30.8,76.9,1123
30.8,77.0,1123
30.9,76.9,1123
27.8,77.0,1366
27.8,77.1,1366
27.9,76.1,592
27.9,76.2,592
27.9,77.0,364
27.9,77.1,824
27.9,77.2,824
27.9,77.3,32
28.0,77.3,32
28.0,77.4,32
28.0,77.5,1514
28.1,76.5,1729
28.1,76.6,1729
29.8,76.1,165
29.9,76.7,1859
12.7,78.3,913
12.7,78.5,913
12.8,78.5,913
12.8,78.6,913
12.9,78.4,913
12.9,78.5,101
12.9,78.6,101
13.0,79.2,970
13.1,78.6,101
13.1,78.7,734
13.1,78.8,734
13.1,79.0,1092
13.1,79.1,1141
13.1,79.2,970
13.2,78.7,734
13.2,78.8,734
13.2,79.2,970
13.2,79.3,970
13.2,79.4,970
13.2,79.8,707
13.3,78.5,448
13.3,78.6,448
13.3,78.7,405
13.3,78.8,405
13.3,79.2,970
13.3,79.3,970
13.3,79.4,970
13.3,79.6,823
13.3,79.7,823
13.3,79.8,707
13.3,79.9,707
13.4,78.5,448
13.4,78.6,448
13.4,78.7,405
13.4,78.8,405
13.4,79.0,1141
13.4,79.2,1559
13.4,79.3,709
13.4,79.4,709
13.4,79.7,823
13.4,79.9,707
13.5,78.6,563
13.5,78.7,1347
13.5,79.1,1559
13.5,79.2,1559
13.5,79.3,709
13.5,79.4,709
13.5,79.7,823
13.5,79.8,707
13.5,79.9,22
13.5,80.0,22
13.5,80.2,993
13.6,78.3,99
13.6,78.7,1347
13.6,78.9,25
13.6,79.0,25
13.6,79.1,25
13.6,79.2,1559
13.6,79.3,709
13.6,79.4,709
13.6,79.7,1447
13.6,79.8,1447
13.6,79.9,22
13.6,80.1,564
13.6,80.2,993
13.7,77.5,328
13.7,78.2,99
13.7,78.3,99
13.7,78.4,957
13.7,78.5,957
13.7,78.6,1106
13.7,78.7,666
13.7,79.2,1500
13.7,79.3,1500
13.7,79.4,1698
13.7,79.6,1698
13.7,79.7,1447
13.7,79.8,1447
13.7,79.9,1836
13.7,80.0,564
13.7,80.1,564
13.7,80.2,232
13.8,77.1,313
13.8,77.5,328
13.8,77.6,328
13.8,77.8,1958
13.8,78.2,99
13.8,78.3,99
13.8,78.4,1791
13.8,78.5,1791
13.8,78.6,1106
13.8,79.2,1500
13.8,79.3,1500
13.8,79.4,1500
13.8,79.6,371
13.8,79.7,1768
13.8,79.8,1768
13.8,79.9,1836
13.8,80.1,1053
13.8,80.2,14
13.9,77.1,313
13.9,77.3,811
13.9,77.7,1958
13.9,77.8,1958
13.9,78.2,789
13.9,78.3,789
13.9,78.5,1908
13.9,78.6,1908
13.9,78.9,1162
13.9,79.0,295
13.9,79.1,295
13.9,79.2,1500
13.9,79.3,1500
13.9,79.4,864
13.9,79.5,371
13.9,79.6,1218
13.9,79.7,1218
13.9,79.8,242
13.9,79.9,242
13.9,80.1,1545
13.9,80.2,1499
14.0,77.0,313
14.0,77.1,313
14.0,77.3,811
14.0,77.5,1065
14.0,77.6,1400
14.0,77.7,1400
14.0,77.8,1688
14.0,77.9,1688
14.0,78.0,1728
14.0,78.2,789
14.0,78.5,1805
14.0,78.6,1575
14.0,78.9,1162
14.0,79.1,102
14.0,79.2,102
14.0,79.3,864
14.0,79.4,864
14.0,79.6,1218
14.0,79.7,1218
14.0,79.8,242
14.0,80.1,1598
14.1,77.0,313
14.1,77.4,1065
14.1,77.5,1065
14.1,77.7,1400
14.1,77.8,1688
14.1,77.9,1688
14.1,78.1,1728
14.1,78.2,1003
14.1,78.4,1074
14.1,78.5,1805
14.1,78.6,1575
14.1,78.9,1085
14.1,79.0,1085
14.1,79.1,102
14.1,79.2,102
14.1,79.3,1736
14.1,79.4,827
14.1,79.6,1745
14.1,79.7,1745
14.1,79.8,372
14.1,80.1,1598
14.2,77.7,1235
14.2,77.8,1628
14.2,77.9,1628
14.2,78.1,1189
14.2,78.2,1003
14.2,78.4,339
14.2,78.5,339
14.2,78.9,1507
14.2,79.0,1507
14.2,79.1,1507
14.2,79.2,1736
14.2,79.3,1736
14.2,79.4,827
14.2,79.5,1236
14.2,79.6,1745
14.2,79.7,1745
14.2,79.8,372
14.2,80.1,348
14.3,77.0,1821
14.3,77.1,1821
14.3,77.4,1843
14.3,77.5,1055
14.3,77.6,1055
14.3,77.7,1235
14.3,77.8,76
14.3,77.9,76
14.3,78.0,1189
14.3,78.1,1189
14.3,78.2,1189
14.3,78.5,339
14.3,78.9,1410
14.3,79.0,1507
14.3,79.1,1507
14.3,79.2,787
14.3,79.3,787
14.3,79.4,812
14.3,79.5,1236
14.3,79.6,1236
14.3,79.7,1745
14.3,79.8,1289
14.3,80.0,348
14.3,80.1,348
14.4,77.0,1821
14.4,77.1,1821
14.4,77.2,1821
14.4,77.3,1843
14.4,77.4,1843
14.4,77.5,1055
14.4,77.6,1055
14.4,77.7,663
14.4,77.8,663
14.4,77.9,76
14.4,78.0,1189
14.4,78.1,1189
14.4,78.2,691
14.4,78.3,691
14.4,78.4,1894
14.4,78.5,1894
14.4,78.8,758
14.4,78.9,1410
14.4,79.0,1410
14.4,79.1,790
14.4,79.2,787
14.4,79.3,787
14.4,79.5,812
14.4,79.6,812
14.4,79.7,257
14.4,79.8,257
14.4,80.0,1163
14.4,80.1,1163
14.4,80.2,665
14.5,76.9,771
14.5,77.0,771
14.5,77.1,1962
14.5,77.2,920
14.5,77.3,920
14.5,77.4,1430
14.5,77.6,1237
14.5,77.7,663
14.5,77.8,663
14.5,78.0,1502
14.5,78.1,691
14.5,78.3,691
14.5,78.4,1894
14.5,78.6,198
14.5,78.8,1926
14.5,78.9,1926
14.5,79.0,1410
14.5,79.1,790
14.5,79.2,790
14.5,79.4,1673
14.5,79.5,812
14.5,79.6,257
14.5,79.7,257
14.5,79.9,1338
14.5,80.2,665
14.6,76.9,771
14.6,77.0,1962
14.6,77.1,1962
14.6,77.2,920
14.6,77.3,920
14.6,77.4,1430
14.6,77.6,1237
14.6,77.7,1443
14.6,77.8,1443
14.6,78.0,1502
14.6,78.1,1596
14.6,78.3,1596
14.6,78.4,153
14.6,78.6,198
14.6,78.8,1926
14.6,78.9,529
14.6,79.0,529
14.6,79.1,1322
14.6,79.2,1322
14.6,79.3,213
14.6,79.4,213
14.6,79.5,624
14.6,79.6,624
14.6,79.7,257
14.6,79.9,1338
14.6,80.0,757
14.6,80.1,665
14.6,80.2,665
14.7,76.9,1007
14.7,77.0,1007
14.7,77.1,1962
14.7,77.3,463
14.7,77.4,1430
14.7,77.5,1518
14.7,77.6,1518
14.7,77.7,1443
14.7,77.8,1443
14.7,77.9,1502
14.7,78.0,1502
14.7,78.1,1596
14.7,78.2,1596
14.7,78.3,1596
14.7,78.4,1695
14.7,78.7,882
14.7,78.8,529
14.7,78.9,529
14.7,79.0,529
14.7,79.1,1322
14.7,79.3,213
14.7,79.4,213
14.7,79.5,624
14.7,79.6,543
14.7,79.7,543
14.7,80.0,757
14.7,80.1,757
14.8,76.9,1007
14.8,77.0,1007
14.8,77.1,1657
14.8,77.5,1518
14.8,77.6,1518
14.8,77.7,1051
14.8,77.9,5
14.8,78.0,1520
14.8,78.2,1596
14.8,78.3,1695
14.8,78.4,1695
14.8,78.7,882
14.8,78.8,1464
14.8,78.9,1464
14.8,79.0,1464
14.8,79.1,1916
14.8,79.2,263
14.8,79.3,263
14.8,79.4,1361
14.8,79.5,1361
14.8,79.6,543
14.8,79.9,141
14.8,80.0,757
14.8,80.1,757
14.9,77.0,1657
14.9,77.1,1657
14.9,77.3,463
14.9,77.4,959
14.9,77.5,959
14.9,77.6,959
14.9,77.7,1051
14.9,77.9,5
14.9,78.0,1520
14.9,78.1,1520
14.9,78.3,329
14.9,78.4,1658
14.9,78.7,1660
14.9,78.8,1464
14.9,78.9,1464
14.9,79.0,1916
14.9,79.1,1916
14.9,79.2,263
14.9,79.3,263
14.9,79.4,1361
14.9,79.5,1361
14.9,79.6,543
14.9,79.8,141
14.9,79.9,1949
14.9,80.0,1949
14.9,80.1,757
15.0,76.9,705
15.0,77.0,705
15.0,77.3,750
15.0,77.4,959
15.0,77.5,959
15.0,77.6,436
15.0,77.7,436
15.0,77.9,1473
15.0,78.0,831
15.0,78.1,1048
15.0,78.3,329
15.0,78.4,1854
15.0,78.7,1660
15.0,78.9,828
15.0,79.0,547
15.0,79.1,1916
15.0,79.4,1169
15.0,79.5,1169
15.0,79.6,1531
15.0,80.0,1949
15.1,77.2,750
15.1,77.3,750
15.1,77.4,1070
15.1,77.5,1070
15.1,77.7,436
15.1,77.8,1473
15.1,77.9,1473
15.1,78.0,831
15.1,78.2,470
15.1,78.3,470
15.1,78.7,1660
15.1,78.8,828
15.1,78.9,1181
15.1,79.0,547
15.1,79.1,1804
15.1,79.3,1824
15.1,79.4,598
15.1,79.5,598
15.1,79.6,1531
15.1,79.9,1247
15.1,80.0,1247
15.2,77.3,1398
15.2,77.4,1070
15.2,77.5,1070
15.2,77.6,1899
15.2,77.7,1353
15.2,77.8,1904
15.2,77.9,933
15.2,78.0,683
15.2,78.2,849
15.2,78.7,1059
15.2,78.8,754
15.2,78.9,1181
15.2,79.0,1181
15.2,79.1,1804
15.2,79.4,598
15.2,79.5,1385
15.2,79.6,1385
15.2,79.7,274
15.2,79.8,274
15.2,79.9,1247
15.2,80.0,1111
15.2,80.1,1111
15.3,77.3,1202
15.3,77.4,388
15.3,77.5,388
15.3,77.6,1899
15.3,77.7,1353
15.3,77.8,1904
15.3,77.9,933
15.3,78.2,849
15.3,78.7,1059
15.3,78.8,754
15.3,78.9,754
15.3,79.0,731
15.3,79.3,128
15.3,79.4,128
15.3,79.5,1385
15.3,79.9,373
15.3,80.0,1111
15.3,80.1,1111
15.4,77.2,1747
15.4,77.3,1847
15.4,77.4,388
15.4,77.5,388
15.4,77.6,772
15.4,77.7,359
15.4,77.8,359
15.4,77.9,1035
15.4,78.0,1035
15.4,78.1,1868
15.4,78.2,1296
15.4,78.6,464
15.4,78.7,464
15.4,78.8,464
15.4,78.9,754
15.4,79.1,1597
15.4,79.3,128
15.4,79.4,609
15.4,79.9,373
15.4,80.0,507
15.5,77.3,1847
15.5,77.4,1823
15.5,77.5,1823
15.5,77.6,772
15.5,77.7,359
15.5,77.8,985
15.5,77.9,985
15.5,78.0,1486
15.5,78.1,1486
15.5,78.2,1296
15.5,78.5,1206
15.5,78.6,1206
15.5,78.7,464
15.5,78.8,252
15.5,79.2,185
15.5,79.3,185
15.5,79.4,609
15.5,79.7,820
15.5,79.9,373
15.5,80.0,507
15.5,80.1,507
15.5,80.2,507
15.6,77.1,1579
15.6,77.2,1077
15.6,77.3,1077
15.6,77.4,270
15.6,77.5,1823
15.6,77.6,1544
15.6,77.7,1544
15.6,77.8,1637
15.6,77.9,985
15.6,78.0,1486
15.6,78.1,1486
15.6,78.5,1206
15.6,78.6,1206
15.6,78.7,1756
15.6,78.8,252
15.6,78.9,252
15.6,79.2,185
15.6,79.3,185
15.6,79.4,1023
15.6,79.9,1474
15.6,80.0,1474
15.6,80.1,1474
15.7,77.3,1077
15.7,77.4,270
15.7,77.5,1552
15.7,77.7,1637
15.7,77.8,1637
15.7,77.9,323
15.7,78.0,323
15.7,78.1,210
15.7,78.5,374
15.7,78.8,1756
15.7,78.9,585
15.7,79.3,1023
15.7,79.4,1023
15.7,79.6,1567
15.7,79.9,1758
15.7,80.1,1392
15.7,80.2,1392
15.7,80.3,1392
15.7,80.9,1984
15.8,77.3,1041
15.8,77.4,1552
15.8,77.5,1552
15.8,77.8,1357
15.8,77.9,323
15.8,78.0,1921
15.8,78.1,1921
15.8,78.5,1470
15.8,78.7,67
15.8,78.8,67
15.8,78.9,585
15.8,79.2,1105
15.8,79.3,1105
15.8,79.4,290
15.8,79.9,1758
15.8,80.1,93
15.8,80.2,1013
15.8,81.0,1008
15.9,77.2,1041
15.9,77.3,1041
15.9,77.4,1041
15.9,77.5,946
15.9,77.6,946
15.9,77.7,1126
15.9,77.8,1357
15.9,78.0,1250
15.9,78.1,1250
15.9,78.3,1634
15.9,78.4,1470
15.9,78.5,693
15.9,78.6,693
15.9,78.7,1764
15.9,78.8,1449
15.9,78.9,1449
15.9,79.1,671
15.9,79.2,671
15.9,79.3,1105
15.9,79.4,290
15.9,79.8,556
15.9,79.9,556
15.9,80.0,93
15.9,80.1,93
15.9,80.2,1013
15.9,80.3,1013
15.9,80.4,1220
15.9,80.5,1024
15.9,80.6,1024
15.9,80.7,762
15.9,80.8,762
15.9,80.9,434
15.9,81.0,434
16.0,77.6,100
16.0,77.7,100
16.0,77.8,179
16.0,77.9,179
16.0,78.0,858
16.0,78.1,858
16.0,78.3,1634
16.0,78.4,519
16.0,78.5,519
16.0,78.6,1678
16.0,78.7,1678
16.0,78.8,1449
16.0,78.9,1449
16.0,79.2,671
16.0,79.3,36
16.0,79.4,883
16.0,79.8,337
16.0,79.9,556
16.0,80.0,809
16.0,80.1,809
16.0,80.2,215
16.0,80.3,215
16.0,80.4,1220
16.0,80.5,1024
16.0,80.6,1024
16.0,80.7,762
16.0,80.8,762
16.0,80.9,434
16.0,81.0,434
16.0,81.1,434
16.1,77.6,367
16.1,77.7,367
16.1,77.9,179
16.1,78.0,1737
16.1,78.1,435
16.1,78.5,519
16.1,78.6,280
16.1,78.7,940
16.1,78.8,1320
16.1,78.9,1320
16.1,79.0,557
16.1,79.1,557
16.1,79.2,36
16.1,79.3,36
16.1,79.8,337
16.1,79.9,809
16.1,80.0,809
16.1,80.1,1515
16.1,80.2,1515
16.1,80.3,215
16.1,80.4,488
16.1,80.5,948
16.1,80.6,948
16.1,80.7,1667
16.1,80.8,1667
16.1,80.9,1388
16.1,81.0,1978
16.1,81.1,1978
16.2,77.6,137
16.2,77.7,1245
16.2,77.8,1245
16.2,77.9,1737
16.2,78.0,1737
16.2,78.1,435
16.2,78.2,1063
16.2,78.3,1063
16.2,78.4,1356
16.2,78.5,362
16.2,78.6,362
16.2,78.7,940
16.2,78.8,940
16.2,78.9,1560
16.2,79.1,557
16.2,79.2,954
16.2,79.3,1543
16.2,79.7,851
16.2,79.8,851
16.2,80.0,809
16.2,80.1,1515
16.2,80.2,1515
16.2,80.3,1799
16.2,80.4,488
16.2,80.5,488
16.2,80.6,948
16.2,80.7,1667
16.2,80.8,1667
16.2,80.9,1388
16.2,81.0,1670
16.2,81.1,1978
16.2,81.2,1370
16.3,77.7,1245
16.3,77.9,81
16.3,78.0,81
16.3,78.1,81
16.3,78.2,457
16.3,78.4,1356
16.3,78.5,362
16.3,78.6,362
16.3,78.7,1866
16.3,78.8,1866
16.3,78.9,241
16.3,79.0,1560
16.3,79.1,954
16.3,79.2,954
16.3,79.3,1419
16.3,79.5,195
16.3,79.7,1964
16.3,79.8,1964
16.3,80.0,1177
16.3,80.1,551
16.3,80.2,551
16.3,80.3,1799
16.3,80.4,1799
16.3,80.5,488
16.3,80.6,1196
16.3,80.7,1196
16.3,80.8,749
16.3,80.9,749
16.3,81.0,1670
16.3,81.1,1370
16.3,81.2,1370
16.3,81.3,1370
16.4,77.4,1062
16.4,77.5,1062
16.4,77.6,1062
16.4,77.7,1062
16.4,77.8,852
16.4,77.9,852
16.4,78.1,81
16.4,78.2,457
16.4,78.3,457
16.4,78.4,1356
16.4,78.5,1569
16.4,78.6,1569
16.4,78.7,473
16.4,78.8,392
16.4,78.9,241
16.4,79.0,938
16.4,79.1,1087
16.4,79.2,1087
16.4,79.3,1419
16.4,79.7,1964
16.4,79.8,1964
16.4,80.0,1177
16.4,80.1,551
16.4,80.2,551
16.4,80.3,698
16.4,80.4,698
16.4,80.5,698
16.4,80.6,1196
16.4,80.7,1196
16.4,80.8,749
16.4,80.9,749
16.4,81.0,1816
16.4,81.1,1816
16.4,81.2,1953
16.4,81.3,1953
16.4,81.6,1519
16.4,81.7,1519
16.4,81.8,1519
16.4,81.9,573
16.4,82.0,573
16.5,77.5,1062
16.5,77.6,1062
16.5,77.8,852
16.5,77.9,852
16.5,78.1,889
16.5,78.2,54
16.5,78.3,54
16.5,78.4,1306
16.5,78.5,1569
16.5,78.6,1569
16.5,78.7,473
16.5,78.8,392
16.5,78.9,392
16.5,79.0,938
16.5,79.1,1087
16.5,79.2,1087
16.5,79.3,1056
16.5,79.7,1533
16.5,79.8,781
16.5,79.9,781
16.5,80.0,1892
16.5,80.1,1892
16.5,80.2,276
16.5,80.3,698
16.5,80.4,698
16.5,80.5,698
16.5,80.6,902
16.5,80.7,902
16.5,80.8,902
16.5,80.9,1882
16.5,81.0,1816
16.5,81.2,1953
16.5,81.3,1953
16.5,81.4,1164
16.5,81.6,1519
16.5,81.7,1519
16.5,81.8,1519
16.5,81.9,573
16.5,82.0,573
16.5,82.1,1136
16.6,77.5,184
16.6,77.8,649
16.6,77.9,649
16.6,78.2,1012
16.6,78.3,1794
16.6,78.4,1306
16.6,78.5,1306
16.6,78.6,662
16.6,78.7,662
16.6,78.8,1685
16.6,79.0,938
16.6,79.1,558
16.6,79.2,558
16.6,79.3,1056
16.6,79.4,1056
16.6,79.5,1534
16.6,79.6,1534
16.6,79.7,1533
16.6,79.8,1573
16.6,80.0,1892
16.6,80.1,276
16.6,80.2,276
16.6,80.3,770
16.6,80.4,698
16.6,80.5,140
16.6,80.6,902
16.6,80.7,902
16.6,80.8,902
16.6,80.9,1882
16.6,81.0,1882
16.6,81.1,238
16.6,81.2,1953
16.6,81.5,1100
16.6,81.6,1100
16.6,81.7,561
16.6,81.8,561
16.6,81.9,573
16.6,82.0,573
16.6,82.1,1136
16.6,82.2,1136
16.6,82.3,600
16.7,77.5,184
16.7,77.6,184
16.7,77.7,1506
16.7,77.8,1506
16.7,77.9,351
16.7,78.0,351
16.7,78.1,1012
16.7,78.2,1012
16.7,78.3,1794
16.7,78.4,1794
16.7,78.5,1306
16.7,78.6,662
16.7,78.7,662
16.7,78.8,1685
16.7,78.9,1685
16.7,79.0,558
16.7,79.1,558
16.7,79.2,558
16.7,79.3,1807
16.7,79.6,169
16.7,79.7,1527
16.7,79.8,1573
16.7,79.9,1376
16.7,80.0,73
16.7,80.2,770
16.7,80.3,770
16.7,80.4,770
16.7,80.5,140
16.7,80.6,140
16.7,80.7,140
16.7,80.8,1281
16.7,81.0,694
16.7,81.1,238
16.7,81.2,238
16.7,81.3,1345
16.7,81.4,1100
16.7,81.5,1100
16.7,81.6,1100
16.7,81.7,561
16.7,81.8,561
16.7,81.9,1442
16.7,82.0,1442
16.7,82.1,1442
16.7,82.4,600
16.8,77.6,2
16.8,77.7,2
16.8,77.8,103
16.8,77.9,351
16.8,78.0,351
16.8,78.1,351
16.8,78.2,235
16.8,78.3,235
16.8,78.4,235
16.8,78.5,429
16.8,78.6,429
16.8,78.7,139
16.8,78.8,139
16.8,78.9,139
16.8,79.0,558
16.8,79.1,558
16.8,79.5,1229
16.8,79.6,1527
16.8,79.7,1527
16.8,79.9,1376
16.8,80.0,73
16.8,80.2,770
16.8,80.3,770
16.8,80.4,770
16.8,80.5,140
16.8,80.6,140
16.8,80.7,140
16.8,80.8,1810
16.8,81.0,1750
16.8,81.1,238
16.8,81.2,238
16.8,81.3,1345
16.8,81.4,1345
16.8,81.5,1100
16.8,81.6,1100
16.8,81.7,561
16.8,81.8,561
16.8,81.9,1442
16.8,82.0,1442
16.8,82.1,1442
16.8,82.2,1415
16.9,77.6,2
16.9,77.7,2
16.9,77.8,1640
16.9,77.9,1781
16.9,78.0,23
16.9,78.1,23
16.9,78.2,235
16.9,78.3,1753
16.9,78.4,1753
16.9,78.5,429
16.9,78.6,429
16.9,78.7,1222
16.9,78.8,139
16.9,78.9,1152
16.9,79.0,1152
16.9,79.5,1229
16.9,79.6,1229
16.9,79.7,1413
16.9,79.8,1413
16.9,79.9,1076
16.9,80.0,1076
16.9,80.2,1107
16.9,80.3,1107
16.9,80.4,1107
16.9,80.5,1414
16.9,80.6,1414
16.9,80.7,1414
16.9,80.8,1810
16.9,80.9,1810
16.9,81.0,1572
16.9,81.1,1572
16.9,81.2,1345
16.9,81.3,1345
16.9,81.4,1210
16.9,81.5,399
16.9,81.6,399
16.9,81.7,565
16.9,81.9,1687
16.9,82.0,1687
16.9,82.2,1415
17.0,77.6,980
17.0,77.7,980
17.0,77.8,1640
17.0,77.9,1781
17.0,78.0,23
17.0,78.1,43
17.0,78.2,43
17.0,78.3,1753
17.0,78.4,740
17.0,78.5,740
17.0,78.6,1222
17.0,78.7,1222
17.0,78.8,164
17.0,78.9,1152
17.0,79.0,1152
17.0,79.3,826
17.0,79.5,1229
17.0,79.6,1229
17.0,79.7,158
17.0,79.8,158
17.0,79.9,1076
17.0,80.2,1107
17.0,80.3,1107
17.0,80.4,1107
17.0,80.5,1414
17.0,80.6,1414
17.0,80.7,1414
17.0,80.8,1204
17.0,80.9,1204
17.0,81.0,1112
17.0,81.1,170
17.0,81.2,170
17.0,81.3,1210
17.0,81.4,1210
17.0,81.5,399
17.0,81.6,399
17.0,81.7,565
17.0,81.8,565
17.0,81.9,1412
17.0,82.0,1687
17.0,82.1,1687
17.0,82.2,1610
17.0,82.3,1610
17.1,77.5,1867
17.1,77.6,980
17.1,77.7,965
17.1,77.8,965
17.1,77.9,239
17.1,78.0,239
17.1,78.1,43
17.1,78.2,43
17.1,78.3,740
17.1,78.4,740
17.1,78.5,740
17.1,78.6,91
17.1,78.7,164
17.1,78.8,974
17.1,78.9,974
17.1,79.0,490
17.1,79.1,445
17.1,79.5,926
17.1,79.6,1769
17.1,79.9,540
17.1,80.1,1488
17.1,80.2,1488
17.1,80.3,1107
17.1,80.4,1617
17.1,80.5,1617
17.1,80.6,1757
17.1,80.7,1757
17.1,80.8,1940
17.1,80.9,1112
17.1,81.0,1112
17.1,81.1,1871
17.1,81.4,722
17.1,81.5,722
17.1,81.6,399
17.1,81.8,565
17.1,81.9,1412
17.1,82.0,1723
17.1,82.1,11
17.1,82.2,1610
17.1,82.3,1610
17.1,82.4,791
17.2,77.5,1844
17.2,77.6,1844
17.2,77.7,223
17.2,77.8,223
17.2,77.9,239
17.2,78.0,239
17.2,78.1,1034
17.2,78.2,1034
17.2,78.3,1606
17.2,78.4,1606
17.2,78.5,91
17.2,78.6,91
17.2,78.7,692
17.2,78.8,974
17.2,78.9,974
17.2,79.0,490
17.2,79.4,926
17.2,79.5,926
17.2,79.6,1769
17.2,79.7,1769
17.2,79.8,540
17.2,79.9,540
17.2,80.1,1488
17.2,80.2,360
17.2,80.3,1599
17.2,80.4,1617
17.2,80.5,1617
17.2,80.6,747
17.2,80.7,1757
17.2,80.8,1940
17.2,80.9,1940
17.2,81.0,1871
17.2,81.1,1871
17.2,81.4,722
17.2,81.5,898
17.2,81.6,898
17.2,81.7,72
17.2,81.8,72
17.2,81.9,1421
17.2,82.0,1421
17.2,82.1,11
17.2,82.2,11
17.2,82.3,886
17.2,82.4,791
17.2,82.5,791
17.3,77.5,605
17.3,77.6,605
17.3,77.7,223
17.3,77.8,223
17.3,77.9,1616
17.3,78.0,1616
17.3,78.1,1034
17.3,78.2,1938
17.3,78.3,1606
17.3,78.4,1606
17.3,78.5,91
17.3,78.6,692
17.3,78.7,692
17.3,78.8,692
17.3,78.9,1420
17.3,79.0,490
17.3,79.3,1720
17.3,79.5,926
17.3,79.6,1947
17.3,79.7,1947
17.3,79.8,958
17.3,79.9,1313
17.3,80.0,1313
17.3,80.1,360
17.3,80.2,360
17.3,80.3,1599
17.3,80.4,1599
17.3,80.5,747
17.3,80.6,747
17.3,80.7,680
17.3,80.9,1549
17.3,81.0,52
17.3,81.1,52
17.3,81.3,1432
17.3,81.4,898
17.3,81.5,898
17.3,81.6,898
17.3,81.7,72
17.3,81.8,72
17.3,81.9,72
17.3,82.0,1421
17.3,82.1,48
17.3,82.2,48
17.3,82.3,886
17.3,82.4,273
17.3,82.5,273
17.3,82.6,1646
17.4,77.6,605
17.4,77.7,675
17.4,77.8,675
17.4,77.9,1292
17.4,78.0,1975
17.4,78.1,1975
17.4,78.2,1938
17.4,78.3,1383
17.4,78.4,1383
17.4,78.5,1619
17.4,78.6,1619
17.4,78.7,692
17.4,78.8,1420
17.4,78.9,1420
17.4,79.2,813
17.4,79.3,813
17.4,79.5,3
17.4,79.6,1947
17.4,79.8,958
17.4,79.9,1313
17.4,80.0,1313
17.4,80.1,360
17.4,80.2,360
17.4,80.3,1599
17.4,80.4,1332
17.4,80.5,1898
17.4,80.6,1898
17.4,80.7,700
17.4,80.8,700
17.4,80.9,1549
17.4,81.0,52
17.4,81.1,52
17.4,81.2,1167
17.4,81.3,1167
17.4,81.4,898
17.4,81.5,898
17.4,81.6,898
17.4,81.7,341
17.4,81.8,341
17.4,81.9,341
17.4,82.0,736
17.4,82.1,48
17.4,82.2,48
17.4,82.3,886
17.4,82.4,273
17.4,82.5,1646
17.4,82.6,1646
17.4,82.7,904
17.4,82.8,484
17.4,82.9,484
17.5,77.8,1292
17.5,77.9,1292
17.5,78.0,1879
17.5,78.1,495
17.5,78.2,162
17.5,78.3,443
17.5,78.4,443
17.5,78.5,1619
17.5,78.6,1619
17.5,78.7,1761
17.5,78.8,1761
17.5,78.9,746
17.5,79.0,746
17.5,79.1,1090
17.5,79.4,3
17.5,79.5,3
17.5,79.6,3
17.5,79.7,1540
17.5,79.8,1540
17.5,80.0,655
17.5,80.1,655
17.5,80.2,1390
17.5,80.3,1390
17.5,80.4,1562
17.5,80.5,1562
17.5,80.6,1898
17.5,80.7,700
17.5,80.8,1913
17.5,80.9,1913
17.5,81.0,52
17.5,81.1,52
17.5,81.3,1167
17.5,81.4,1167
17.5,81.5,1467
17.5,81.6,1467
17.5,81.7,1467
17.5,81.8,341
17.5,81.9,341
17.5,82.0,736
17.5,82.1,736
17.5,82.2,868
17.5,82.3,868
17.5,82.4,1773
17.5,82.5,1646
17.5,82.6,1646
17.5,82.7,904
17.5,82.8,904
17.5,82.9,1875
17.5,83.0,1875
17.6,77.5,283
17.6,77.6,283
17.6,77.7,283
17.6,77.8,550
17.6,77.9,550
17.6,78.0,1879
17.6,78.1,1937
17.6,78.2,1134
17.6,78.3,443
17.6,78.4,443
17.6,78.5,1619
17.6,78.6,588
17.6,78.7,1761
17.6,78.8,1761
17.6,78.9,746
17.6,79.0,746
17.6,79.1,55
17.6,79.2,269
17.6,79.3,269
17.6,79.4,1469
17.6,79.5,1469
17.6,79.6,1095
17.6,79.7,1095
17.6,79.8,1540
17.6,79.9,1746
17.6,80.0,1746
17.6,80.1,655
17.6,80.2,1390
17.6,80.3,1390
17.6,80.4,1562
17.6,80.5,1562
17.6,80.6,409
17.6,80.7,409
17.6,80.8,1748
17.6,80.9,1748
17.6,81.0,485
17.6,81.1,485
17.6,81.2,1167
17.6,81.3,1167
17.6,81.4,1822
17.6,81.5,1822
17.6,81.6,1467
17.6,81.7,1467
17.6,81.8,437
17.6,81.9,620
17.6,82.0,620
17.6,82.1,736
17.6,82.2,868
17.6,82.3,868
17.6,82.4,1773
17.6,82.5,1773
17.6,82.6,1850
17.6,82.7,904
17.6,82.8,426
17.6,82.9,594
17.6,83.0,594
17.6,83.1,701
17.6,83.2,701
17.7,77.6,283
17.7,77.8,550
17.7,77.9,550
17.7,78.0,888
17.7,78.1,888
17.7,78.2,1134
17.7,78.3,979
17.7,78.4,979
17.7,78.5,588
17.7,78.6,588
17.7,78.7,588
17.7,78.8,1761
17.7,78.9,746
17.7,79.0,1157
17.7,79.1,1157
17.7,79.2,269
17.7,79.3,269
17.7,79.4,1469
17.7,79.5,1469
17.7,79.6,1095
17.7,79.7,1095
17.7,79.8,1778
17.7,79.9,1405
17.7,80.0,1902
17.7,80.1,1102
17.7,80.2,1102
17.7,80.3,1343
17.7,80.4,1639
17.7,80.5,1639
17.7,80.6,409
17.7,80.7,409
17.7,80.8,875
17.7,80.9,469
17.7,81.0,485
17.7,81.1,485
17.7,81.2,485
17.7,81.3,1822
17.7,81.4,1822
17.7,81.5,1822
17.7,81.6,582
17.7,81.7,437
17.7,81.8,437
17.7,81.9,620
17.7,82.0,620
17.7,82.1,726
17.7,82.2,726
17.7,82.3,708
17.7,82.4,708
17.7,82.5,1850
17.7,82.6,1850
17.7,82.7,967
17.7,82.8,426
17.7,82.9,426
17.7,83.0,936
17.7,83.1,701
17.7,83.2,701
17.7,83.3,386
17.8,77.6,38
17.8,77.7,38
17.8,77.8,38
17.8,78.2,1536
17.8,78.3,979
17.8,78.4,979
17.8,78.5,1539
17.8,78.6,588
17.8,78.7,19
17.8,78.8,19
17.8,78.9,19
17.8,79.0,1157
17.8,79.1,1157
17.8,79.2,1440
17.8,79.3,1440
17.8,79.4,1831
17.8,79.7,236
17.8,79.8,1778
17.8,79.9,1405
17.8,80.0,1902
17.8,80.1,1102
17.8,80.2,667
17.8,80.3,1343
17.8,80.4,1343
17.8,80.5,1080
17.8,80.6,1080
17.8,80.7,875
17.8,80.8,875
17.8,80.9,469
17.8,81.0,469
17.8,81.2,1272
17.8,81.5,582
17.8,81.6,582
17.8,81.7,437
17.8,81.8,437
17.8,81.9,1901
17.8,82.0,1901
17.8,82.1,1570
17.8,82.2,726
17.8,82.3,196
17.8,82.4,196
17.8,82.5,1850
17.8,82.6,967
17.8,82.7,967
17.8,82.8,768
17.8,82.9,768
17.8,83.0,936
17.8,83.1,936
17.8,83.2,386
17.8,83.3,386
17.8,83.4,386
17.9,77.9,1
17.9,78.0,1
17.9,78.1,1536
17.9,78.2,1536
17.9,78.3,200
17.9,78.4,200
17.9,78.5,1539
17.9,78.6,1539
17.9,78.7,19
17.9,78.8,19
17.9,78.9,19
17.9,79.0,596
17.9,79.1,596
17.9,79.2,939
17.9,79.3,939
17.9,79.4,1831
17.9,79.5,1831
17.9,79.6,236
17.9,79.7,236
17.9,79.9,1766
17.9,80.0,1766
17.9,80.1,667
17.9,80.2,667
17.9,80.3,667
17.9,80.4,1992
17.9,80.6,534
17.9,80.7,876
17.9,80.8,876
17.9,80.9,1219
17.9,81.9,1901
17.9,82.0,1570
17.9,82.1,1570
17.9,82.2,1487
17.9,82.4,196
17.9,82.5,1434
17.9,82.6,1434
17.9,82.7,967
17.9,82.8,768
17.9,82.9,768
17.9,83.0,936
17.9,83.1,936
17.9,83.2,1319
17.9,83.3,1319
17.9,83.4,848
17.9,83.5,848
18.0,77.8,1621
18.0,77.9,498
18.0,78.0,498
18.0,78.1,530
18.0,78.2,530
18.0,78.3,200
18.0,78.4,200
18.0,78.5,793
18.0,78.6,793
18.0,78.7,640
18.0,78.8,640
18.0,78.9,1716
18.0,79.0,1846
18.0,79.1,1858
18.0,79.2,1858
18.0,79.3,786
18.0,79.4,923
18.0,79.5,923
18.0,79.6,106
18.0,79.7,106
18.0,79.8,106
18.0,79.9,1766
18.0,80.0,1766
18.0,80.1,321
18.0,80.2,281
18.0,80.3,281
18.0,80.4,281
18.0,80.6,534
18.0,80.7,1194
18.0,80.8,245
18.0,80.9,245
18.0,82.1,1487
18.0,82.2,1487
18.0,82.4,1561
18.0,82.5,1434
18.0,82.6,1434
18.0,82.7,66
18.0,82.8,66
18.0,82.9,66
18.0,83.0,1241
18.0,83.1,1241
18.0,83.2,1319
18.0,83.3,1319
18.0,83.4,848
18.0,83.5,953
18.0,83.6,953
18.1,78.0,498
18.1,78.1,910
18.1,78.2,530
18.1,78.3,984
18.1,78.4,984
18.1,78.5,1784
18.1,78.6,793
18.1,78.7,640
18.1,78.8,640
18.1,78.9,1716
18.1,79.0,1846
18.1,79.1,1858
18.1,79.2,1858
18.1,79.3,786
18.1,79.4,786
18.1,79.5,1251
18.1,79.7,106
18.1,79.8,106
18.1,79.9,1835
18.1,80.0,321
18.1,80.1,321
18.1,80.2,1674
18.1,80.3,281
18.1,80.4,1578
18.1,80.5,1578
18.1,80.6,738
18.1,80.7,738
18.1,80.8,245
18.1,80.9,245
18.1,82.4,1561
18.1,82.5,1371
18.1,82.6,1371
18.1,82.7,1371
18.1,82.8,66
18.1,82.9,1081
18.1,83.0,1241
18.1,83.1,1241
18.1,83.2,1241
18.1,83.3,1075
18.1,83.4,1075
18.1,83.5,953
18.1,83.6,370
18.1,83.7,370
18.2,78.0,687
18.2,78.1,910
18.2,78.2,910
18.2,78.3,984
18.2,78.4,984
18.2,78.5,1784
18.2,78.6,1784
18.2,78.7,562
18.2,78.8,562
18.2,78.9,1777
18.2,79.0,853
18.2,79.1,853
18.2,79.2,402
18.2,79.3,1174
18.2,79.4,1174
18.2,79.5,1270
18.2,79.6,1270
18.2,79.7,1726
18.2,79.8,1726
18.2,79.9,1835
18.2,80.0,1835
18.2,80.1,1674
18.2,80.2,1674
18.2,80.3,1582
18.2,80.4,1578
18.2,80.5,1578
18.2,80.6,319
18.2,82.4,1730
18.2,82.5,810
18.2,82.6,1371
18.2,82.7,468
18.2,82.8,468
18.2,82.9,1081
18.2,83.0,1316
18.2,83.1,1316
18.2,83.2,1690
18.2,83.3,1690
18.2,83.4,1075
18.2,83.5,1262
18.2,83.6,1262
18.2,83.7,370
18.2,83.8,370
18.2,83.9,1160
18.3,77.8,113
18.3,78.0,687
18.3,78.1,687
18.3,78.2,492
18.3,78.3,492
18.3,78.5,794
18.3,78.6,562
18.3,78.7,562
18.3,78.8,562
18.3,78.9,1825
18.3,79.0,1881
18.3,79.1,402
18.3,79.2,402
18.3,79.3,1174
18.3,79.5,1491
18.3,79.6,203
18.3,79.7,203
18.3,79.8,1726
18.3,79.9,870
18.3,80.0,870
18.3,80.1,1674
18.3,80.2,1674
18.3,80.3,1582
18.3,80.4,1582
18.3,80.5,319
18.3,80.6,319
18.3,80.7,822
18.3,82.4,1730
18.3,82.5,810
18.3,82.6,810
18.3,82.8,468
18.3,82.9,1081
18.3,83.0,1316
18.3,83.1,1316
18.3,83.2,1350
18.3,83.3,1690
18.3,83.4,1643
18.3,83.5,1643
18.3,83.6,1262
18.3,83.7,1262
18.3,83.8,1160
18.3,83.9,1160
18.3,84.0,730
18.3,84.1,730
18.4,77.8,1503
18.4,77.9,1450
18.4,78.0,1450
18.4,78.1,1450
18.4,78.2,492
18.4,78.3,492
18.4,78.4,794
18.4,78.6,794
18.4,78.7,562
18.4,78.8,1523
18.4,78.9,1523
18.4,79.0,1881
18.4,79.2,402
18.4,79.3,763
18.4,79.4,763
18.4,79.5,1491
18.4,79.6,203
18.4,79.7,412
18.4,79.8,1439
18.4,79.9,1439
18.4,80.0,1903
18.4,80.1,1903
18.4,80.2,1763
18.4,80.3,1114
18.4,80.4,1114
18.4,80.5,765
18.4,80.6,765
18.4,82.5,262
18.4,83.2,334
18.4,83.3,334
18.4,83.4,1643
18.4,83.5,1643
18.4,83.6,1262
18.4,83.7,522
18.4,83.8,522
18.4,83.9,1160
18.4,84.0,730
18.4,84.1,730
18.4,84.2,730
18.5,77.7,1702
18.5,77.8,1702
18.5,77.9,1702
18.5,78.0,1364
18.5,78.1,1364
18.5,78.2,860
18.5,78.3,860
18.5,78.4,794
18.5,78.6,794
18.5,78.7,1523
18.5,78.8,1523
18.5,78.9,1523
18.5,79.0,336
18.5,79.2,1120
18.5,79.3,1120
18.5,79.4,1120
18.5,79.5,287
18.5,79.6,287
18.5,79.7,412
18.5,79.8,1439
18.5,79.9,1439
18.5,80.0,1903
18.5,80.1,1903
18.5,80.2,1763
18.5,80.3,1114
18.5,80.4,1114
18.5,80.6,1711
18.5,82.5,262
18.5,83.2,161
18.5,83.3,334
18.5,83.4,1138
18.5,83.5,1138
18.5,83.6,21
18.5,83.7,522
18.5,83.8,522
18.5,83.9,606
18.5,84.0,606
18.5,84.1,730
18.5,84.2,1360
18.5,84.3,1360
18.6,77.9,1772
18.6,78.0,1891
18.6,78.1,1891
18.6,78.2,860
18.6,78.3,860
18.6,78.4,118
18.6,78.5,1038
18.6,78.6,1038
18.6,78.7,1193
18.6,78.8,189
18.6,78.9,189
18.6,79.0,1524
18.6,79.1,1524
18.6,79.2,1426
18.6,79.3,1120
18.6,79.5,167
18.6,79.6,287
18.6,79.7,68
18.6,79.8,68
18.6,79.9,187
18.6,80.0,805
18.6,80.1,805
18.6,80.2,1988
18.6,80.3,1988
18.6,80.5,1276
18.6,83.1,1128
18.6,83.2,161
18.6,83.3,161
18.6,83.4,1138
18.6,83.5,1138
18.6,83.6,21
18.6,83.7,21
18.6,83.8,606
18.6,83.9,606
18.6,84.0,606
18.6,84.1,1360
18.6,84.2,1360
18.6,84.3,1360
18.7,77.9,1772
18.7,78.0,1891
18.7,78.1,338
18.7,78.2,998
18.7,78.3,118
18.7,78.4,118
18.7,78.5,1038
18.7,78.6,1038
18.7,78.9,189
18.7,79.0,1524
18.7,79.1,1524
18.7,79.2,1426
18.7,79.3,1426
18.7,79.5,45
18.7,79.7,68
18.7,79.8,68
18.7,79.9,187
18.7,80.0,1397
18.7,80.1,1397
18.7,83.2,161
18.7,83.3,161
18.7,83.4,1138
18.7,83.5,704
18.7,83.6,704
18.7,83.7,713
18.7,83.8,713
18.7,83.9,690
18.7,84.0,690
18.7,84.1,690
18.7,84.2,1360
18.7,84.3,1360
18.7,84.5,110
18.8,77.9,892
18.8,78.0,892
18.8,78.1,338
18.8,78.3,998
18.8,78.4,118
18.8,78.5,1038
18.8,78.6,1038
18.8,78.9,1691
18.8,79.0,1524
18.8,79.1,1524
18.8,79.2,497
18.8,79.3,497
18.8,79.7,1068
18.8,79.8,670
18.8,79.9,670
18.8,83.4,149
18.8,83.5,704
18.8,83.6,704
18.8,83.7,713
18.8,83.8,713
18.8,83.9,690
18.8,84.4,110
18.8,84.5,110
18.9,77.9,892
18.9,78.0,892
18.9,78.1,466
18.9,78.3,998
18.9,78.4,1630
18.9,78.5,1630
18.9,78.6,1291
18.9,79.0,1656
18.9,79.1,1299
18.9,79.3,1995
18.9,79.4,1995
18.9,79.7,1068
18.9,79.8,670
18.9,79.9,670
18.9,83.4,149
18.9,83.5,1922
18.9,83.6,1922
18.9,83.7,318
18.9,83.8,318
18.9,84.6,110
19.0,77.9,512
19.0,78.0,512
19.0,78.1,355
19.0,78.2,355
19.0,78.3,355
19.0,78.4,1630
19.0,78.5,1630
19.0,78.6,1291
19.0,78.9,1656
19.0,79.0,1656
19.0,79.1,1299
19.0,79.2,1299
19.0,79.4,1995
19.0,79.7,1191
19.0,79.8,670
19.0,79.9,670
19.0,83.6,318
19.0,83.7,318
19.0,84.6,110
19.0,84.7,110
19.1,77.9,512
19.1,78.2,355
19.1,78.3,37
19.1,78.4,1630
19.1,78.5,1630
19.1,78.6,836
19.1,78.9,114
19.1,79.0,114
19.1,79.1,639
19.1,79.3,1659
19.1,79.4,1659
19.1,79.6,1191
19.1,79.7,1191
19.1,79.8,838
19.1,79.9,838
19.1,84.7,110
19.2,77.9,1154
19.2,78.0,1154
19.2,78.3,37
19.2,78.4,37
19.2,78.5,65
19.2,78.6,836
19.2,79.0,114
19.2,79.1,639
19.2,79.3,1659
19.2,79.4,1659
19.2,79.7,1191
19.2,79.8,838
19.2,79.9,838
19.3,78.3,37
19.3,78.4,1632
19.3,78.5,65
19.3,78.9,715
19.3,79.0,1239
19.3,79.1,44
19.3,79.2,44
19.3,79.4,1869
19.3,79.5,1869
19.3,79.6,841
19.3,79.7,841
19.3,79.8,838
19.3,79.9,838
19.3,80.0,838
19.4,78.3,1632
19.4,78.4,1632
19.4,78.9,715
19.4,79.0,1239
19.4,79.1,1239
19.4,79.2,661
19.4,79.4,1869
19.4,79.7,841
19.4,79.8,166
19.4,79.9,166
19.4,80.0,166
19.5,78.4,317
19.5,78.7,806
19.5,78.9,856
19.5,79.0,856
19.5,79.1,1239
19.5,79.3,975
19.5,79.5,975
19.5,79.6,841
19.5,79.7,841
19.5,79.8,166
19.5,79.9,166
19.6,78.4,317
19.6,78.6,1528
19.6,78.9,856
19.6,79.0,856
19.7,78.4,814
19.7,78.9,433
19.8,78.4,814
19.8,78.6,1528
12.7,78.4,913
12.8,78.3,913
12.8,78.4,913
13.0,78.5,101
13.0,78.6,101
13.2,79.0,1141
13.2,79.1,1141
13.3,79.0,1141
13.3,79.1,1141
13.4,79.5,823
13.4,79.6,823
13.4,79.8,707
13.5,78.5,563
13.5,78.8,1347
13.5,78.9,25
13.5,79.5,1698
13.5,79.6,823
13.6,78.4,957
13.6,78.5,563
13.6,78.8,1347
13.6,79.5,1698
13.6,79.6,1698
13.6,80.0,22
13.7,78.8,666
13.7,78.9,25
13.7,79.1,25
13.8,77.7,1958
13.8,78.9,1162
13.8,79.0,295
13.8,79.1,295
13.8,80.0,1545
13.9,77.5,328
13.9,77.6,328
13.9,78.1,789
13.9,78.4,1791
13.9,78.7,1946
13.9,78.8,1946
13.9,80.0,1545
14.0,78.1,1728
14.0,78.3,1074
14.0,78.4,1074
14.0,78.7,1909
14.0,78.8,1909
14.0,79.0,1085
14.0,79.5,864
14.0,79.9,242
14.0,80.0,1598
14.0,80.2,1499
14.1,77.6,1400
14.1,78.0,1728
14.1,78.3,1003
14.1,78.7,1909
14.1,78.8,1909
14.1,79.5,827
14.1,79.9,372
14.1,80.0,1598
14.2,77.6,1175
14.2,78.0,1189
14.2,78.3,1003
14.2,78.6,837
14.2,78.7,208
14.2,79.9,1289
14.3,78.3,339
14.3,78.6,837
14.3,78.7,837
14.3,79.9,1289
14.4,78.6,837
14.4,78.7,758
14.4,79.4,812
14.4,79.9,1289
14.5,77.5,1237
14.5,77.9,1502
14.5,78.2,691
14.5,78.5,1894
14.5,78.7,198
14.5,79.3,1673
14.5,79.8,257
14.5,80.0,1163
14.5,80.1,1163
14.6,77.5,1430
14.6,77.9,1502
14.6,78.2,1596
14.6,78.5,153
14.6,78.7,198
14.6,79.8,1338
14.7,77.2,463
14.7,78.5,153
14.7,78.6,882
14.7,79.2,1322
14.7,79.8,1338
14.7,79.9,1338
14.8,77.2,463
14.8,77.3,463
14.8,77.4,463
14.8,77.8,1051
14.8,78.1,1520
14.8,78.5,1782
14.8,78.6,882
14.8,79.7,543
14.8,79.8,141
14.9,77.2,463
14.9,77.8,1051
14.9,78.5,1782
14.9,78.6,1917
14.9,79.7,141
15.0,77.2,750
15.0,77.8,1473
15.0,78.5,192
15.0,78.6,1917
15.0,78.8,828
15.0,79.7,1531
15.0,79.8,1949
15.0,79.9,1949
15.1,77.6,436
15.1,78.1,831
15.1,78.4,382
15.1,78.5,192
15.1,78.6,152
15.1,79.7,274
15.1,79.8,274
15.2,77.2,1398
15.2,78.1,683
15.2,78.3,849
15.2,78.4,382
15.2,78.5,152
15.2,79.2,1058
15.2,79.3,1824
15.3,77.2,1398
15.3,78.0,1707
15.3,78.3,849
15.3,78.4,1386
15.3,78.5,1386
15.3,78.6,1059
15.3,79.2,1557
15.3,79.6,1385
15.3,79.7,820
15.3,79.8,373
15.4,77.1,1747
15.4,78.3,1296
15.4,78.4,1386
15.4,79.5,609
15.4,79.6,820
15.4,79.7,820
15.4,79.8,373
15.4,80.1,507
15.5,77.1,1579
15.5,77.2,1579
15.5,78.3,483
15.5,78.4,483
15.5,78.9,252
15.5,79.5,729
15.5,79.6,729
15.5,79.8,373
15.6,78.2,483
15.6,78.3,483
15.6,78.4,483
15.6,79.1,1377
15.6,79.5,729
15.6,79.6,729
15.6,79.7,1567
15.6,79.8,1567
15.6,80.2,1392
15.7,77.2,1077
15.7,77.6,1544
15.7,78.2,210
15.7,78.3,1274
15.7,78.4,1274
15.7,78.6,374
15.7,78.7,1756
15.7,79.2,1023
15.7,79.5,290
15.7,79.7,1567
15.7,79.8,1567
15.7,80.0,1474
15.8,77.2,1041
15.8,77.6,946
15.8,77.7,1126
15.8,78.2,210
15.8,78.3,1274
15.8,78.4,1470
15.8,78.6,693
15.8,79.5,290
15.8,79.6,1837
15.8,79.7,1837
15.8,79.8,1758
15.8,80.0,93
15.8,80.3,1013
15.8,80.4,1681
15.9,78.2,1634
15.9,79.0,585
15.9,79.5,290
15.9,79.6,1837
15.9,79.7,1837
15.9,81.1,434
16.0,78.2,1634
16.0,79.0,1484
16.0,79.5,883
16.0,79.6,337
16.0,79.7,337
16.1,77.8,179
16.1,78.2,435
16.1,79.4,883
16.1,79.5,883
16.1,79.6,851
16.1,79.7,851
16.2,79.4,1543
16.2,79.5,883
16.2,79.6,851
16.2,79.9,809
16.3,78.3,1356
16.3,79.4,1543
16.3,79.6,195
16.3,79.9,311
16.4,78.0,81
16.4,79.4,1419
16.4,79.5,195
16.4,79.6,1096
16.4,79.9,311
16.4,81.4,1164
16.4,81.5,1164
16.5,77.7,1062
16.5,78.0,889
16.5,79.4,1056
16.5,79.5,1096
16.5,79.6,1096
16.5,81.1,1816
16.5,81.5,1164
16.5,82.2,1136
16.6,77.6,184
16.6,78.0,889
16.6,78.1,889
16.6,78.9,1685
16.6,79.9,1573
16.6,81.3,1953
16.6,81.4,1164
16.7,79.4,1807
16.7,79.5,1807
16.7,80.1,73
16.7,80.9,1281
16.8,79.2,558
16.8,79.3,310
16.8,79.8,1413
16.8,80.1,73
16.8,80.9,1810
16.9,79.1,304
16.9,79.2,304
16.9,79.3,310
16.9,79.4,310
16.9,80.1,1076
16.9,81.8,565
16.9,82.1,1687
17.0,79.1,304
17.0,79.2,304
17.0,79.4,826
17.0,80.0,1076
17.0,80.1,1488
17.1,79.4,826
17.1,79.7,158
17.1,79.8,158
17.1,80.0,1488
17.1,81.2,170
17.1,81.3,722
17.1,81.7,565
17.2,79.1,490
17.2,80.0,540
17.2,81.2,1432
17.3,79.1,601
17.3,79.4,1404
17.3,80.8,1549
17.3,81.2,1432
17.4,79.0,1420
17.4,79.1,1090
17.4,79.4,1404
17.4,79.7,958
17.5,79.2,813
17.5,79.3,813
17.5,79.9,1746
17.5,81.2,1167
17.7,77.7,38
17.8,77.9,1
17.8,78.0,888
17.8,78.1,1536
17.8,79.5,1831
17.8,79.6,236
17.9,77.7,38
17.9,79.8,236
17.9,80.5,1992
17.9,82.3,196
18.0,80.5,534
18.1,77.7,1621
18.1,77.8,1621
18.1,77.9,498
18.1,79.6,1251
18.2,77.7,113
18.2,77.8,113
18.2,77.9,113
18.3,77.9,113
18.3,78.4,492
18.3,79.4,1491
18.4,77.6,1503
18.4,77.7,1503
18.4,78.5,794
18.4,79.1,402
18.5,78.5,794
18.5,79.1,336
18.5,80.5,1711
18.6,77.8,1702
18.6,79.4,167
18.7,78.7,1193
18.7,79.4,167
18.7,79.6,45
18.7,84.4,1360
18.8,78.2,998
18.8,78.7,1193
18.8,79.4,182
18.8,79.5,182
18.8,79.6,45
18.9,78.2,466
18.9,78.9,1691
18.9,79.2,1299
18.9,79.5,182
18.9,79.6,1068
18.9,84.5,110
19.0,79.3,1995
19.0,79.5,1700
19.0,79.6,1700
19.1,79.2,639
19.1,79.5,1700
19.2,78.2,37
19.2,78.8,715
19.2,78.9,114
19.2,79.2,639
19.2,79.5,1659
19.2,79.6,1191
19.3,78.0,1480
19.3,78.6,1744
19.3,78.7,1744
19.3,78.8,715
19.3,79.3,661
19.4,78.5,352
19.4,78.6,352
19.4,78.7,1744
19.4,78.8,715
19.4,79.3,661
19.4,79.5,1869
19.4,79.6,841
19.5,78.5,317
19.5,78.8,806
19.6,78.5,317
19.6,78.7,806
19.6,78.8,806
19.7,78.5,814
19.7,78.6,1528
19.7,78.7,1528
19.7,78.8,433
17.2,81.3,1432
18.6,84.4,1360
18.8,78.8,1691
18.9,78.8,1691
19.0,78.7,1291
19.0,78.8,908
19.1,78.7,908
19.1,78.8,908
19.2,78.7,836
19.5,78.6,352
19.5,79.4,975
19.8,78.5,814
13.1,78.9,1092
13.2,78.9,1092
13.3,78.9,405
13.4,78.9,405
13.4,79.1,1559
13.5,79.0,25
13.6,78.6,563
13.7,79.0,25
13.7,79.5,1698
13.8,78.7,666
13.8,78.8,666
13.8,79.5,371
14.2,78.8,208
14.3,78.4,339
14.3,78.8,758
15.0,79.2,840
15.0,79.3,840
15.2,78.6,152
15.4,79.0,731
15.6,79.0,1377
15.7,79.0,585
15.7,79.1,1377
15.8,79.0,585
15.8,79.1,585
16.0,79.1,1484
16.1,78.3,1063
16.1,78.4,519
16.2,79.0,1560
16.6,77.7,1506
17.9,77.8,1
18.0,77.7,1621
18.3,77.7,1503
18.7,78.8,1193
18.9,78.7,1291
19.1,78.0,512
19.1,78.1,355
19.2,78.1,1154
13.5,80.3,993
13.9,77.2,811
14.2,80.0,348
15.0,78.2,1048
15.1,79.2,1058
15.3,78.1,1868
15.3,79.1,731
15.4,78.5,1386
15.4,79.2,1557
15.5,79.0,1377
15.5,79.1,1597
15.9,77.9,1357
16.3,77.8,1245
16.8,79.4,310
17.1,79.2,445
17.1,79.3,826
17.2,79.2,601
17.2,79.3,1720
14.9,78.2,1048
17.3,79.2,601
26.7,95.2,659
26.7,95.3,659
26.7,95.4,659
26.8,95.2,659
26.8,95.3,659
26.8,95.4,659
26.8,95.5,659
26.9,95.2,1242
26.9,95.4,1242
26.9,95.5,1445
27.0,95.2,1384
27.5,94.2,171
27.6,94.6,193
27.8,95.1,941
27.9,95.3,941
28.0,95.4,1314
28.0,95.5,1314
28.1,95.4,1314
28.1,95.5,1314
28.1,95.6,1201
28.1,95.7,1201
28.1,95.8,1201
28.2,95.7,1201
28.2,95.8,264
28.2,95.9,264
27.1,97.0,524
27.1,97.1,524
27.2,96.9,524
27.2,97.0,524
27.3,96.8,286
27.3,96.9,524
27.4,96.6,1877
27.4,96.7,286
27.4,96.8,286
27.5,96.5,1877
27.5,96.6,286
27.5,96.7,286
27.5,96.8,286
27.6,96.5,755
27.6,96.6,1280
27.6,96.7,286
27.6,96.8,525
27.7,96.4,755
27.7,96.5,755
27.7,96.6,1280
27.7,96.7,71
27.7,96.8,525
27.7,96.9,525
27.8,96.5,1280
27.8,96.6,71
27.8,96.7,71
27.8,96.9,525
27.9,96.7,71
28.0,95.9,111
28.0,96.0,111
28.0,96.1,1427
28.0,96.2,1427
28.0,96.3,577
28.1,95.9,111
28.1,96.0,111
28.1,96.1,1427
28.1,96.2,1986
28.1,96.4,577
26.9,95.3,1242
26.9,95.6,1445
26.9,95.7,127
27.0,95.3,1242
27.0,95.4,1242
27.0,95.5,1445
27.0,95.8,127
27.1,95.5,574
27.1,95.8,1349
27.1,95.9,1349
27.2,95.5,1071
27.2,95.7,1155
27.2,95.8,282
27.2,95.9,282
27.3,96.0,282
27.3,96.1,1176
27.3,96.2,1176
27.3,96.5,1877
27.4,96.0,1205
27.4,96.1,1176
27.4,96.2,1176
27.5,95.9,1205
27.5,96.0,1205
27.5,96.1,1305
27.5,96.2,1305
27.6,95.8,145
27.6,95.9,145
27.6,96.4,755
27.7,95.8,633
27.7,95.9,633
27.7,96.0,623
27.7,96.1,623
27.8,96.4,755
27.8,96.8,525
27.9,95.4,1314
27.9,95.5,1314
27.9,96.0,1104
27.9,96.1,151
27.9,96.4,577
27.9,96.5,577
27.9,96.6,71
28.0,95.6,1314
28.0,95.7,1201
28.0,95.8,630
28.0,96.4,577
28.0,96.5,577
27.0,95.6,1445
27.0,95.7,127
27.1,95.6,574
27.1,95.7,1155
27.2,96.0,282
27.2,96.1,1176
27.5,96.3,1305
27.5,96.4,1877
27.6,96.0,623
27.6,96.1,623
27.6,96.3,616
27.8,95.9,1104
27.8,96.0,1104
27.8,96.1,151
27.8,96.3,151
27.9,96.3,151
27.3,96.3,1176
27.3,96.4,1877
27.4,96.3,1176
27.4,96.4,1877
27.6,96.2,616
27.7,96.2,616
27.7,96.3,616
27.8,96.2,151
27.9,96.2,151
27.4,96.5,1877
30.8,76.8,1123
20.2,73.0,801
20.8,70.8,420
20.9,70.8,1618
20.9,70.9,1856
