cluster,month,hist_norm
0,1,4.763682
0,2,4.765524
0,3,4.8094754
0,4,4.8709807
0,5,4.8608546
0,6,4.860022
0,7,4.833684
0,8,4.8253093
0,9,4.820374
0,10,4.809485
0,11,4.775361
0,12,4.7703524
1,1,4.7238846
1,2,4.744515
1,3,4.770691
1,4,4.838428
1,5,4.8628573
1,6,4.8330216
1,7,4.8272915
1,8,4.819018
1,9,4.829348
1,10,4.8210716
1,11,4.766885
1,12,4.7524467
2,1,4.869283
2,2,4.8697567
2,3,4.8836
2,4,4.9442425
2,5,4.9147134
2,6,4.8958797
2,7,4.851912
2,8,4.842535
2,9,4.846874
2,10,4.820636
2,11,4.8354187
2,12,4.8513227
3,1,4.7399244
3,2,4.7596607
3,3,4.811747
3,4,4.8955054
3,5,4.868792
3,6,4.8615813
3,7,4.820001
3,8,4.823297
3,9,4.8179216
3,10,4.800267
3,11,4.7674274
3,12,4.781103
4,1,4.7814717
4,2,4.7941446
4,3,4.8115373
4,4,4.8753347
4,5,4.8770304
4,6,4.882643
4,7,4.84274
4,8,4.8349967
4,9,4.846162
4,10,4.8035817
4,11,4.7952437
4,12,4.776565
5,1,4.7233534
5,2,4.736044
5,3,4.7885814
5,4,4.8492436
5,5,4.8526554
5,6,4.858018
5,7,4.838969
5,8,4.8257356
5,9,4.828246
5,10,4.8154216
5,11,4.7827063
5,12,4.7473974
6,1,4.6932855
6,2,4.728024
6,3,4.742343
6,4,4.8084354
6,5,4.8312745
6,6,4.8242397
6,7,4.8183036
6,8,4.820884
6,9,4.816346
6,10,4.809798
6,11,4.758635
6,12,4.7322774
7,1,4.790781
7,2,4.793105
7,3,4.847619
7,4,4.8968377
7,5,4.8969593
7,6,4.8587384
7,7,4.8358727
7,8,4.824813
7,9,4.825727
7,10,4.813511
7,11,4.7921987
7,12,4.797712
8,1,4.74089
8,2,4.7477803
8,3,4.7648335
8,4,4.8274446
8,5,4.826656
8,6,4.839196
8,7,4.8285837
8,8,4.818315
8,9,4.81649
8,10,4.790542
8,11,4.763437
8,12,4.71517
9,1,4.761539
9,2,4.782719
9,3,4.8394446
9,4,4.891008
9,5,4.8621116
9,6,4.854164
9,7,4.8337026
9,8,4.8205457
9,9,4.8328013
9,10,4.810242
9,11,4.8112416
9,12,4.828538
10,1,4.7414403
10,2,4.7500834
10,3,4.8105407
10,4,4.865686
10,5,4.8737674
10,6,4.8639545
10,7,4.838529
10,8,4.830213
10,9,4.827193
10,10,4.8199635
10,11,4.7840466
10,12,4.7615933
11,1,4.7057924
11,2,4.730709
11,3,4.7696166
11,4,4.823398
11,5,4.831842
11,6,4.834299
11,7,4.829784
11,8,4.822193
11,9,4.828879
11,10,4.8098717
11,11,4.77878
11,12,4.732905
12,1,4.72033
12,2,4.7374983
12,3,4.7635493
12,4,4.829078
12,5,4.8632727
12,6,4.847059
12,7,4.836723
12,8,4.820924
12,9,4.8358145
12,10,4.825338
12,11,4.7837777
12,12,4.7468657
13,1,4.7961483
13,2,4.780945
13,3,4.8478026
13,4,4.896508
13,5,4.8672404
13,6,4.86014
13,7,4.8170233
13,8,4.8121448
13,9,4.816103
13,10,4.793291
13,11,4.7626657
13,12,4.773314
14,1,4.785509
14,2,4.7874784
14,3,4.848878
14,4,4.8900204
14,5,4.8859406
14,6,4.863189
14,7,4.83384
14,8,4.8298745
14,9,4.8215256
14,10,4.818739
14,11,4.777892
14,12,4.7835073
15,1,4.8459396
15,2,4.880324
15,3,4.871171
15,4,4.9525113
15,5,4.9025064
15,6,4.882924
15,7,4.85698
15,8,4.8448777
15,9,4.8424315
15,10,4.8182106
15,11,4.8202734
15,12,4.8514833
16,1,4.7950583
16,2,4.7946715
16,3,4.829607
16,4,4.9019895
16,5,4.893812
16,6,4.873261
16,7,4.82433
16,8,4.8257947
16,9,4.818756
16,10,4.8043723
16,11,4.7710576
16,12,4.788465
17,1,4.8831744
17,2,4.8986135
17,3,4.880053
17,4,4.946826
17,5,4.892585
17,6,4.869083
17,7,4.8336697
17,8,4.816395
17,9,4.8144116
17,10,4.8017464
17,11,4.8157077
17,12,4.8791733
18,1,4.7443223
18,2,4.7550764
18,3,4.801037
18,4,4.879354
18,5,4.855354
18,6,4.8154545
18,7,4.791272
18,8,4.786902
18,9,4.791952
18,10,4.781994
18,11,4.801549
18,12,4.825323
19,1,4.8008204
19,2,4.776042
19,3,4.814599
19,4,4.879126
19,5,4.8891077
19,6,4.8606324
19,7,4.8349347
19,8,4.8306346
19,9,4.839026
19,10,4.7915406
19,11,4.7766266
19,12,4.756714
20,1,4.708058
20,2,4.731782
20,3,4.7782707
20,4,4.851778
20,5,4.8476057
20,6,4.8601856
20,7,4.8284764
20,8,4.8219366
20,9,4.806717
20,10,4.7953897
20,11,4.767753
20,12,4.782013
21,1,4.7275286
21,2,4.745071
21,3,4.766269
21,4,4.8467145
21,5,4.8727584
21,6,4.8517265
21,7,4.8333516
21,8,4.826732
21,9,4.837026
21,10,4.823687
21,11,4.7691836
21,12,4.7669206
22,1,4.707235
22,2,4.7508483
22,3,4.748872
22,4,4.821689
22,5,4.8406
22,6,4.8373876
22,7,4.8364987
22,8,4.81655
22,9,4.832401
22,10,4.8202815
22,11,4.777204
22,12,4.7439294
23,1,4.7478733
23,2,4.752668
23,3,4.8289943
23,4,4.8861628
23,5,4.866746
23,6,4.8639417
23,7,4.841301
23,8,4.821525
23,9,4.830785
23,10,4.8218055
23,11,4.8187413
23,12,4.8123946
24,1,4.779754
24,2,4.8091145
24,3,4.8461523
24,4,4.9171486
24,5,4.8865223
24,6,4.8695025
24,7,4.836125
24,8,4.8205023
24,9,4.835457
24,10,4.8395495
24,11,4.847593
24,12,4.8590245
25,1,4.837192
25,2,4.8716445
25,3,4.8671327
25,4,4.9319553
25,5,4.89513
25,6,4.866754
25,7,4.83899
25,8,4.834147
25,9,4.8365383
25,10,4.811319
25,11,4.8210397
25,12,4.8350596
26,1,4.7802
26,2,4.7750025
26,3,4.824745
26,4,4.8799105
26,5,4.880883
26,6,4.866963
26,7,4.829631
26,8,4.826572
26,9,4.8246965
26,10,4.8219256
26,11,4.773534
26,12,4.782805
27,1,4.8341446
27,2,4.7977357
27,3,4.8239503
27,4,4.9098067
27,5,4.893201
27,6,4.865855
27,7,4.8303022
27,8,4.8298874
27,9,4.833358
27,10,4.8063645
27,11,4.79718
27,12,4.8000526
28,1,4.7829156
28,2,4.777411
28,3,4.8146353
28,4,4.875718
28,5,4.8735757
28,6,4.864885
28,7,4.831589
28,8,4.81782
28,9,4.8236246
28,10,4.8089733
28,11,4.778817
28,12,4.769517
29,1,4.7331147
29,2,4.7297974
29,3,4.7910132
29,4,4.8450174
29,5,4.8569407
29,6,4.8601613
29,7,4.8337417
29,8,4.8252125
29,9,4.8272157
29,10,4.8073263
29,11,4.7679133
29,12,4.747768
30,1,4.76331
30,2,4.754507
30,3,4.7954245
30,4,4.867206
30,5,4.894084
30,6,4.8692493
30,7,4.8454757
30,8,4.83549
30,9,4.85608
30,10,4.8081765
30,11,4.7821665
30,12,4.759288
31,1,4.761056
31,2,4.764828
31,3,4.8072596
31,4,4.858201
31,5,4.8740873
31,6,4.8658338
31,7,4.835919
31,8,4.8310437
31,9,4.8253326
31,10,4.812398
31,11,4.776276
31,12,4.7512255
32,1,4.726332
32,2,4.737281
32,3,4.7684298
32,4,4.827812
32,5,4.8569355
32,6,4.8494306
32,7,4.8370023
32,8,4.8156857
32,9,4.836905
32,10,4.811228
32,11,4.776626
32,12,4.743054
33,1,4.8793316
33,2,4.8539023
33,3,4.8735485
33,4,4.9300213
33,5,4.921881
33,6,4.8886347
33,7,4.8505864
33,8,4.847464
33,9,4.8473854
33,10,4.8345556
33,11,4.870183
33,12,4.9000716
34,1,4.740687
34,2,4.7422223
34,3,4.7895937
34,4,4.820026
34,5,4.819328
34,6,4.834873
34,7,4.8141665
34,8,4.8207893
34,9,4.8064427
34,10,4.777099
34,11,4.7570167
34,12,4.70986
35,1,4.817922
35,2,4.7823105
35,3,4.828709
35,4,4.9144254
35,5,4.8826957
35,6,4.867067
35,7,4.8206196
35,8,4.8193426
35,9,4.821666
35,10,4.797604
35,11,4.773786
35,12,4.79738
36,1,4.8320317
36,2,4.7822614
36,3,4.8252373
36,4,4.913972
36,5,4.8927145
36,6,4.870434
36,7,4.8298945
36,8,4.8271894
36,9,4.8233175
36,10,4.8048315
36,11,4.779134
36,12,4.793364
37,1,4.698902
37,2,4.736502
37,3,4.753126
37,4,4.807574
37,5,4.8168664
37,6,4.8329244
37,7,4.831135
37,8,4.8209734
37,9,4.8358755
37,10,4.809362
37,11,4.77336
37,12,4.7424808
38,1,4.720304
38,2,4.7589264
38,3,4.7717466
38,4,4.8400936
38,5,4.849224
38,6,4.847497
38,7,4.835445
38,8,4.8217926
38,9,4.825298
38,10,4.8118744
38,11,4.789293
38,12,4.7508135
39,1,4.8024697
39,2,4.7739472
39,3,4.806768
39,4,4.8987155
39,5,4.895259
39,6,4.876902
39,7,4.846699
39,8,4.8366537
39,9,4.841444
39,10,4.80749
39,11,4.7960353
39,12,4.767415
40,1,4.765355
40,2,4.748207
40,3,4.7983155
40,4,4.865172
40,5,4.891682
40,6,4.859633
40,7,4.8387904
40,8,4.835645
40,9,4.8448358
40,10,4.81941
40,11,4.7895436
40,12,4.756665
41,1,4.857011
41,2,4.9020143
41,3,4.8578353
41,4,4.927476
41,5,4.8777776
41,6,4.8435636
41,7,4.814783
41,8,4.8075924
41,9,4.7992306
41,10,4.7806644
41,11,4.8016424
41,12,4.8466263
42,1,4.747078
42,2,4.7386684
42,3,4.799943
42,4,4.8547807
42,5,4.8677697
42,6,4.858233
42,7,4.833669
42,8,4.8248587
42,9,4.8292713
42,10,4.8177943
42,11,4.772913
42,12,4.749867
43,1,4.7040095
43,2,4.728971
43,3,4.764636
43,4,4.7846446
43,5,4.7959304
43,6,4.8068285
43,7,4.8132157
43,8,4.8107457
43,9,4.8124156
43,10,4.7955713
43,11,4.7611756
43,12,4.7129836
44,1,4.831212
44,2,4.862618
44,3,4.877053
44,4,4.9448967
44,5,4.899333
44,6,4.874446
44,7,4.847031
44,8,4.8387733
44,9,4.843495
44,10,4.818762
44,11,4.821524
44,12,4.8361
45,1,4.8149943
45,2,4.8240685
45,3,4.860214
45,4,4.911975
45,5,4.8893447
45,6,4.880345
45,7,4.8343053
45,8,4.826852
45,9,4.826211
45,10,4.810105
45,11,4.797997
45,12,4.7979717
46,1,4.770137
46,2,4.7673397
46,3,4.8445635
46,4,4.895822
46,5,4.8627872
46,6,4.8767567
46,7,4.830186
46,8,4.823248
46,9,4.8427567
46,10,4.819761
46,11,4.811154
46,12,4.8350263
47,1,4.718296
47,2,4.7439656
47,3,4.7620263
47,4,4.863108
47,5,4.8474493
47,6,4.8551526
47,7,4.820252
47,8,4.814832
47,9,4.811198
47,10,4.8106804
47,11,4.7624435
47,12,4.761229
48,1,4.7570634
48,2,4.7574043
48,3,4.810303
48,4,4.870375
48,5,4.865764
48,6,4.8633313
48,7,4.827058
48,8,4.8217506
48,9,4.8266926
48,10,4.8186994
48,11,4.7772675
48,12,4.7678084
49,1,4.719258
49,2,4.7275662
49,3,4.7750816
49,4,4.8328686
49,5,4.8406982
49,6,4.842271
49,7,4.8367968
49,8,4.8181834
49,9,4.827118
49,10,4.8183284
49,11,4.783339
49,12,4.743955
50,1,4.7027907
50,2,4.7326717
50,3,4.743952
50,4,4.814981
50,5,4.839259
50,6,4.8288565
50,7,4.8321266
50,8,4.8237667
50,9,4.8340187
50,10,4.822853
50,11,4.7716784
50,12,4.733634
51,1,4.7919126
51,2,4.7941194
51,3,4.8124723
51,4,4.888886
51,5,4.9056973
51,6,4.875862
51,7,4.8423963
51,8,4.8347864
51,9,4.8407845
51,10,4.8042483
51,11,4.784242
51,12,4.7746987
52,1,4.7383766
52,2,4.7353215
52,3,4.781627
52,4,4.8404307
52,5,4.8568997
52,6,4.840909
52,7,4.835041
52,8,4.8233624
52,9,4.8270893
52,10,4.8202453
52,11,4.7673035
52,12,4.7502446
53,1,4.711069
53,2,4.7383447
53,3,4.817305
53,4,4.8305225
53,5,4.8374343
53,6,4.8227253
53,7,4.7935486
53,8,4.8000884
53,9,4.7997646
53,10,4.782387
53,11,4.7882843
53,12,4.800757
54,1,4.741482
54,2,4.772844
54,3,4.8173585
54,4,4.874357
54,5,4.857855
54,6,4.855172
54,7,4.8221226
54,8,4.8134294
54,9,4.826587
54,10,4.808169
54,11,4.791236
54,12,4.804438
55,1,4.756692
55,2,4.730738
55,3,4.816136
55,4,4.8718734
55,5,4.87327
55,6,4.860785
55,7,4.8313537
55,8,4.825038
55,9,4.826412
55,10,4.811956
55,11,4.774596
55,12,4.7640023
56,1,4.915849
56,2,4.9367523
56,3,4.895347
56,4,4.9985747
56,5,4.9146028
56,6,4.8920345
56,7,4.857165
56,8,4.8326087
56,9,4.8311195
56,10,4.812972
56,11,4.820673
56,12,4.896579
57,1,4.816292
57,2,4.82731
57,3,4.8584323
57,4,4.916244
57,5,4.887651
57,6,4.86406
57,7,4.8296638
57,8,4.8279386
57,9,4.8210034
57,10,4.8002067
57,11,4.7817574
57,12,4.803469
58,1,4.8065495
58,2,4.8316584
58,3,4.861634
58,4,4.9237413
58,5,4.9151874
58,6,4.882917
58,7,4.841845
58,8,4.840178
58,9,4.841926
58,10,4.8308325
58,11,4.841216
58,12,4.872944
59,1,4.7677116
59,2,4.8045125
59,3,4.8408203
59,4,4.9295382
59,5,4.881992
59,6,4.8647504
59,7,4.8264303
59,8,4.822477
59,9,4.830057
59,10,4.8145785
59,11,4.839877
59,12,4.8470163
60,1,4.7422953
60,2,4.7576604
60,3,4.820484
60,4,4.8739157
60,5,4.871119
60,6,4.86212
60,7,4.8359547
60,8,4.8225665
60,9,4.8173585
60,10,4.8160076
60,11,4.775064
60,12,4.759133
61,1,4.8165946
61,2,4.8003917
61,3,4.860842
61,4,4.9133043
61,5,4.881935
61,6,4.8643146
61,7,4.83223
61,8,4.8281865
61,9,4.8337755
61,10,4.814969
61,11,4.787245
61,12,4.7894526
62,1,4.7802544
62,2,4.8158097
62,3,4.795011
62,4,4.900961
62,5,4.867173
62,6,4.8629184
62,7,4.8199825
62,8,4.82174
62,9,4.8217535
62,10,4.8013163
62,11,4.7723193
62,12,4.7749114
63,1,4.749038
63,2,4.7340894
63,3,4.795161
63,4,4.8520894
63,5,4.8737454
63,6,4.865115
63,7,4.8333616
63,8,4.8277802
63,9,4.823515
63,10,4.812887
63,11,4.7716703
63,12,4.760007
64,1,4.746222
64,2,4.786706
64,3,4.8313375
64,4,4.882221
64,5,4.8607197
64,6,4.87058
64,7,4.834622
64,8,4.8248124
64,9,4.838854
64,10,4.8163443
64,11,4.8096843
64,12,4.815076
65,1,4.7003717
65,2,4.725363
65,3,4.751708
65,4,4.8172874
65,5,4.8361335
65,6,4.831474
65,7,4.8295856
65,8,4.817697
65,9,4.8398895
65,10,4.8107243
65,11,4.780295
65,12,4.740335
66,1,4.741667
66,2,4.759892
66,3,4.821267
66,4,4.8862696
66,5,4.863631
66,6,4.8606687
66,7,4.836347
66,8,4.809725
66,9,4.833776
66,10,4.8233814
66,11,4.811342
66,12,4.8273396
67,1,4.7239647
67,2,4.737212
67,3,4.771111
67,4,4.838132
67,5,4.8464446
67,6,4.840772
67,7,4.8254704
67,8,4.825759
67,9,4.837272
67,10,4.813426
67,11,4.784591
67,12,4.755234
68,1,4.7332897
68,2,4.740599
68,3,4.789334
68,4,4.846011
68,5,4.8501496
68,6,4.854197
68,7,4.8343797
68,8,4.8209105
68,9,4.828779
68,10,4.8161488
68,11,4.768726
68,12,4.741579
69,1,4.729155
69,2,4.7628813
69,3,4.7760158
69,4,4.8447924
69,5,4.867425
69,6,4.8487644
69,7,4.8281646
69,8,4.8226423
69,9,4.828507
69,10,4.825954
69,11,4.787033
69,12,4.74455
70,1,4.7915936
70,2,4.77763
70,3,4.818125
70,4,4.8960233
70,5,4.878593
70,6,4.8624578
70,7,4.828007
70,8,4.820023
70,9,4.8240385
70,10,4.8013377
70,11,4.7717414
70,12,4.7674794
71,1,4.7781286
71,2,4.7775416
71,3,4.8338237
71,4,4.8844523
71,5,4.8861856
71,6,4.870981
71,7,4.825523
71,8,4.820358
71,9,4.823006
71,10,4.814006
71,11,4.7761917
71,12,4.7762866
72,1,4.729926
72,2,4.7604885
72,3,4.8088694
72,4,4.8659644
72,5,4.860717
72,6,4.8632293
72,7,4.8218265
72,8,4.819202
72,9,4.828956
72,10,4.806187
72,11,4.7619967
72,12,4.776521
73,1,4.7788253
73,2,4.777694
73,3,4.8322616
73,4,4.8696446
73,5,4.8897343
73,6,4.868356
73,7,4.8343806
73,8,4.836061
73,9,4.844552
73,10,4.8177013
73,11,4.784498
73,12,4.7533183
74,1,4.829734
74,2,4.873313
74,3,4.832153
74,4,4.9171305
74,5,4.8700943
74,6,4.843868
74,7,4.818969
74,8,4.798718
74,9,4.794997
74,10,4.7846727
74,11,4.792536
74,12,4.83499
75,1,4.7333293
75,2,4.757844
75,3,4.808901
75,4,4.860655
75,5,4.8761063
75,6,4.8599772
75,7,4.83008
75,8,4.8286123
75,9,4.823343
75,10,4.819996
75,11,4.7755804
75,12,4.7598834
76,1,4.7303905
76,2,4.731245
76,3,4.8056283
76,4,4.8768735
76,5,4.8652945
76,6,4.8568964
76,7,4.838194
76,8,4.824588
76,9,4.8382983
76,10,4.8201284
76,11,4.7930903
76,12,4.812895
77,1,4.861501
77,2,4.8728538
77,3,4.8752613
77,4,4.947838
77,5,4.9017887
77,6,4.8867593
77,7,4.8528943
77,8,4.83869
77,9,4.84412
77,10,4.814391
77,11,4.8125753
77,12,4.845856
78,1,4.7144704
78,2,4.724342
78,3,4.762684
78,4,4.850097
78,5,4.8299212
78,6,4.8393865
78,7,4.817629
78,8,4.8075585
78,9,4.815273
78,10,4.789957
78,11,4.762703
78,12,4.7715063
79,1,4.69879
79,2,4.7193203
79,3,4.753083
79,4,4.8052483
79,5,4.821353
79,6,4.83566
79,7,4.832685
79,8,4.81796
79,9,4.836416
79,10,4.821178
79,11,4.785065
79,12,4.733689
80,1,4.8376117
80,2,4.81147
80,3,4.874457
80,4,4.9226847
80,5,4.912091
80,6,4.8655677
80,7,4.858034
80,8,4.8470006
80,9,4.8420634
80,10,4.8298583
80,11,4.8882914
80,12,4.8744454
81,1,4.7110486
81,2,4.722453
81,3,4.7558627
81,4,4.818726
81,5,4.839741
81,6,4.8331695
81,7,4.8321486
81,8,4.824043
81,9,4.8257565
81,10,4.820235
81,11,4.79063
81,12,4.7411547
82,1,4.814009
82,2,4.7825966
82,3,4.8286147
82,4,4.8985987
82,5,4.8888154
82,6,4.860967
82,7,4.8300295
82,8,4.821946
82,9,4.826124
82,10,4.814305
82,11,4.7780824
82,12,4.776359
83,1,4.7261653
83,2,4.738304
83,3,4.779006
83,4,4.8211517
83,5,4.8575864
83,6,4.833642
83,7,4.823154
83,8,4.8207335
83,9,4.82125
83,10,4.81423
83,11,4.777945
83,12,4.751641
84,1,4.7839856
84,2,4.788224
84,3,4.813077
84,4,4.881382
84,5,4.8797507
84,6,4.872801
84,7,4.828131
84,8,4.8289194
84,9,4.824269
84,10,4.8184004
84,11,4.7726083
84,12,4.7775946
85,1,4.811477
85,2,4.8498654
85,3,4.850961
85,4,4.9115763
85,5,4.8890033
85,6,4.8698215
85,7,4.826135
85,8,4.8280334
85,9,4.820611
85,10,4.803568
85,11,4.783235
85,12,4.7992563
86,1,4.767341
86,2,4.767057
86,3,4.8042417
86,4,4.8914623
86,5,4.871137
86,6,4.8817153
86,7,4.836047
86,8,4.8175755
86,9,4.833766
86,10,4.8339
86,11,4.836367
86,12,4.833917
87,1,4.8180885
87,2,4.814802
87,3,4.847086
87,4,4.9299245
87,5,4.8805547
87,6,4.866989
87,7,4.8184743
87,8,4.823835
87,9,4.828448
87,10,4.7945523
87,11,4.7776375
87,12,4.802234
88,1,4.7724924
88,2,4.7694387
88,3,4.8090034
88,4,4.8812876
88,5,4.903861
88,6,4.884383
88,7,4.8429475
88,8,4.8395624
88,9,4.839398
88,10,4.8057356
88,11,4.792922
88,12,4.7821813
89,1,4.7096934
89,2,4.731041
89,3,4.7500877
89,4,4.8109465
89,5,4.8269
89,6,4.832346
89,7,4.832452
89,8,4.8154755
89,9,4.8330326
89,10,4.8143306
89,11,4.7774515
89,12,4.7286744
90,1,4.800099
90,2,4.791127
90,3,4.850626
90,4,4.894677
90,5,4.8975654
90,6,4.8689704
90,7,4.8337493
90,8,4.827012
90,9,4.8283205
90,10,4.805941
90,11,4.7950063
90,12,4.8087626
91,1,4.81082
91,2,4.7846766
91,3,4.8531766
91,4,4.9159026
91,5,4.883504
91,6,4.8669777
91,7,4.8295307
91,8,4.830767
91,9,4.8434143
91,10,4.838297
91,11,4.842801
91,12,4.853395
92,1,4.761852
92,2,4.7578793
92,3,4.8338
92,4,4.8985767
92,5,4.8766
92,6,4.874186
92,7,4.8323846
92,8,4.82361
92,9,4.8210955
92,10,4.8150134
92,11,4.8318105
92,12,4.8209896
93,1,4.78519
93,2,4.7768674
93,3,4.819459
93,4,4.877166
93,5,4.889558
93,6,4.871025
93,7,4.8449616
93,8,4.837008
93,9,4.8378134
93,10,4.801993
93,11,4.7744045
93,12,4.76751
94,1,4.7905498
94,2,4.799484
94,3,4.8507915
94,4,4.908957
94,5,4.883643
94,6,4.8725863
94,7,4.836027
94,8,4.8243604
94,9,4.8368397
94,10,4.8276696
94,11,4.8333473
94,12,4.8636303
95,1,4.743356
95,2,4.7490954
95,3,4.8240805
95,4,4.8708315
95,5,4.8578033
95,6,4.864124
95,7,4.8347163
95,8,4.8181095
95,9,4.8385158
95,10,4.8218904
95,11,4.7988434
95,12,4.7980175
96,1,4.9192853
96,2,4.8984137
96,3,4.8904676
96,4,4.9492955
96,5,4.8696065
96,6,4.826677
96,7,4.8032293
96,8,4.7983747
96,9,4.7945743
96,10,4.7768855
96,11,4.8186917
96,12,4.8602285
97,1,4.7192388
97,2,4.7254863
97,3,4.78479
97,4,4.84391
97,5,4.8554473
97,6,4.854378
97,7,4.831607
97,8,4.825206
97,9,4.8228893
97,10,4.815863
97,11,4.781094
97,12,4.740207
98,1,4.763908
98,2,4.774256
98,3,4.828156
98,4,4.8731675
98,5,4.86797
98,6,4.8669877
98,7,4.8257217
98,8,4.8216085
98,9,4.820581
98,10,4.813534
98,11,4.7668557
98,12,4.7713923
99,1,4.775989
99,2,4.7768993
99,3,4.795962
99,4,4.881161
99,5,4.8887496
99,6,4.886285
99,7,4.841387
99,8,4.8403935
99,9,4.846088
99,10,4.807154
99,11,4.7904954
99,12,4.7675796
100,1,4.7061677
100,2,4.721602
100,3,4.726459
100,4,4.8103666
100,5,4.831228
100,6,4.8293304
100,7,4.8242893
100,8,4.820009
100,9,4.833347
100,10,4.822478
100,11,4.7746387
100,12,4.7378
101,1,4.72838
101,2,4.7269025
101,3,4.7726135
101,4,4.8322434
101,5,4.845484
101,6,4.8363624
101,7,4.82562
101,8,4.818849
101,9,4.8397894
101,10,4.8233557
101,11,4.779141
101,12,4.7345333
102,1,4.7963243
102,2,4.7536383
102,3,4.842509
102,4,4.8729696
102,5,4.8770704
102,6,4.8596034
102,7,4.8216558
102,8,4.8213706
102,9,4.8194666
102,10,4.808595
102,11,4.758854
102,12,4.7654085
103,1,4.7384133
103,2,4.7481585
103,3,4.768859
103,4,4.8326693
103,5,4.8386474
103,6,4.833956
103,7,4.8205857
103,8,4.832257
103,9,4.8201246
103,10,4.802543
103,11,4.7719316
103,12,4.7165713
104,1,4.7265925
104,2,4.7402763
104,3,4.775747
104,4,4.8455267
104,5,4.8557215
104,6,4.8495617
104,7,4.8298125
104,8,4.815086
104,9,4.8268056
104,10,4.817157
104,11,4.770125
104,12,4.748221
105,1,4.7554994
105,2,4.752059
105,3,4.803053
105,4,4.8590326
105,5,4.882142
105,6,4.864629
105,7,4.842945
105,8,4.8333893
105,9,4.843369
105,10,4.8202686
105,11,4.786183
105,12,4.7660093
106,1,4.7520537
106,2,4.757647
106,3,4.819497
106,4,4.890476
106,5,4.8724084
106,6,4.8693805
106,7,4.833048
106,8,4.8131785
106,9,4.8324137
106,10,4.8163733
106,11,4.819352
106,12,4.823351
107,1,4.74177
107,2,4.7602153
107,3,4.8147907
107,4,4.8691144
107,5,4.873381
107,6,4.8655906
107,7,4.835552
107,8,4.8281584
107,9,4.829058
107,10,4.8117833
107,11,4.778521
107,12,4.7633343
108,1,4.856672
108,2,4.8025517
108,3,4.8505363
108,4,4.9123845
108,5,4.890183
108,6,4.8659086
108,7,4.8311505
108,8,4.826772
108,9,4.8231373
108,10,4.803736
108,11,4.771204
108,12,4.8040276
109,1,4.7885222
109,2,4.7913485
109,3,4.8223515
109,4,4.8837447
109,5,4.876746
109,6,4.8740172
109,7,4.8365726
109,8,4.8235545
109,9,4.817506
109,10,4.816551
109,11,4.780405
109,12,4.7876515
110,1,4.7167363
110,2,4.7314906
110,3,4.7527905
110,4,4.8104634
110,5,4.815831
110,6,4.831741
110,7,4.816889
110,8,4.8087807
110,9,4.819152
110,10,4.806941
110,11,4.7608414
110,12,4.7305255
111,1,4.800735
111,2,4.7993517
111,3,4.8491917
111,4,4.9182167
111,5,4.890036
111,6,4.866361
111,7,4.8273168
111,8,4.8246384
111,9,4.8230968
111,10,4.806551
111,11,4.777555
111,12,4.7869344
112,1,4.7339363
112,2,4.741064
112,3,4.787337
112,4,4.8491917
112,5,4.863519
112,6,4.84461
112,7,4.8342457
112,8,4.82497
112,9,4.8315663
112,10,4.8170114
112,11,4.7755013
112,12,4.752258
113,1,4.7569566
113,2,4.766594
113,3,4.827357
113,4,4.8679113
113,5,4.873606
113,6,4.8620234
113,7,4.825725
113,8,4.8284793
113,9,4.8317604
113,10,4.8136034
113,11,4.77056
113,12,4.752273
114,1,4.7805314
114,2,4.7642446
114,3,4.8183804
114,4,4.878366
114,5,4.8987656
114,6,4.8804765
114,7,4.8480034
114,8,4.8314357
114,9,4.8450184
114,10,4.8073034
114,11,4.7780066
114,12,4.7678385
115,1,4.7540956
115,2,4.7499247
115,3,4.787897
115,4,4.826608
115,5,4.8360868
115,6,4.8332524
115,7,4.8259144
115,8,4.8242536
115,9,4.8164496
115,10,4.79099
115,11,4.7626557
115,12,4.7226257
116,1,4.761815
116,2,4.768353
116,3,4.807297
116,4,4.8725085
116,5,4.8811183
116,6,4.8729906
116,7,4.828293
116,8,4.8276606
116,9,4.8201313
116,10,4.8224187
116,11,4.7788677
116,12,4.775019
117,1,4.7286515
117,2,4.739092
117,3,4.7671766
117,4,4.8358
117,5,4.859194
117,6,4.8475924
117,7,4.835073
117,8,4.8205953
117,9,4.8310313
117,10,4.8146
117,11,4.7820506
117,12,4.7480893
118,1,4.7183414
118,2,4.7342815
118,3,4.7653913
118,4,4.8294
118,5,4.842751
118,6,4.837497
118,7,4.828561
118,8,4.820408
118,9,4.8229456
118,10,4.8105893
118,11,4.7923894
118,12,4.735356
119,1,4.719364
119,2,4.7449265
119,3,4.7519026
119,4,4.8249974
119,5,4.853008
119,6,4.8381033
119,7,4.8235826
119,8,4.8248215
119,9,4.8359227
119,10,4.8121786
119,11,4.778591
119,12,4.748579
120,1,4.8360057
120,2,4.8204618
120,3,4.8619533
120,4,4.9434342
120,5,4.903947
120,6,4.8881187
120,7,4.8579216
120,8,4.839772
120,9,4.838056
120,10,4.8271017
120,11,4.83492
120,12,4.873661
121,1,4.808404
121,2,4.79955
121,3,4.8597474
121,4,4.9095597
121,5,4.894344
121,6,4.87516
121,7,4.845044
121,8,4.8324027
121,9,4.843725
121,10,4.8253508
121,11,4.859045
121,12,4.873626
122,1,4.7320967
122,2,4.7418995
122,3,4.7824454
122,4,4.840114
122,5,4.849455
122,6,4.8488946
122,7,4.8350863
122,8,4.8196044
122,9,4.8273587
122,10,4.8219028
122,11,4.7935104
122,12,4.7625513
123,1,4.9018817
123,2,4.893158
123,3,4.8934093
123,4,4.9697237
123,5,4.9160557
123,6,4.8766136
123,7,4.8599896
123,8,4.842711
123,9,4.8363075
123,10,4.8101974
123,11,4.810752
123,12,4.8586164
124,1,4.709934
124,2,4.735366
124,3,4.769576
124,4,4.816775
124,5,4.836115
124,6,4.8390574
124,7,4.8341646
124,8,4.8228703
124,9,4.8418655
124,10,4.8127294
124,11,4.7808084
124,12,4.7350984
125,1,4.826614
125,2,4.8524747
125,3,4.852354
125,4,4.9151254
125,5,4.8956647
125,6,4.876271
125,7,4.8476048
125,8,4.831127
125,9,4.8399696
125,10,4.815928
125,11,4.814834
125,12,4.8143473
126,1,4.7268987
126,2,4.7532578
126,3,4.759416
126,4,4.8476906
126,5,4.850709
126,6,4.840772
126,7,4.823639
126,8,4.8295946
126,9,4.828508
126,10,4.8127384
126,11,4.7843394
126,12,4.751281
127,1,4.8038244
127,2,4.7780075
127,3,4.833824
127,4,4.9111996
127,5,4.868821
127,6,4.837223
127,7,4.822127
127,8,4.8133388
127,9,4.8083544
127,10,4.7999606
127,11,4.8387876
127,12,4.82748
128,1,4.760473
128,2,4.7343073
128,3,4.8174405
128,4,4.8658795
128,5,4.87161
128,6,4.8576674
128,7,4.8323007
128,8,4.8272552
128,9,4.822469
128,10,4.8108115
128,11,4.7683687
128,12,4.7660623
129,1,4.851789
129,2,4.8155284
129,3,4.852132
129,4,4.9387803
129,5,4.9167495
129,6,4.885461
129,7,4.841
129,8,4.8520837
129,9,4.845523
129,10,4.8376474
129,11,4.835266
129,12,4.880194
130,1,4.772186
130,2,4.7585764
130,3,4.8045297
130,4,4.8750186
130,5,4.88876
130,6,4.869201
130,7,4.846443
130,8,4.8375893
130,9,4.8454285
130,10,4.8102527
130,11,4.794916
130,12,4.7579412
131,1,4.8096466
131,2,4.825666
131,3,4.828309
131,4,4.8950715
131,5,4.885995
131,6,4.8408475
131,7,4.8146887
131,8,4.816806
131,9,4.804786
131,10,4.7936187
131,11,4.8272014
131,12,4.8607802
132,1,4.772081
132,2,4.751911
132,3,4.8101206
132,4,4.871842
132,5,4.869143
132,6,4.8614554
132,7,4.834992
132,8,4.825496
132,9,4.8275557
132,10,4.8143053
132,11,4.7784185
132,12,4.76478
133,1,4.7957325
133,2,4.7935085
133,3,4.8257074
133,4,4.9000077
133,5,4.885202
133,6,4.8647223
133,7,4.8351717
133,8,4.8310986
133,9,4.8266563
133,10,4.8136225
133,11,4.79169
133,12,4.7982287
134,1,4.784951
134,2,4.826287
134,3,4.821276
134,4,4.9158974
134,5,4.8750234
134,6,4.8539095
134,7,4.818566
134,8,4.820691
134,9,4.8074164
134,10,4.786603
134,11,4.7675548
134,12,4.785331
135,1,4.8393455
135,2,4.840247
135,3,4.852107
135,4,4.916132
135,5,4.8866057
135,6,4.8653994
135,7,4.825669
135,8,4.8313107
135,9,4.8201222
135,10,4.785005
135,11,4.775635
135,12,4.7989297
136,1,4.76124
136,2,4.769602
136,3,4.818303
136,4,4.8611155
136,5,4.86491
136,6,4.8528953
136,7,4.833712
136,8,4.8286085
136,9,4.8185
136,10,4.8003044
136,11,4.772957
136,12,4.764942
137,1,4.717333
137,2,4.727022
137,3,4.7899103
137,4,4.828083
137,5,4.861546
137,6,4.8433666
137,7,4.8276715
137,8,4.8276277
137,9,4.8322945
137,10,4.808842
137,11,4.7874255
137,12,4.751646
138,1,4.6962514
138,2,4.7338133
138,3,4.751106
138,4,4.8112764
138,5,4.8355613
138,6,4.8310013
138,7,4.830797
138,8,4.8171988
138,9,4.835439
138,10,4.815064
138,11,4.7730613
138,12,4.7466607
139,1,4.784067
139,2,4.8007674
139,3,4.81991
139,4,4.9148507
139,5,4.889083
139,6,4.856094
139,7,4.8232036
139,8,4.815692
139,9,4.8298883
139,10,4.8149023
139,11,4.8185325
139,12,4.832776
140,1,4.754869
140,2,4.7480874
140,3,4.796987
140,4,4.866457
140,5,4.864576
140,6,4.862979
140,7,4.835121
140,8,4.8268757
140,9,4.827891
140,10,4.812096
140,11,4.780398
140,12,4.769894
141,1,4.9074416
141,2,4.9490557
141,3,4.89357
141,4,4.970906
141,5,4.919357
141,6,4.889641
141,7,4.858526
141,8,4.8484807
141,9,4.8500338
141,10,4.8266525
141,11,4.8454947
141,12,4.878273
142,1,4.817026
142,2,4.8040147
142,3,4.827753
142,4,4.9148335
142,5,4.892213
142,6,4.8763576
142,7,4.8264117
142,8,4.826521
142,9,4.8324986
142,10,4.8083844
142,11,4.7925353
142,12,4.802781
143,1,4.7880836
143,2,4.793891
143,3,4.8598356
143,4,4.8922777
143,5,4.8936243
143,6,4.8733544
143,7,4.83346
143,8,4.8248506
143,9,4.8329883
143,10,4.814168
143,11,4.7875752
143,12,4.8115606
144,1,4.7888284
144,2,4.794171
144,3,4.842981
144,4,4.904917
144,5,4.890173
144,6,4.869071
144,7,4.8344336
144,8,4.8285108
144,9,4.8314557
144,10,4.8098536
144,11,4.785529
144,12,4.7950077
145,1,4.803181
145,2,4.768161
145,3,4.820465
145,4,4.8755717
145,5,4.8812714
145,6,4.8879566
145,7,4.841434
145,8,4.830911
145,9,4.847283
145,10,4.817757
145,11,4.791484
145,12,4.762852
146,1,4.7826715
146,2,4.773067
146,3,4.8331366
146,4,4.895333
146,5,4.864671
146,6,4.870436
146,7,4.838296
146,8,4.81387
146,9,4.8338366
146,10,4.8263054
146,11,4.816442
146,12,4.8322783
147,1,4.7701206
147,2,4.789277
147,3,4.810199
147,4,4.872992
147,5,4.8796334
147,6,4.88153
147,7,4.842145
147,8,4.8346987
147,9,4.842228
147,10,4.8090672
147,11,4.789266
147,12,4.765052
148,1,4.8063293
148,2,4.7875814
148,3,4.8341374
148,4,4.8885083
148,5,4.874542
148,6,4.8699803
148,7,4.8300576
148,8,4.8253717
148,9,4.82419
148,10,4.8138185
148,11,4.7806754
148,12,4.7856274
149,1,4.708356
149,2,4.738662
149,3,4.7668567
149,4,4.834218
149,5,4.860951
149,6,4.838925
149,7,4.833325
149,8,4.823248
149,9,4.829905
149,10,4.814904
149,11,4.7874165
149,12,4.7371116
150,1,4.8334684
150,2,4.8383517
150,3,4.859345
150,4,4.930764
150,5,4.901521
150,6,4.8836255
150,7,4.8445563
150,8,4.8401275
150,9,4.837484
150,10,4.814203
150,11,4.8178525
150,12,4.8316836
151,1,4.727562
151,2,4.738436
151,3,4.7713623
151,4,4.833975
151,5,4.858793
151,6,4.8535676
151,7,4.838783
151,8,4.8209524
151,9,4.8311405
151,10,4.815042
151,11,4.769853
151,12,4.735978
152,1,4.8214173
152,2,4.822755
152,3,4.83899
152,4,4.9047084
152,5,4.885675
152,6,4.870742
152,7,4.8315144
152,8,4.831326
152,9,4.826858
152,10,4.8131986
152,11,4.7876196
152,12,4.79233
153,1,4.77307
153,2,4.7790155
153,3,4.7955027
153,4,4.865337
153,5,4.873467
153,6,4.864415
153,7,4.8269477
153,8,4.8238573
153,9,4.814995
153,10,4.8092856
153,11,4.7613635
153,12,4.7652745
154,1,4.748242
154,2,4.7627444
154,3,4.833567
154,4,4.8800397
154,5,4.878332
154,6,4.8553715
154,7,4.8308096
154,8,4.8263435
154,9,4.8224487
154,10,4.8079405
154,11,4.786533
154,12,4.7648416
155,1,4.7803564
155,2,4.764127
155,3,4.858877
155,4,4.901599
155,5,4.873687
155,6,4.8708863
155,7,4.8296995
155,8,4.8312373
155,9,4.8376455
155,10,4.8383217
155,11,4.818352
155,12,4.8281984
156,1,4.7843723
156,2,4.8138847
156,3,4.852965
156,4,4.893825
156,5,4.8873425
156,6,4.861645
156,7,4.8283286
156,8,4.825184
156,9,4.819338
156,10,4.800788
156,11,4.777262
156,12,4.78154
157,1,4.7372737
157,2,4.7441897
157,3,4.763575
157,4,4.8465495
157,5,4.8566213
157,6,4.849776
157,7,4.84278
157,8,4.8269672
157,9,4.8374906
157,10,4.8187714
157,11,4.766856
157,12,4.748866
158,1,4.7718987
158,2,4.7537794
158,3,4.8107915
158,4,4.872587
158,5,4.879969
158,6,4.8647327
158,7,4.846381
158,8,4.8364725
158,9,4.8449264
158,10,4.820135
158,11,4.7885265
158,12,4.758638
159,1,4.8636155
159,2,4.8673377
159,3,4.900599
159,4,4.943582
159,5,4.880467
159,6,4.859019
159,7,4.8292203
159,8,4.81076
159,9,4.805319
159,10,4.7971396
159,11,4.8148894
159,12,4.8701625
160,1,4.8133492
160,2,4.832669
160,3,4.8572206
160,4,4.8958483
160,5,4.877155
160,6,4.8662868
160,7,4.8303776
160,8,4.8228993
160,9,4.8286777
160,10,4.812594
160,11,4.782187
160,12,4.799718
161,1,4.866874
161,2,4.876351
161,3,4.8720593
161,4,4.961683
161,5,4.918729
161,6,4.876629
161,7,4.842798
161,8,4.835362
161,9,4.8311634
161,10,4.8177695
161,11,4.8191595
161,12,4.8572135
162,1,4.7068467
162,2,4.728368
162,3,4.757481
162,4,4.8148713
162,5,4.833927
162,6,4.8339972
162,7,4.8345313
162,8,4.8130507
162,9,4.8438106
162,10,4.812124
162,11,4.7785773
162,12,4.7307096
163,1,4.7478237
163,2,4.757401
163,3,4.828945
163,4,4.8852115
163,5,4.8735614
163,6,4.865615
163,7,4.8358407
163,8,4.8235426
163,9,4.830625
163,10,4.8230643
163,11,4.8073387
163,12,4.7992363
164,1,4.7154136
164,2,4.742002
164,3,4.755315
164,4,4.8265824
164,5,4.847767
164,6,4.8362536
164,7,4.8330426
164,8,4.8214483
164,9,4.8339663
164,10,4.811052
164,11,4.7715187
164,12,4.7526207
165,1,4.716769
165,2,4.7406926
165,3,4.8241844
165,4,4.872688
165,5,4.849146
165,6,4.8455224
165,7,4.8284225
165,8,4.810634
165,9,4.809233
165,10,4.80116
165,11,4.778025
165,12,4.7817216
166,1,4.7133083
166,2,4.7234874
166,3,4.763521
166,4,4.8023047
166,5,4.809634
166,6,4.8175015
166,7,4.821808
166,8,4.8174076
166,9,4.8208356
166,10,4.8026805
166,11,4.760137
166,12,4.7215943
167,1,4.7492986
167,2,4.753045
167,3,4.809088
167,4,4.868079
167,5,4.8723187
167,6,4.865051
167,7,4.8381886
167,8,4.8338084
167,9,4.8341084
167,10,4.820507
167,11,4.768356
167,12,4.7594204
168,1,4.749788
168,2,4.7632203
168,3,4.7896643
168,4,4.8550277
168,5,4.879328
168,6,4.853471
168,7,4.8341947
168,8,4.8247433
168,9,4.826012
168,10,4.8212137
168,11,4.797499
168,12,4.7484736
169,1,4.7899084
169,2,4.7677097
169,3,4.86334
169,4,4.8922963
169,5,4.872856
169,6,4.8731985
169,7,4.8275414
169,8,4.823769
169,9,4.840113
169,10,4.830165
169,11,4.8306446
169,12,4.8350716
170,1,4.7533555
170,2,4.7586055
170,3,4.8323774
170,4,4.8930244
170,5,4.8711734
170,6,4.866999
170,7,4.841027
170,8,4.821469
170,9,4.8301096
170,10,4.8191786
170,11,4.8142185
170,12,4.827083
171,1,4.804909
171,2,4.8169765
171,3,4.836385
171,4,4.897965
171,5,4.882852
171,6,4.875248
171,7,4.834682
171,8,4.820884
171,9,4.8338413
171,10,4.8100543
171,11,4.7777166
171,12,4.783405
172,1,4.8061295
172,2,4.797059
172,3,4.8121543
172,4,4.892437
172,5,4.8880677
172,6,4.875415
172,7,4.8405237
172,8,4.8301525
172,9,4.8439307
172,10,4.8112087
172,11,4.7907124
172,12,4.7766223
173,1,4.698265
173,2,4.7199917
173,3,4.7838798
173,4,4.8393474
173,5,4.852474
173,6,4.849614
173,7,4.822049
173,8,4.814955
173,9,4.8125105
173,10,4.7910404
173,11,4.757333
173,12,4.7591195
174,1,4.7226615
174,2,4.7423086
174,3,4.790853
174,4,4.8444896
174,5,4.86182
174,6,4.860399
174,7,4.8340664
174,8,4.824827
174,9,4.8253284
174,10,4.817985
174,11,4.7757835
174,12,4.7508225
175,1,4.7503905
175,2,4.761901
175,3,4.788547
175,4,4.826706
175,5,4.8272014
175,6,4.835754
175,7,4.820754
175,8,4.819824
175,9,4.814193
175,10,4.780137
175,11,4.762419
175,12,4.712904
176,1,4.711794
176,2,4.7516503
176,3,4.7794647
176,4,4.847717
176,5,4.84324
176,6,4.8464475
176,7,4.816254
176,8,4.814306
176,9,4.8038244
176,10,4.7917686
176,11,4.765369
176,12,4.7696266
177,1,4.7445464
177,2,4.7666116
177,3,4.7975497
177,4,4.834481
177,5,4.8406677
177,6,4.8425684
177,7,4.8295574
177,8,4.824503
177,9,4.8267174
177,10,4.8048506
177,11,4.788579
177,12,4.756656
178,1,4.77494
178,2,4.7682385
178,3,4.8234177
178,4,4.882477
178,5,4.8727565
178,6,4.862906
178,7,4.83435
178,8,4.8234773
178,9,4.819511
178,10,4.8154006
178,11,4.776615
178,12,4.7737803
179,1,4.801417
179,2,4.8131313
179,3,4.859876
179,4,4.8902154
179,5,4.8972735
179,6,4.8798404
179,7,4.8354454
179,8,4.826062
179,9,4.84252
179,10,4.811545
179,11,4.794759
179,12,4.803782
180,1,4.8334384
180,2,4.8432994
180,3,4.867902
180,4,4.910547
180,5,4.888354
180,6,4.878694
180,7,4.8378196
180,8,4.832374
180,9,4.8406596
180,10,4.823586
180,11,4.8308268
180,12,4.819425
181,1,4.7413473
181,2,4.7359085
181,3,4.8163433
181,4,4.852732
181,5,4.869047
181,6,4.865272
181,7,4.8410697
181,8,4.8268824
181,9,4.824938
181,10,4.8161364
181,11,4.7792377
181,12,4.7526717
182,1,4.7540736
182,2,4.764709
182,3,4.8241754
182,4,4.8673134
182,5,4.869548
182,6,4.86669
182,7,4.833773
182,8,4.816038
182,9,4.827169
182,10,4.8081937
182,11,4.7717977
182,12,4.7724957
183,1,4.7984195
183,2,4.788421
183,3,4.837857
183,4,4.8987746
183,5,4.871716
183,6,4.8733873
183,7,4.8302617
183,8,4.8221827
183,9,4.8333073
183,10,4.814927
183,11,4.796272
183,12,4.8053875
184,1,4.763003
184,2,4.765489
184,3,4.825104
184,4,4.8996377
184,5,4.876888
184,6,4.8760304
184,7,4.836693
184,8,4.8275127
184,9,4.840327
184,10,4.8355083
184,11,4.839002
184,12,4.844669
185,1,4.7644525
185,2,4.769213
185,3,4.8011365
185,4,4.8726144
185,5,4.886965
185,6,4.880269
185,7,4.8420825
185,8,4.8333488
185,9,4.8433113
185,10,4.807615
185,11,4.784761
185,12,4.7597017
186,1,4.912402
186,2,4.919891
186,3,4.8821325
186,4,4.9688506
186,5,4.9440017
186,6,4.8880076
186,7,4.862819
186,8,4.8578753
186,9,4.8492928
186,10,4.830724
186,11,4.8409915
186,12,4.8967304
187,1,4.756011
187,2,4.747188
187,3,4.824206
187,4,4.894699
187,5,4.873214
187,6,4.8777065
187,7,4.837845
187,8,4.8251514
187,9,4.8311167
187,10,4.8343678
187,11,4.841659
187,12,4.8372674
188,1,4.7231483
188,2,4.728397
188,3,4.754179
188,4,4.832354
188,5,4.858581
188,6,4.8392878
188,7,4.8313413
188,8,4.820608
188,9,4.8311863
188,10,4.8019743
188,11,4.7845063
188,12,4.7423587
189,1,4.7199407
189,2,4.734218
189,3,4.802934
189,4,4.860123
189,5,4.859148
189,6,4.8476458
189,7,4.8267417
189,8,4.8235216
189,9,4.822539
189,10,4.804879
189,11,4.770599
189,12,4.7772503
190,1,4.744952
190,2,4.7442737
190,3,4.790224
190,4,4.838897
190,5,4.8637214
190,6,4.85577
190,7,4.834282
190,8,4.8255153
190,9,4.830814
190,10,4.8108797
190,11,4.772324
190,12,4.744994
191,1,4.8222528
191,2,4.842785
191,3,4.8633904
191,4,4.94028
191,5,4.903745
191,6,4.8729067
191,7,4.8467636
191,8,4.8391933
191,9,4.843433
191,10,4.823253
191,11,4.821669
191,12,4.866835
192,1,4.764444
192,2,4.750002
192,3,4.8327913
192,4,4.877998
192,5,4.856187
192,6,4.864635
192,7,4.8280425
192,8,4.8198524
192,9,4.835505
192,10,4.8286667
192,11,4.8095284
192,12,4.819724
193,1,4.742188
193,2,4.734722
193,3,4.811721
193,4,4.869242
193,5,4.8670073
193,6,4.860282
193,7,4.834732
193,8,4.8265777
193,9,4.8285794
193,10,4.8113837
193,11,4.7682796
193,12,4.7609887
194,1,4.6959944
194,2,4.7199693
194,3,4.748136
194,4,4.8123717
194,5,4.826108
194,6,4.821567
194,7,4.8271985
194,8,4.817368
194,9,4.8285384
194,10,4.812141
194,11,4.771423
194,12,4.7339635
195,1,4.7947803
195,2,4.813392
195,3,4.816724
195,4,4.9116683
195,5,4.8682556
195,6,4.8670287
195,7,4.833659
195,8,4.812426
195,9,4.8309455
195,10,4.8136473
195,11,4.8157268
195,12,4.8370695
196,1,4.7683764
196,2,4.7778563
196,3,4.836692
196,4,4.8966436
196,5,4.8848395
196,6,4.869719
196,7,4.8340364
196,8,4.82892
196,9,4.833265
196,10,4.8108597
196,11,4.776769
196,12,4.780414
197,1,4.8058724
197,2,4.8008714
197,3,4.8420167
197,4,4.8896623
197,5,4.895633
197,6,4.866836
197,7,4.8376255
197,8,4.822731
197,9,4.833686
197,10,4.820609
197,11,4.789101
197,12,4.788312
198,1,4.7728634
198,2,4.7857347
198,3,4.8477736
198,4,4.911253
198,5,4.8996577
198,6,4.8707414
198,7,4.81937
198,8,4.8228636
198,9,4.8183312
198,10,4.8016243
198,11,4.7719207
198,12,4.7792134
199,1,4.7460747
199,2,4.749597
199,3,4.819202
199,4,4.88086
199,5,4.885739
199,6,4.845691
199,7,4.8180885
199,8,4.814918
199,9,4.8180776
199,10,4.79815
199,11,4.754397
199,12,4.7669797
200,1,4.8270774
200,2,4.837268
200,3,4.8318267
200,4,4.9123917
200,5,4.9054985
200,6,4.8575115
200,7,4.819064
200,8,4.8238573
200,9,4.837406
200,10,4.8271794
200,11,4.8191905
200,12,4.8522615
201,1,4.8249626
201,2,4.821057
201,3,4.8482795
201,4,4.9350095
201,5,4.889382
201,6,4.8656397
201,7,4.8276467
201,8,4.823421
201,9,4.8216405
201,10,4.802946
201,11,4.7780333
201,12,4.803295
202,1,4.710735
202,2,4.731627
202,3,4.7505603
202,4,4.815836
202,5,4.838294
202,6,4.8348017
202,7,4.838131
202,8,4.823647
202,9,4.834061
202,10,4.8196125
202,11,4.781377
202,12,4.743653
203,1,4.7545867
203,2,4.7523932
203,3,4.769664
203,4,4.8247275
203,5,4.832748
203,6,4.832837
203,7,4.8285837
203,8,4.825156
203,9,4.816488
203,10,4.786597
203,11,4.7653913
203,12,4.739721
204,1,4.791656
204,2,4.7982183
204,3,4.827916
204,4,4.887056
204,5,4.8744164
204,6,4.869631
204,7,4.8363395
204,8,4.829904
204,9,4.8290067
204,10,4.8093233
204,11,4.771798
204,12,4.78007
205,1,4.7699957
205,2,4.775069
205,3,4.810838
205,4,4.9115252
205,5,4.887275
205,6,4.8438563
205,7,4.825107
205,8,4.811935
205,9,4.812926
205,10,4.802995
205,11,4.8050194
205,12,4.840549
206,1,4.7157793
206,2,4.7322
206,3,4.779074
206,4,4.833502
206,5,4.848167
206,6,4.8474174
206,7,4.8239946
206,8,4.8202806
206,9,4.840195
206,10,4.8152456
206,11,4.771291
206,12,4.745781
207,1,4.8553824
207,2,4.8801465
207,3,4.8653994
207,4,4.9586315
207,5,4.878781
207,6,4.847841
207,7,4.8022184
207,8,4.7950473
207,9,4.8062396
207,10,4.7825794
207,11,4.8063216
207,12,4.857511
208,1,4.7455926
208,2,4.738058
208,3,4.7610145
208,4,4.84145
208,5,4.8437943
208,6,4.842651
208,7,4.834088
208,8,4.825603
208,9,4.828264
208,10,4.8104005
208,11,4.7642074
208,12,4.761945
209,1,4.745072
209,2,4.761261
209,3,4.792104
209,4,4.8624525
209,5,4.8690753
209,6,4.866627
209,7,4.8326783
209,8,4.821881
209,9,4.8243065
209,10,4.817276
209,11,4.769467
209,12,4.7480154
210,1,4.732074
210,2,4.734903
210,3,4.8178596
210,4,4.8712897
210,5,4.8463855
210,6,4.8454676
210,7,4.8169312
210,8,4.808913
210,9,4.805871
210,10,4.781037
210,11,4.7817526
210,12,4.780643
211,1,4.747211
211,2,4.755287
211,3,4.7860975
211,4,4.8284507
211,5,4.829464
211,6,4.8354363
211,7,4.816978
211,8,4.82111
211,9,4.8183627
211,10,4.785449
211,11,4.7545195
211,12,4.7151155
212,1,4.6943493
212,2,4.7265897
212,3,4.741254
212,4,4.8043027
212,5,4.8210077
212,6,4.8282185
212,7,4.8343735
212,8,4.8206186
212,9,4.839874
212,10,4.8085012
212,11,4.7905793
212,12,4.7413545
213,1,4.7377467
213,2,4.756639
213,3,4.797374
213,4,4.851533
213,5,4.868255
213,6,4.8663464
213,7,4.8360443
213,8,4.8296585
213,9,4.819326
213,10,4.816618
213,11,4.774459
213,12,4.7657804
214,1,4.7622013
214,2,4.759754
214,3,4.813895
214,4,4.8621545
214,5,4.864797
214,6,4.8580337
214,7,4.833162
214,8,4.828275
214,9,4.825907
214,10,4.8139124
214,11,4.7766066
214,12,4.7595034
215,1,4.716541
215,2,4.732115
215,3,4.7611694
215,4,4.8252945
215,5,4.850298
215,6,4.842304
215,7,4.832163
215,8,4.8308797
215,9,4.8362103
215,10,4.812907
215,11,4.7653265
215,12,4.744632
216,1,4.8076158
216,2,4.8012667
216,3,4.858784
216,4,4.9221096
216,5,4.9047594
216,6,4.864734
216,7,4.8601065
216,8,4.8447433
216,9,4.8480997
216,10,4.8372674
216,11,4.8217483
216,12,4.894424
217,1,4.845854
217,2,4.860765
217,3,4.8845453
217,4,4.9666905
217,5,4.900492
217,6,4.888128
217,7,4.8569484
217,8,4.837194
217,9,4.8483853
217,10,4.827427
217,11,4.815321
217,12,4.8387837
218,1,4.7218947
218,2,4.7386603
218,3,4.7781067
218,4,4.8372684
218,5,4.855746
218,6,4.8491454
218,7,4.8364177
218,8,4.824959
218,9,4.827669
218,10,4.8114004
218,11,4.7604947
218,12,4.7533307
219,1,4.7289476
219,2,4.753032
219,3,4.7797313
219,4,4.8340893
219,5,4.8581786
219,6,4.8511887
219,7,4.8308396
219,8,4.823894
219,9,4.828025
219,10,4.8190384
219,11,4.7880163
219,12,4.753163
220,1,4.71192
220,2,4.731683
220,3,4.773886
220,4,4.8295994
220,5,4.845283
220,6,4.82254
220,7,4.831794
220,8,4.820302
220,9,4.8284287
220,10,4.815966
220,11,4.7949195
220,12,4.743064
221,1,4.774298
221,2,4.7864547
221,3,4.828266
221,4,4.8997183
221,5,4.890449
221,6,4.871881
221,7,4.8243737
221,8,4.825377
221,9,4.825288
221,10,4.807817
221,11,4.782804
221,12,4.7946258
222,1,4.807928
222,2,4.7848854
222,3,4.860393
222,4,4.8950877
222,5,4.8872027
222,6,4.8716335
222,7,4.8300776
222,8,4.825865
222,9,4.830387
222,10,4.8141465
222,11,4.7878103
222,12,4.7827044
223,1,4.7109275
223,2,4.7367725
223,3,4.7667365
223,4,4.8243184
223,5,4.841576
223,6,4.8419485
223,7,4.8327656
223,8,4.813792
223,9,4.840138
223,10,4.814605
223,11,4.7939467
223,12,4.737681
224,1,4.7118573
224,2,4.7272935
224,3,4.75695
224,4,4.8108406
224,5,4.835041
224,6,4.8311615
224,7,4.8312616
224,8,4.81945
224,9,4.829017
224,10,4.8243456
224,11,4.782288
224,12,4.733953
225,1,4.741387
225,2,4.7478065
225,3,4.8049407
225,4,4.873677
225,5,4.857754
225,6,4.856083
225,7,4.8243947
225,8,4.818356
225,9,4.8202624
225,10,4.807214
225,11,4.7716646
225,12,4.769759
226,1,4.8221984
226,2,4.8128247
226,3,4.8480153
226,4,4.931498
226,5,4.893199
226,6,4.8626475
226,7,4.826046
226,8,4.8242235
226,9,4.8259597
226,10,4.790348
226,11,4.7745724
226,12,4.7839065
227,1,4.721088
227,2,4.737039
227,3,4.779914
227,4,4.8372636
227,5,4.859476
227,6,4.8377547
227,7,4.831321
227,8,4.826141
227,9,4.8323817
227,10,4.8082657
227,11,4.7715163
227,12,4.742143
228,1,4.785237
228,2,4.783018
228,3,4.8550253
228,4,4.918586
228,5,4.8841534
228,6,4.8709517
228,7,4.8402386
228,8,4.8333282
228,9,4.833369
228,10,4.839694
228,11,4.8361583
228,12,4.837087
229,1,4.7736444
229,2,4.7897906
229,3,4.815801
229,4,4.882005
229,5,4.9008455
229,6,4.8812447
229,7,4.8458266
229,8,4.8388066
229,9,4.84677
229,10,4.809449
229,11,4.796106
229,12,4.7607923
230,1,4.7636733
230,2,4.749675
230,3,4.8129773
230,4,4.899041
230,5,4.8770328
230,6,4.8729033
230,7,4.839512
230,8,4.8177285
230,9,4.836498
230,10,4.8233657
230,11,4.833053
230,12,4.841652
231,1,4.737122
231,2,4.7537174
231,3,4.8107185
231,4,4.8703804
231,5,4.862261
231,6,4.8618236
231,7,4.8249273
231,8,4.815025
231,9,4.8183913
231,10,4.811434
231,11,4.7898655
231,12,4.809326
232,1,4.700339
232,2,4.725813
232,3,4.7509017
232,4,4.8054733
232,5,4.8262186
232,6,4.8271136
232,7,4.8310313
232,8,4.8158245
232,9,4.8373
232,10,4.813342
232,11,4.7709603
232,12,4.733095
233,1,4.759058
233,2,4.760103
233,3,4.813815
233,4,4.8636336
233,5,4.863141
233,6,4.8633056
233,7,4.835836
233,8,4.826257
233,9,4.8260274
233,10,4.8124385
233,11,4.770404
233,12,4.7545643
234,1,4.759712
234,2,4.7428546
234,3,4.80939
234,4,4.8666444
234,5,4.867568
234,6,4.8694987
234,7,4.83735
234,8,4.8339276
234,9,4.836486
234,10,4.82073
234,11,4.7818317
234,12,4.756101
235,1,4.7712116
235,2,4.7708416
235,3,4.8310533
235,4,4.8836503
235,5,4.875719
235,6,4.860568
235,7,4.8286963
235,8,4.8253684
235,9,4.827299
235,10,4.810944
235,11,4.773128
235,12,4.7753386
236,1,4.798225
236,2,4.8335977
236,3,4.8484287
236,4,4.9136076
236,5,4.8931966
236,6,4.869841
236,7,4.833281
236,8,4.828931
236,9,4.8231387
236,10,4.803525
236,11,4.7819786
236,12,4.7985845
237,1,4.725691
237,2,4.7347937
237,3,4.768054
237,4,4.8397465
237,5,4.8491597
237,6,4.8408647
237,7,4.825761
237,8,4.8239427
237,9,4.831221
237,10,4.810214
237,11,4.779463
237,12,4.738729
238,1,4.7903275
238,2,4.8149686
238,3,4.839149
238,4,4.904691
238,5,4.8904095
238,6,4.864222
238,7,4.8239365
238,8,4.8177075
238,9,4.8333774
238,10,4.8215585
238,11,4.8405704
238,12,4.853642
239,1,4.790524
239,2,4.774596
239,3,4.823335
239,4,4.8903894
239,5,4.882047
239,6,4.8595867
239,7,4.820418
239,8,4.8210964
239,9,4.827661
239,10,4.8048677
239,11,4.7704306
239,12,4.7867074
240,1,4.8833933
240,2,4.877997
240,3,4.8768935
240,4,4.94119
240,5,4.93624
240,6,4.8921943
240,7,4.859664
240,8,4.8520365
240,9,4.845483
240,10,4.8337593
240,11,4.874383
240,12,4.9046063
241,1,4.8623276
241,2,4.8923335
241,3,4.8740954
241,4,4.954826
241,5,4.912715
241,6,4.8861804
241,7,4.858535
241,8,4.840054
241,9,4.8440657
241,10,4.8247538
241,11,4.8341937
241,12,4.847537
242,1,4.8587384
242,2,4.8867545
242,3,4.853923
242,4,4.921585
242,5,4.884041
242,6,4.843222
242,7,4.810354
242,8,4.800868
242,9,4.797114
242,10,4.7878942
242,11,4.792202
242,12,4.8547473
243,1,4.831834
243,2,4.8365564
243,3,4.8601074
243,4,4.9496665
243,5,4.88861
243,6,4.8793535
243,7,4.841961
243,8,4.8354845
243,9,4.8420124
243,10,4.813371
243,11,4.8056493
243,12,4.841783
244,1,4.8747683
244,2,4.8853974
244,3,4.896152
244,4,4.916212
244,5,4.8869634
244,6,4.8528633
244,7,4.8219643
244,8,4.807662
244,9,4.808538
244,10,4.794185
244,11,4.8054934
244,12,4.846902
245,1,4.7740936
245,2,4.8356757
245,3,4.849817
245,4,4.8901677
245,5,4.886043
245,6,4.825272
245,7,4.825669
245,8,4.8233786
245,9,4.816009
245,10,4.8027563
245,11,4.823299
245,12,4.861714
246,1,4.7357464
246,2,4.760409
246,3,4.795959
246,4,4.861432
246,5,4.8743763
246,6,4.8622155
246,7,4.837011
246,8,4.8319135
246,9,4.8265376
246,10,4.8195677
246,11,4.7666497
246,12,4.7557034
247,1,4.7752714
247,2,4.7686687
247,3,4.8116097
247,4,4.8699737
247,5,4.8766146
247,6,4.8616905
247,7,4.832307
247,8,4.8271527
247,9,4.820435
247,10,4.812085
247,11,4.7704096
247,12,4.768289
248,1,4.706052
248,2,4.735269
248,3,4.772834
248,4,4.8195715
248,5,4.825207
248,6,4.83516
248,7,4.8408794
248,8,4.8310647
248,9,4.840144
248,10,4.82108
248,11,4.782661
248,12,4.7468143
249,1,4.739571
249,2,4.75188
249,3,4.808778
249,4,4.833964
249,5,4.8700447
249,6,4.8507376
249,7,4.8315578
249,8,4.8188605
249,9,4.8328547
249,10,4.813245
249,11,4.788961
249,12,4.7571597
250,1,4.710433
250,2,4.733174
250,3,4.767473
250,4,4.8260775
250,5,4.8558803
250,6,4.835589
250,7,4.8290815
250,8,4.8207855
250,9,4.8311105
250,10,4.8084693
250,11,4.772894
250,12,4.737668
251,1,4.753889
251,2,4.751521
251,3,4.824043
251,4,4.877742
251,5,4.890164
251,6,4.870845
251,7,4.83948
251,8,4.831244
251,9,4.8411036
251,10,4.8141484
251,11,4.7519474
251,12,4.75992
252,1,4.796856
252,2,4.7926955
252,3,4.8395157
252,4,4.893316
252,5,4.883053
252,6,4.867514
252,7,4.830973
252,8,4.82333
252,9,4.827658
252,10,4.816108
252,11,4.7813044
252,12,4.7755566
253,1,4.801043
253,2,4.8071547
253,3,4.8504376
253,4,4.9162555
253,5,4.8797946
253,6,4.8708544
253,7,4.828169
253,8,4.821764
253,9,4.830236
253,10,4.8055534
253,11,4.7835674
253,12,4.799837
254,1,4.773266
254,2,4.7626753
254,3,4.819663
254,4,4.8886724
254,5,4.8833985
254,6,4.8749013
254,7,4.835123
254,8,4.833044
254,9,4.843929
254,10,4.80127
254,11,4.7886596
254,12,4.7642183
255,1,4.874081
255,2,4.9013476
255,3,4.8655014
255,4,4.9602046
255,5,4.904896
255,6,4.8659086
255,7,4.8398886
255,8,4.8299932
255,9,4.817822
255,10,4.800677
255,11,4.822639
255,12,4.836482
256,1,4.702153
256,2,4.7216606
256,3,4.745059
256,4,4.8069816
256,5,4.829907
256,6,4.826195
256,7,4.828221
256,8,4.8163943
256,9,4.8306284
256,10,4.81171
256,11,4.784672
256,12,4.732003
257,1,4.785692
257,2,4.780304
257,3,4.827294
257,4,4.8828807
257,5,4.8866615
257,6,4.868395
257,7,4.84041
257,8,4.8351917
257,9,4.85051
257,10,4.8085265
257,11,4.790028
257,12,4.7595696
258,1,4.7263827
258,2,4.731314
258,3,4.7870746
258,4,4.8287516
258,5,4.8372025
258,6,4.8495436
258,7,4.830553
258,8,4.8156924
258,9,4.8235927
258,10,4.809731
258,11,4.774615
258,12,4.7466087
259,1,4.7142253
259,2,4.7407727
259,3,4.7790513
259,4,4.8283577
259,5,4.8494387
259,6,4.835652
259,7,4.831611
259,8,4.8188605
259,9,4.840367
259,10,4.8137536
259,11,4.783675
259,12,4.73882
260,1,4.7661586
260,2,4.790394
260,3,4.821562
260,4,4.872716
260,5,4.87298
260,6,4.8596716
260,7,4.8330164
260,8,4.82006
260,9,4.8280797
260,10,4.8224645
260,11,4.772257
260,12,4.767175
261,1,4.7442822
261,2,4.756521
261,3,4.773619
261,4,4.848334
261,5,4.8591146
261,6,4.84956
261,7,4.827722
261,8,4.8229694
261,9,4.8270235
261,10,4.8172297
261,11,4.7942266
261,12,4.751714
262,1,4.8512425
262,2,4.806133
262,3,4.8678
262,4,4.931971
262,5,4.9070506
262,6,4.8833117
262,7,4.86317
262,8,4.848886
262,9,4.850359
262,10,4.8272295
262,11,4.8788157
262,12,4.880492
263,1,4.7093534
263,2,4.730242
263,3,4.745293
263,4,4.8169227
263,5,4.8226814
263,6,4.8310256
263,7,4.8370113
263,8,4.8226514
263,9,4.828352
263,10,4.8146205
263,11,4.7862034
263,12,4.7303743
264,1,4.7450223
264,2,4.735098
264,3,4.8134203
264,4,4.8686886
264,5,4.8559446
264,6,4.8608174
264,7,4.833638
264,8,4.82077
264,9,4.8290677
264,10,4.82338
264,11,4.795649
264,12,4.7875233
265,1,4.8111796
265,2,4.8137174
265,3,4.842725
265,4,4.9173636
265,5,4.8867397
265,6,4.872173
265,7,4.835141
265,8,4.8236804
265,9,4.832516
265,10,4.8131
265,11,4.7907233
265,12,4.805712
266,1,4.801249
266,2,4.810024
266,3,4.8494267
266,4,4.9063606
266,5,4.8841925
266,6,4.8597407
266,7,4.8191805
266,8,4.825707
266,9,4.8164363
266,10,4.800593
266,11,4.763485
266,12,4.784461
267,1,4.7273726
267,2,4.7344184
267,3,4.7956886
267,4,4.8480616
267,5,4.865062
267,6,4.8634934
267,7,4.8379354
267,8,4.819876
267,9,4.8227634
267,10,4.8175178
267,11,4.779965
267,12,4.7546096
268,1,4.7817054
268,2,4.794245
268,3,4.814509
268,4,4.8839064
268,5,4.8959055
268,6,4.8747106
268,7,4.84628
268,8,4.830535
268,9,4.837136
268,10,4.8149595
268,11,4.7866044
268,12,4.765466
269,1,4.736603
269,2,4.7226725
269,3,4.796384
269,4,4.8533564
269,5,4.8555517
269,6,4.8537683
269,7,4.8381996
269,8,4.8309603
269,9,4.8311343
269,10,4.812774
269,11,4.765069
269,12,4.752496
270,1,4.786781
270,2,4.801167
270,3,4.8289666
270,4,4.9206114
270,5,4.8919725
270,6,4.874796
270,7,4.82717
270,8,4.8239565
270,9,4.821221
270,10,4.8049216
270,11,4.781175
270,12,4.7785354
271,1,4.7243695
271,2,4.737449
271,3,4.7626457
271,4,4.835106
271,5,4.845872
271,6,4.843006
271,7,4.8326893
271,8,4.824292
271,9,4.8321276
271,10,4.8189425
271,11,4.7786083
271,12,4.747357
272,1,4.9119315
272,2,4.9071565
272,3,4.926517
272,4,4.972862
272,5,4.8960567
272,6,4.8624454
272,7,4.839876
272,8,4.824011
272,9,4.8184614
272,10,4.8053346
272,11,4.8279166
272,12,4.8825717
273,1,4.787917
273,2,4.792444
273,3,4.833846
273,4,4.9054613
273,5,4.885433
273,6,4.8768106
273,7,4.8302946
273,8,4.8227487
273,9,4.8371534
273,10,4.819703
273,11,4.8372135
273,12,4.8580527
274,1,4.8033605
274,2,4.858834
274,3,4.853873
274,4,4.9044676
274,5,4.8895946
274,6,4.862013
274,7,4.829578
274,8,4.831026
274,9,4.8255587
274,10,4.802976
274,11,4.780047
274,12,4.808579
275,1,4.8907285
275,2,4.8275733
275,3,4.895996
275,4,4.925356
275,5,4.909441
275,6,4.8795395
275,7,4.8557897
275,8,4.843862
275,9,4.8452907
275,10,4.833651
275,11,4.875927
275,12,4.881896
276,1,4.783325
276,2,4.753589
276,3,4.824739
276,4,4.8640304
276,5,4.8381333
276,6,4.804494
276,7,4.770684
276,8,4.7808347
276,9,4.7827015
276,10,4.765527
276,11,4.811446
276,12,4.8290753
277,1,4.761582
277,2,4.76543
277,3,4.8190346
277,4,4.8659625
277,5,4.881461
277,6,4.8662715
277,7,4.842537
277,8,4.833231
277,9,4.846377
277,10,4.8108034
277,11,4.7791038
277,12,4.7589183
278,1,4.707393
278,2,4.7264843
278,3,4.781022
278,4,4.8531156
278,5,4.849023
278,6,4.8599286
278,7,4.824454
278,8,4.811557
278,9,4.806764
278,10,4.798325
278,11,4.761266
278,12,4.77523
279,1,4.7574677
279,2,4.7723136
279,3,4.8276463
279,4,4.886389
279,5,4.881875
279,6,4.866212
279,7,4.8416176
279,8,4.8185472
279,9,4.8339496
279,10,4.815228
279,11,4.8330517
279,12,4.826946
280,1,4.7403474
280,2,4.7266097
280,3,4.8030334
280,4,4.852094
280,5,4.8758974
280,6,4.8672233
280,7,4.835757
280,8,4.8230753
280,9,4.827411
280,10,4.817383
280,11,4.7739625
280,12,4.759815
281,1,4.789975
281,2,4.7768083
281,3,4.823901
281,4,4.8882456
281,5,4.875413
281,6,4.860465
281,7,4.8170433
281,8,4.818722
281,9,4.8259935
281,10,4.7970905
281,11,4.7742243
281,12,4.7881823
282,1,4.7309527
282,2,4.7359233
282,3,4.780952
282,4,4.8449807
282,5,4.8573637
282,6,4.847657
282,7,4.833054
282,8,4.817945
282,9,4.8220544
282,10,4.8117437
282,11,4.755125
282,12,4.76131
283,1,4.781257
283,2,4.7832556
283,3,4.849231
283,4,4.89208
283,5,4.861914
283,6,4.860489
283,7,4.8385687
283,8,4.8221245
283,9,4.832237
283,10,4.8170066
283,11,4.839128
283,12,4.827436
284,1,4.750693
284,2,4.7650247
284,3,4.80355
284,4,4.860933
284,5,4.866532
284,6,4.863692
284,7,4.834132
284,8,4.8231907
284,9,4.8329015
284,10,4.8161383
284,11,4.7719874
284,12,4.771703
285,1,4.7489767
285,2,4.77263
285,3,4.839174
285,4,4.884606
285,5,4.8631287
285,6,4.8578587
285,7,4.830103
285,8,4.8222938
285,9,4.846621
285,10,4.812967
285,11,4.8161526
285,12,4.824805
286,1,4.725431
286,2,4.7320943
286,3,4.7937026
286,4,4.841277
286,5,4.85972
286,6,4.845249
286,7,4.834742
286,8,4.8212113
286,9,4.826132
286,10,4.81397
286,11,4.7755218
286,12,4.7566986
287,1,4.8035955
287,2,4.7918005
287,3,4.8431153
287,4,4.8984976
287,5,4.907287
287,6,4.872958
287,7,4.833173
287,8,4.830791
287,9,4.8278003
287,10,4.813364
287,11,4.787174
287,12,4.7993884
288,1,4.785573
288,2,4.7769003
288,3,4.812253
288,4,4.891805
288,5,4.896885
288,6,4.8745584
288,7,4.836541
288,8,4.837629
288,9,4.8410378
288,10,4.8071737
288,11,4.7841372
288,12,4.767373
289,1,4.7453237
289,2,4.7624516
289,3,4.7939534
289,4,4.8538194
289,5,4.885843
289,6,4.863802
289,7,4.8345957
289,8,4.8208394
289,9,4.838441
289,10,4.812402
289,11,4.7887006
289,12,4.7639785
290,1,4.764589
290,2,4.748655
290,3,4.808579
290,4,4.868714
290,5,4.874515
290,6,4.858626
290,7,4.8310094
290,8,4.8273845
290,9,4.831379
290,10,4.8116207
290,11,4.771606
290,12,4.7654295
291,1,4.769808
291,2,4.810706
291,3,4.8395762
291,4,4.908175
291,5,4.894457
291,6,4.87424
291,7,4.8340163
291,8,4.8345714
291,9,4.836848
291,10,4.835303
291,11,4.841379
291,12,4.871123
292,1,4.7309823
292,2,4.769466
292,3,4.7656507
292,4,4.863239
292,5,4.8421683
292,6,4.8485403
292,7,4.815905
292,8,4.803129
292,9,4.815848
292,10,4.7953844
292,11,4.7685223
292,12,4.7970104
293,1,4.7828074
293,2,4.7872796
293,3,4.799647
293,4,4.891512
293,5,4.899469
293,6,4.8799896
293,7,4.842599
293,8,4.836288
293,9,4.841817
293,10,4.8061137
293,11,4.792332
293,12,4.7632303
294,1,4.724623
294,2,4.7464414
294,3,4.7759166
294,4,4.8388753
294,5,4.850712
294,6,4.8435907
294,7,4.830321
294,8,4.821736
294,9,4.83961
294,10,4.8176513
294,11,4.771692
294,12,4.742356
295,1,4.726151
295,2,4.7446494
295,3,4.8117123
295,4,4.874173
295,5,4.8643246
295,6,4.8503985
295,7,4.832532
295,8,4.8230224
295,9,4.8279552
295,10,4.8183665
295,11,4.79903
295,12,4.8048663
296,1,4.7414637
296,2,4.74139
296,3,4.7810235
296,4,4.837885
296,5,4.8656898
296,6,4.8488264
296,7,4.835614
296,8,4.823914
296,9,4.83278
296,10,4.817703
296,11,4.7824826
296,12,4.762883
297,1,4.849646
297,2,4.8952456
297,3,4.918584
297,4,4.966744
297,5,4.901787
297,6,4.8841558
297,7,4.843256
297,8,4.8371177
297,9,4.829917
297,10,4.811827
297,11,4.812982
297,12,4.864177
298,1,4.762106
298,2,4.774103
298,3,4.810156
298,4,4.8800616
298,5,4.8699355
298,6,4.8672543
298,7,4.835497
298,8,4.817154
298,9,4.834053
298,10,4.840573
298,11,4.8237853
298,12,4.8178616
299,1,4.726791
299,2,4.742887
299,3,4.7859807
299,4,4.844797
299,5,4.8551345
299,6,4.8643622
299,7,4.834694
299,8,4.829224
299,9,4.8247547
299,10,4.8144517
299,11,4.77123
299,12,4.745247
300,1,4.7324214
300,2,4.7573667
300,3,4.8035665
300,4,4.8686028
300,5,4.8760943
300,6,4.8660607
300,7,4.825542
300,8,4.825926
300,9,4.83029
300,10,4.81273
300,11,4.7626085
300,12,4.770865
301,1,4.6959186
301,2,4.7420564
301,3,4.77476
301,4,4.8509464
301,5,4.785107
301,6,4.8121877
301,7,4.7943654
301,8,4.782667
301,9,4.7822747
301,10,4.7730336
301,11,4.799799
301,12,4.7966266
302,1,4.8327446
302,2,4.850547
302,3,4.8698106
302,4,4.9381995
302,5,4.9066176
302,6,4.881996
302,7,4.8476877
302,8,4.835019
302,9,4.844058
302,10,4.8237696
302,11,4.8285494
302,12,4.8367276
303,1,4.8038993
303,2,4.808756
303,3,4.861241
303,4,4.9167466
303,5,4.887633
303,6,4.8682523
303,7,4.8304014
303,8,4.8200483
303,9,4.8289275
303,10,4.809847
303,11,4.7695513
303,12,4.7915907
304,1,4.7136254
304,2,4.7525077
304,3,4.782044
304,4,4.8646207
304,5,4.8511043
304,6,4.848588
304,7,4.8158135
304,8,4.8079076
304,9,4.819967
304,10,4.790382
304,11,4.7674894
304,12,4.771879
305,1,4.797335
305,2,4.786416
305,3,4.8258014
305,4,4.8936377
305,5,4.8834763
305,6,4.8661923
305,7,4.8437147
305,8,4.8311014
305,9,4.8418884
305,10,4.8090324
305,11,4.8025656
305,12,4.7569203
306,1,4.8302016
306,2,4.8349876
306,3,4.8369555
306,4,4.9235177
306,5,4.8949547
306,6,4.866332
306,7,4.827508
306,8,4.825532
306,9,4.8243585
306,10,4.797101
306,11,4.7842326
306,12,4.7957516
307,1,4.7451067
307,2,4.7991333
307,3,4.8195057
307,4,4.8869047
307,5,4.866816
307,6,4.85683
307,7,4.8208966
307,8,4.8163967
307,9,4.815803
307,10,4.7967653
307,11,4.779298
307,12,4.8068037
308,1,4.8484783
308,2,4.894965
308,3,4.8570404
308,4,4.9235263
308,5,4.8804817
308,6,4.8319807
308,7,4.8122478
308,8,4.7982674
308,9,4.801687
308,10,4.789443
308,11,4.8108163
308,12,4.8677907
309,1,4.775419
309,2,4.7714114
309,3,4.828741
309,4,4.8951697
309,5,4.885058
309,6,4.8668876
309,7,4.8299665
309,8,4.826597
309,9,4.8273644
309,10,4.80833
309,11,4.775225
309,12,4.7767177
310,1,4.8258276
310,2,4.7952952
310,3,4.848592
310,4,4.9301906
310,5,4.9121675
310,6,4.8880935
310,7,4.849999
310,8,4.838723
310,9,4.8415365
310,10,4.827782
310,11,4.857144
310,12,4.8735228
311,1,4.7698026
311,2,4.794947
311,3,4.8385825
311,4,4.891059
311,5,4.8745794
311,6,4.855375
311,7,4.8179927
311,8,4.819667
311,9,4.8117085
311,10,4.7978935
311,11,4.757732
311,12,4.768287
312,1,4.772491
312,2,4.7968707
312,3,4.83382
312,4,4.900112
312,5,4.8967614
312,6,4.8745623
312,7,4.837357
312,8,4.820979
312,9,4.844214
312,10,4.832712
312,11,4.85313
312,12,4.8445587
313,1,4.720849
313,2,4.741309
313,3,4.766186
313,4,4.831686
313,5,4.8417625
313,6,4.8367195
313,7,4.8187785
313,8,4.8314505
313,9,4.825967
313,10,4.8299203
313,11,4.793519
313,12,4.748983
314,1,4.711241
314,2,4.736912
314,3,4.74929
314,4,4.817919
314,5,4.840632
314,6,4.8385873
314,7,4.8319116
314,8,4.8176246
314,9,4.833457
314,10,4.8124714
314,11,4.7700357
314,12,4.737509
315,1,4.756469
315,2,4.77496
315,3,4.828612
315,4,4.8901772
315,5,4.8803773
315,6,4.86284
315,7,4.8388286
315,8,4.81988
315,9,4.829725
315,10,4.8135157
315,11,4.8047404
315,12,4.820754
316,1,4.713927
316,2,4.759546
316,3,4.763893
316,4,4.8270984
316,5,4.856115
316,6,4.842119
316,7,4.83663
316,8,4.8206444
316,9,4.836783
316,10,4.8098893
316,11,4.7781615
316,12,4.7359657
317,1,4.75574
317,2,4.7522054
317,3,4.813719
317,4,4.8632135
317,5,4.8699207
317,6,4.8649836
317,7,4.833344
317,8,4.8228264
317,9,4.8364544
317,10,4.810414
317,11,4.779614
317,12,4.7622952
318,1,4.744877
318,2,4.745672
318,3,4.8242087
318,4,4.855717
318,5,4.884052
318,6,4.865381
318,7,4.8332033
318,8,4.8268557
318,9,4.830832
318,10,4.817272
318,11,4.7746696
318,12,4.761258
319,1,4.7682004
319,2,4.7813606
319,3,4.8271775
319,4,4.891697
319,5,4.8820615
319,6,4.8657327
319,7,4.835759
319,8,4.811294
319,9,4.8327723
319,10,4.823796
319,11,4.8340125
319,12,4.835156
320,1,4.747563
320,2,4.7680283
320,3,4.81611
320,4,4.877022
320,5,4.873817
320,6,4.858592
320,7,4.830125
320,8,4.8317785
320,9,4.8195786
320,10,4.8120637
320,11,4.7685986
320,12,4.7631183
321,1,4.789829
321,2,4.7804704
321,3,4.8498917
321,4,4.9226727
321,5,4.885715
321,6,4.8733172
321,7,4.832992
321,8,4.820436
321,9,4.840439
321,10,4.8301015
321,11,4.848773
321,12,4.84493
322,1,4.7267885
322,2,4.7429276
322,3,4.7676687
322,4,4.8292146
322,5,4.8567095
322,6,4.848927
322,7,4.8303647
322,8,4.816838
322,9,4.8316393
322,10,4.818175
322,11,4.7893586
322,12,4.741119
323,1,4.737202
323,2,4.749695
323,3,4.7998366
323,4,4.8479223
323,5,4.8702054
323,6,4.8651543
323,7,4.8296094
323,8,4.827585
323,9,4.8257327
323,10,4.817493
323,11,4.77374
323,12,4.7617664
324,1,4.8094425
324,2,4.7909994
324,3,4.843839
324,4,4.906515
324,5,4.896047
324,6,4.873391
324,7,4.8310184
324,8,4.8273125
324,9,4.8331475
324,10,4.8101673
324,11,4.794146
324,12,4.8050117
325,1,4.7102275
325,2,4.7113733
325,3,4.778849
325,4,4.850669
325,5,4.830472
325,6,4.845676
325,7,4.8261333
325,8,4.81134
325,9,4.808163
325,10,4.795032
325,11,4.7532635
325,12,4.7883334
326,1,4.8619213
326,2,4.8467937
326,3,4.906022
326,4,4.941607
326,5,4.9063888
326,6,4.894871
326,7,4.850307
326,8,4.8375926
326,9,4.8458548
326,10,4.820748
326,11,4.820284
326,12,4.8557134
327,1,4.7371097
327,2,4.7412724
327,3,4.7834167
327,4,4.842182
327,5,4.8526883
327,6,4.8546596
327,7,4.8334227
327,8,4.8220153
327,9,4.8282127
327,10,4.807612
327,11,4.7805753
327,12,4.752889
328,1,4.751754
328,2,4.7440653
328,3,4.8168807
328,4,4.860875
328,5,4.873006
328,6,4.863504
328,7,4.836326
328,8,4.83169
328,9,4.828988
328,10,4.817817
328,11,4.780257
328,12,4.7559853
329,1,4.7127414
329,2,4.7436643
329,3,4.7681065
329,4,4.836637
329,5,4.8585825
329,6,4.842831
329,7,4.8343425
329,8,4.823298
329,9,4.838239
329,10,4.8108444
329,11,4.7848964
329,12,4.75574
330,1,4.7111807
330,2,4.7279873
330,3,4.7420006
330,4,4.8095746
330,5,4.8297415
330,6,4.8299594
330,7,4.829332
330,8,4.819142
330,9,4.83767
330,10,4.8199897
330,11,4.7672696
330,12,4.736512
331,1,4.790243
331,2,4.793349
331,3,4.8130608
331,4,4.8851423
331,5,4.8866153
331,6,4.8799214
331,7,4.8382792
331,8,4.8380337
331,9,4.8457847
331,10,4.8122797
331,11,4.787094
331,12,4.770946
332,1,4.7605305
332,2,4.7722898
332,3,4.812788
332,4,4.872535
332,5,4.887392
332,6,4.8679304
332,7,4.8408246
332,8,4.8325434
332,9,4.841787
332,10,4.8218474
332,11,4.787653
332,12,4.753809
333,1,4.7525597
333,2,4.7615333
333,3,4.8006444
333,4,4.86852
333,5,4.8731575
333,6,4.861831
333,7,4.827969
333,8,4.8230395
333,9,4.82138
333,10,4.8109765
333,11,4.7713966
333,12,4.770627
334,1,4.834369
334,2,4.851626
334,3,4.867631
334,4,4.9417048
334,5,4.907565
334,6,4.8818116
334,7,4.8467445
334,8,4.8488708
334,9,4.847876
334,10,4.8332644
334,11,4.836813
334,12,4.864622
335,1,4.731599
335,2,4.729476
335,3,4.794766
335,4,4.8662267
335,5,4.8416023
335,6,4.8598332
335,7,4.82827
335,8,4.814991
335,9,4.818487
335,10,4.803048
335,11,4.7619257
335,12,4.7820635
336,1,4.7284627
336,2,4.745845
336,3,4.777827
336,4,4.844489
336,5,4.8584886
336,6,4.8506455
336,7,4.8362517
336,8,4.8198566
336,9,4.8200665
336,10,4.812339
336,11,4.7853765
336,12,4.7539835
337,1,4.7577066
337,2,4.788401
337,3,4.794763
337,4,4.895464
337,5,4.8754916
337,6,4.834433
337,7,4.815487
337,8,4.7982707
337,9,4.806028
337,10,4.7986083
337,11,4.8023486
337,12,4.854924
338,1,4.784291
338,2,4.8145914
338,3,4.831303
338,4,4.909032
338,5,4.876097
338,6,4.875942
338,7,4.8469176
338,8,4.836623
338,9,4.838836
338,10,4.813309
338,11,4.8001466
338,12,4.77325
339,1,4.7195063
339,2,4.7427373
339,3,4.7696943
339,4,4.8379292
339,5,4.857294
339,6,4.841185
339,7,4.8368487
339,8,4.824339
339,9,4.8374248
339,10,4.8165283
339,11,4.768412
339,12,4.7522497
340,1,4.825144
340,2,4.816506
340,3,4.844917
340,4,4.90959
340,5,4.8842344
340,6,4.880045
340,7,4.83157
340,8,4.8237576
340,9,4.8231964
340,10,4.8040714
340,11,4.7824497
340,12,4.7947574
341,1,4.7141757
341,2,4.736363
341,3,4.761862
341,4,4.819489
341,5,4.840873
341,6,4.8210897
341,7,4.824345
341,8,4.8214784
341,9,4.8208303
341,10,4.7990837
341,11,4.7716336
341,12,4.7314243
342,1,4.8484645
342,2,4.8529034
342,3,4.8722763
342,4,4.9575176
342,5,4.900978
342,6,4.881873
342,7,4.8578444
342,8,4.8404846
342,9,4.8441443
342,10,4.8325534
342,11,4.83569
342,12,4.864899
343,1,4.7101703
343,2,4.7421684
343,3,4.7669535
343,4,4.8246336
343,5,4.8508673
343,6,4.8341036
343,7,4.831233
343,8,4.8277397
343,9,4.838613
343,10,4.8138885
343,11,4.7831507
343,12,4.744098
344,1,4.7630305
344,2,4.7699747
344,3,4.7996364
344,4,4.872901
344,5,4.8760185
344,6,4.8743367
344,7,4.8289127
344,8,4.825505
344,9,4.829055
344,10,4.8084455
344,11,4.7772794
344,12,4.768588
345,1,4.7586646
345,2,4.811022
345,3,4.859692
345,4,4.8964524
345,5,4.8830166
345,6,4.86341
345,7,4.8395205
345,8,4.8237624
345,9,4.829634
345,10,4.837328
345,11,4.8418775
345,12,4.8650413
346,1,4.771729
346,2,4.765113
346,3,4.8322177
346,4,4.890632
346,5,4.881678
346,6,4.870877
346,7,4.8345604
346,8,4.8313847
346,9,4.8345
346,10,4.812787
346,11,4.774456
346,12,4.761146
347,1,4.702559
347,2,4.734541
347,3,4.7517
347,4,4.8129992
347,5,4.8212442
347,6,4.834199
347,7,4.832674
347,8,4.816341
347,9,4.83289
347,10,4.812242
347,11,4.7721157
347,12,4.725194
348,1,4.813837
348,2,4.8110614
348,3,4.8312893
348,4,4.9108534
348,5,4.8851275
348,6,4.880294
348,7,4.8295603
348,8,4.821386
348,9,4.820063
348,10,4.804281
348,11,4.7872148
348,12,4.806252
349,1,4.7805185
349,2,4.777266
349,3,4.818444
349,4,4.8862967
349,5,4.879116
349,6,4.8588386
349,7,4.8310223
349,8,4.8237267
349,9,4.822522
349,10,4.8112087
349,11,4.771886
349,12,4.770476
350,1,4.8165145
350,2,4.796783
350,3,4.8309183
350,4,4.915592
350,5,4.889523
350,6,4.8659
350,7,4.8205028
350,8,4.821189
350,9,4.8207526
350,10,4.8011837
350,11,4.780461
350,12,4.7966866
351,1,4.823344
351,2,4.8379903
351,3,4.8630667
351,4,4.9272375
351,5,4.884418
351,6,4.8798013
351,7,4.84431
351,8,4.8359437
351,9,4.8382497
351,10,4.8166327
351,11,4.824777
351,12,4.8306527
352,1,4.7357817
352,2,4.7466083
352,3,4.7983127
352,4,4.849427
352,5,4.8754764
352,6,4.858535
352,7,4.8241963
352,8,4.8187523
352,9,4.823448
352,10,4.8068995
352,11,4.7841115
352,12,4.7511706
353,1,4.8217382
353,2,4.7997255
353,3,4.8385324
353,4,4.90589
353,5,4.888373
353,6,4.874816
353,7,4.829839
353,8,4.8230534
353,9,4.825009
353,10,4.806124
353,11,4.778369
353,12,4.785696
354,1,4.79589
354,2,4.801618
354,3,4.833353
354,4,4.889983
354,5,4.893566
354,6,4.874479
354,7,4.8359323
354,8,4.830599
354,9,4.828293
354,10,4.814214
354,11,4.785323
354,12,4.7932324
355,1,4.774666
355,2,4.7741666
355,3,4.829002
355,4,4.8787665
355,5,4.8881493
355,6,4.8665056
355,7,4.834696
355,8,4.828282
355,9,4.8239827
355,10,4.809839
355,11,4.779884
355,12,4.7670183
356,1,4.720991
356,2,4.7571764
356,3,4.800147
356,4,4.840457
356,5,4.8683577
356,6,4.842931
356,7,4.8186073
356,8,4.818983
356,9,4.832483
356,10,4.8280063
356,11,4.7944016
356,12,4.754935
357,1,4.8305593
357,2,4.8474913
357,3,4.881214
357,4,4.9383016
357,5,4.9148936
357,6,4.884095
357,7,4.8651013
357,8,4.8540354
357,9,4.851809
357,10,4.829053
357,11,4.867012
357,12,4.9047356
358,1,4.8471136
358,2,4.861563
358,3,4.868824
358,4,4.9451404
358,5,4.9228477
358,6,4.8836374
358,7,4.8649817
358,8,4.8464494
358,9,4.854432
358,10,4.8225746
358,11,4.858091
358,12,4.887561
359,1,4.76569
359,2,4.729105
359,3,4.8102245
359,4,4.8571124
359,5,4.866412
359,6,4.8612576
359,7,4.834418
359,8,4.826964
359,9,4.831544
359,10,4.813516
359,11,4.7794776
359,12,4.765761
360,1,4.869989
360,2,4.8902793
360,3,4.8806925
360,4,4.970138
360,5,4.925496
360,6,4.8914876
360,7,4.8563423
360,8,4.844232
360,9,4.84627
360,10,4.8248596
360,11,4.8266616
360,12,4.8555064
361,1,4.7649245
361,2,4.7603316
361,3,4.8218036
361,4,4.85031
361,5,4.882775
361,6,4.8740616
361,7,4.8361993
361,8,4.835037
361,9,4.842861
361,10,4.8103523
361,11,4.7871027
361,12,4.764787
362,1,4.811086
362,2,4.8141685
362,3,4.8783307
362,4,4.93081
362,5,4.8988934
362,6,4.881337
362,7,4.848935
362,8,4.8446317
362,9,4.840878
362,10,4.832544
362,11,4.826531
362,12,4.867279
363,1,4.736285
363,2,4.7564006
363,3,4.7820563
363,4,4.8414454
363,5,4.856309
363,6,4.8514266
363,7,4.838699
363,8,4.82013
363,9,4.830009
363,10,4.819637
363,11,4.7984414
363,12,4.7476354
364,1,4.726307
364,2,4.7416964
364,3,4.7946653
364,4,4.8688264
364,5,4.8491373
364,6,4.85337
364,7,4.8148017
364,8,4.813265
364,9,4.81571
364,10,4.79866
364,11,4.772518
364,12,4.783201
365,1,4.886377
365,2,4.9063606
365,3,4.9048767
365,4,4.9726424
365,5,4.9013085
365,6,4.8708158
365,7,4.84382
365,8,4.833594
365,9,4.825927
365,10,4.8112698
365,11,4.8104725
365,12,4.886739
366,1,4.700547
366,2,4.7201967
366,3,4.74766
366,4,4.8116593
366,5,4.8214307
366,6,4.831991
366,7,4.8280163
366,8,4.8154535
366,9,4.839049
366,10,4.8160877
366,11,4.7760468
366,12,4.7347007
367,1,4.7877336
367,2,4.786595
367,3,4.8110957
367,4,4.883769
367,5,4.879399
367,6,4.871264
367,7,4.83949
367,8,4.8340955
367,9,4.843583
367,10,4.8140903
367,11,4.775914
367,12,4.7739525
368,1,4.800087
368,2,4.793033
368,3,4.8188276
368,4,4.8897233
368,5,4.897445
368,6,4.8747444
368,7,4.844158
368,8,4.8296666
368,9,4.8469577
368,10,4.805942
368,11,4.777406
368,12,4.7692075
369,1,4.778059
369,2,4.8027606
369,3,4.8443522
369,4,4.886433
369,5,4.8729753
369,6,4.8611026
369,7,4.8389487
369,8,4.824724
369,9,4.838998
369,10,4.812284
369,11,4.8247814
369,12,4.811729
370,1,4.717576
370,2,4.7352977
370,3,4.7600965
370,4,4.825655
370,5,4.8327074
370,6,4.8416133
370,7,4.833911
370,8,4.826845
370,9,4.8432984
370,10,4.8265185
370,11,4.778441
370,12,4.739472
371,1,4.7087607
371,2,4.7284
371,3,4.7749805
371,4,4.832809
371,5,4.8765144
371,6,4.834666
371,7,4.828249
371,8,4.822315
371,9,4.8364525
371,10,4.8130255
371,11,4.758497
371,12,4.7405443
372,1,4.785559
372,2,4.7746334
372,3,4.8304853
372,4,4.881443
372,5,4.877512
372,6,4.8652153
372,7,4.826667
372,8,4.8238325
372,9,4.8276615
372,10,4.8123064
372,11,4.777846
372,12,4.783747
373,1,4.7832522
373,2,4.7835507
373,3,4.845776
373,4,4.882783
373,5,4.876023
373,6,4.8696713
373,7,4.83168
373,8,4.8237333
373,9,4.822721
373,10,4.818691
373,11,4.771941
373,12,4.778604
374,1,4.776973
374,2,4.8100123
374,3,4.8471932
374,4,4.9007
374,5,4.899452
374,6,4.8715177
374,7,4.834471
374,8,4.825607
374,9,4.8282285
374,10,4.8190203
374,11,4.7890935
374,12,4.7957063
375,1,4.7807283
375,2,4.78407
375,3,4.8079023
375,4,4.879472
375,5,4.8616195
375,6,4.8255777
375,7,4.7968097
375,8,4.7974763
375,9,4.796131
375,10,4.785554
375,11,4.8296185
375,12,4.8461933
376,1,4.7781835
376,2,4.7875085
376,3,4.813363
376,4,4.879905
376,5,4.876195
376,6,4.8610187
376,7,4.824389
376,8,4.8238893
376,9,4.8222394
376,10,4.8169866
376,11,4.777826
376,12,4.7638373
377,1,4.760274
377,2,4.765501
377,3,4.7898226
377,4,4.8704042
377,5,4.8897915
377,6,4.8839316
377,7,4.8452897
377,8,4.828838
377,9,4.8449655
377,10,4.7998767
377,11,4.7986865
377,12,4.7716913
378,1,4.9042444
378,2,4.9086537
378,3,4.893275
378,4,4.9921756
378,5,4.9241905
378,6,4.8890467
378,7,4.8655787
378,8,4.8449125
378,9,4.8453174
378,10,4.816079
378,11,4.840975
378,12,4.8680825
379,1,4.746083
379,2,4.7574754
379,3,4.827317
379,4,4.8670664
379,5,4.8550596
379,6,4.858694
379,7,4.832634
379,8,4.8282547
379,9,4.839711
379,10,4.8224864
379,11,4.801341
379,12,4.811565
380,1,4.81197
380,2,4.7983885
380,3,4.8412333
380,4,4.915815
380,5,4.900439
380,6,4.8652434
380,7,4.832892
380,8,4.8250213
380,9,4.82688
380,10,4.8201785
380,11,4.847058
380,12,4.8666363
381,1,4.686571
381,2,4.728164
381,3,4.742615
381,4,4.803467
381,5,4.8239646
381,6,4.8267384
381,7,4.8321385
381,8,4.8226113
381,9,4.8370867
381,10,4.8181887
381,11,4.785857
381,12,4.740669
382,1,4.7917213
382,2,4.752788
382,3,4.800614
382,4,4.8523088
382,5,4.87472
382,6,4.8751235
382,7,4.8463826
382,8,4.826906
382,9,4.8131685
382,10,4.8005686
382,11,4.7672777
382,12,4.7486477
383,1,4.7057886
383,2,4.7219095
383,3,4.781567
383,4,4.8483605
383,5,4.853995
383,6,4.850336
383,7,4.8295345
383,8,4.8246455
383,9,4.8083572
383,10,4.791137
383,11,4.768541
383,12,4.770483
384,1,4.7724056
384,2,4.7471275
384,3,4.809463
384,4,4.8488626
384,5,4.872836
384,6,4.862738
384,7,4.828113
384,8,4.822811
384,9,4.8179007
384,10,4.815095
384,11,4.77431
384,12,4.7683706
385,1,4.714582
385,2,4.7299533
385,3,4.7688947
385,4,4.8181677
385,5,4.8345685
385,6,4.829335
385,7,4.838317
385,8,4.8263917
385,9,4.8292017
385,10,4.8140225
385,11,4.767991
385,12,4.737011
386,1,4.740485
386,2,4.730527
386,3,4.7848616
386,4,4.852194
386,5,4.872974
386,6,4.86448
386,7,4.834479
386,8,4.828259
386,9,4.825837
386,10,4.8146873
386,11,4.771026
386,12,4.7657223
387,1,4.7377253
387,2,4.760834
387,3,4.788404
387,4,4.88143
387,5,4.8650966
387,6,4.8606834
387,7,4.838601
387,8,4.824063
387,9,4.8469524
387,10,4.8144903
387,11,4.802046
387,12,4.8211126
388,1,4.7473693
388,2,4.7458344
388,3,4.7926064
388,4,4.8617697
388,5,4.8789053
388,6,4.858513
388,7,4.834315
388,8,4.8205543
388,9,4.828416
388,10,4.82026
388,11,4.7725263
388,12,4.7750525
389,1,4.714709
389,2,4.75247
389,3,4.793334
389,4,4.824003
389,5,4.8095455
389,6,4.8287644
389,7,4.8132405
389,8,4.7802725
389,9,4.792418
389,10,4.7711363
389,11,4.7841554
389,12,4.769272
390,1,4.751756
390,2,4.7521625
390,3,4.7862673
390,4,4.8236217
390,5,4.8272424
390,6,4.8332424
390,7,4.812643
390,8,4.8180776
390,9,4.811627
390,10,4.776093
390,11,4.7544274
390,12,4.7165422
391,1,4.792961
391,2,4.815111
391,3,4.815548
391,4,4.8970447
391,5,4.889299
391,6,4.869839
391,7,4.831667
391,8,4.8228817
391,9,4.8305163
391,10,4.809725
391,11,4.7919765
391,12,4.7876544
392,1,4.7946806
392,2,4.8069034
392,3,4.824659
392,4,4.9220304
392,5,4.8875713
392,6,4.8758464
392,7,4.8375306
392,8,4.8401265
392,9,4.8418064
392,10,4.8295975
392,11,4.844688
392,12,4.8652196
393,1,4.7121873
393,2,4.744138
393,3,4.78195
393,4,4.8418455
393,5,4.8596535
393,6,4.8412166
393,7,4.827972
393,8,4.8224387
393,9,4.828905
393,10,4.822069
393,11,4.789738
393,12,4.7497387
394,1,4.774152
394,2,4.8116965
394,3,4.846259
394,4,4.891444
394,5,4.896125
394,6,4.856962
394,7,4.8377438
394,8,4.8245473
394,9,4.8253675
394,10,4.828437
394,11,4.839194
394,12,4.83235
395,1,4.7180886
395,2,4.745112
395,3,4.777876
395,4,4.861466
395,5,4.8518867
395,6,4.856946
395,7,4.8241735
395,8,4.8147173
395,9,4.815786
395,10,4.800778
395,11,4.7685394
395,12,4.7691746
396,1,4.7274756
396,2,4.7415485
396,3,4.7857547
396,4,4.830618
396,5,4.8620157
396,6,4.849683
396,7,4.8321166
396,8,4.820855
396,9,4.8332243
396,10,4.819315
396,11,4.7573495
396,12,4.739212
397,1,4.7016835
397,2,4.719578
397,3,4.7515664
397,4,4.8060236
397,5,4.8210464
397,6,4.832959
397,7,4.833778
397,8,4.8213463
397,9,4.838254
397,10,4.8153405
397,11,4.7690234
397,12,4.7383046
398,1,4.7303967
398,2,4.7556505
398,3,4.8197227
398,4,4.8727007
398,5,4.863592
398,6,4.860193
398,7,4.823081
398,8,4.807906
398,9,4.8168983
398,10,4.80785
398,11,4.7879443
398,12,4.7885776
399,1,4.7589326
399,2,4.734555
399,3,4.8255663
399,4,4.8853135
399,5,4.8744917
399,6,4.8581576
399,7,4.839636
399,8,4.8203683
399,9,4.8321743
399,10,4.8184147
399,11,4.8121657
399,12,4.786911
400,1,4.7697577
400,2,4.7775745
400,3,4.8018126
400,4,4.8877482
400,5,4.883467
400,6,4.875502
400,7,4.8474836
400,8,4.834517
400,9,4.849855
400,10,4.803976
400,11,4.796619
400,12,4.7662077
401,1,4.7779093
401,2,4.784547
401,3,4.839741
401,4,4.878469
401,5,4.9066076
401,6,4.8659153
401,7,4.8308253
401,8,4.823942
401,9,4.8218665
401,10,4.813769
401,11,4.782786
401,12,4.783316
402,1,4.7537007
402,2,4.772326
402,3,4.8249316
402,4,4.875031
402,5,4.865835
402,6,4.869355
402,7,4.8334913
402,8,4.8148193
402,9,4.835274
402,10,4.8214755
402,11,4.8077407
402,12,4.820566
403,1,4.747106
403,2,4.7608542
403,3,4.8033233
403,4,4.853126
403,5,4.8463945
403,6,4.8505263
403,7,4.8325334
403,8,4.827194
403,9,4.8280945
403,10,4.8133125
403,11,4.7847586
403,12,4.756217
404,1,4.7948217
404,2,4.7871933
404,3,4.8168974
404,4,4.890865
404,5,4.873462
404,6,4.8350253
404,7,4.8132567
404,8,4.8092694
404,9,4.7984447
404,10,4.7819223
404,11,4.746614
404,12,4.775827
405,1,4.751086
405,2,4.744619
405,3,4.811693
405,4,4.857632
405,5,4.8740683
405,6,4.8599863
405,7,4.830479
405,8,4.8262615
405,9,4.822066
405,10,4.8102756
405,11,4.761993
405,12,4.7451086
406,1,4.747177
406,2,4.750308
406,3,4.789542
406,4,4.829491
406,5,4.832975
406,6,4.8332276
406,7,4.8204613
406,8,4.822178
406,9,4.814179
406,10,4.7848225
406,11,4.7611494
406,12,4.7206225
407,1,4.753964
407,2,4.75447
407,3,4.8322334
407,4,4.876724
407,5,4.880223
407,6,4.8573866
407,7,4.8320723
407,8,4.8274016
407,9,4.8285832
407,10,4.8175583
407,11,4.77379
407,12,4.7804804
408,1,4.7825327
408,2,4.783608
408,3,4.8103094
408,4,4.887582
408,5,4.8819213
408,6,4.873164
408,7,4.841844
408,8,4.8377333
408,9,4.844469
408,10,4.8082013
408,11,4.790574
408,12,4.7536035
409,1,4.7915344
409,2,4.801106
409,3,4.816572
409,4,4.8966637
409,5,4.8940783
409,6,4.872885
409,7,4.8327723
409,8,4.823789
409,9,4.8302517
409,10,4.8141513
409,11,4.784327
409,12,4.7889104
410,1,4.760322
410,2,4.7732687
410,3,4.8039556
410,4,4.8731613
410,5,4.867463
410,6,4.8648567
410,7,4.8361683
410,8,4.83009
410,9,4.818292
410,10,4.8137083
410,11,4.7807293
410,12,4.775986
411,1,4.732082
411,2,4.765408
411,3,4.7920337
411,4,4.8680916
411,5,4.873338
411,6,4.8626037
411,7,4.8290563
411,8,4.824346
411,9,4.826005
411,10,4.8029404
411,11,4.7698464
411,12,4.7622004
412,1,4.7187552
412,2,4.7316294
412,3,4.7636285
412,4,4.841226
412,5,4.8680935
412,6,4.849102
412,7,4.8294
412,8,4.8219433
412,9,4.823226
412,10,4.8256817
412,11,4.7602887
412,12,4.7592053
413,1,4.730837
413,2,4.7409716
413,3,4.777559
413,4,4.8387394
413,5,4.858478
413,6,4.854375
413,7,4.837036
413,8,4.8249784
413,9,4.8257003
413,10,4.811931
413,11,4.77836
413,12,4.747562
414,1,4.8896976
414,2,4.875716
414,3,4.8581176
414,4,4.9430747
414,5,4.9175644
414,6,4.8835945
414,7,4.853369
414,8,4.844173
414,9,4.845022
414,10,4.81813
414,11,4.832968
414,12,4.8576083
415,1,4.836566
415,2,4.84739
415,3,4.861909
415,4,4.9250817
415,5,4.9041095
415,6,4.87713
415,7,4.843985
415,8,4.8306828
415,9,4.844884
415,10,4.82555
415,11,4.816778
415,12,4.8305125
416,1,4.851575
416,2,4.8291216
416,3,4.8777666
416,4,4.929257
416,5,4.9096866
416,6,4.8839645
416,7,4.8518353
416,8,4.8363886
416,9,4.8394194
416,10,4.824619
416,11,4.858527
416,12,4.8660374
417,1,4.861067
417,2,4.8021708
417,3,4.8369536
417,4,4.9038982
417,5,4.8995566
417,6,4.871969
417,7,4.8338237
417,8,4.8198886
417,9,4.831189
417,10,4.8107266
417,11,4.78618
417,12,4.783397
418,1,4.8283477
418,2,4.819385
418,3,4.8535924
418,4,4.9409237
418,5,4.911839
418,6,4.8725443
418,7,4.856764
418,8,4.853875
418,9,4.8418674
418,10,4.833294
418,11,4.85842
418,12,4.8849287
419,1,4.721324
419,2,4.7281394
419,3,4.7531366
419,4,4.803967
419,5,4.807737
419,6,4.816268
419,7,4.806961
419,8,4.803093
419,9,4.814768
419,10,4.7955284
419,11,4.7661815
419,12,4.72448
420,1,4.7904186
420,2,4.7989917
420,3,4.819879
420,4,4.888747
420,5,4.8842616
420,6,4.8556566
420,7,4.8212566
420,8,4.8156962
420,9,4.8109627
420,10,4.796783
420,11,4.7699957
420,12,4.7681265
421,1,4.7881846
421,2,4.7592535
421,3,4.826664
421,4,4.863758
421,5,4.895763
421,6,4.8648415
421,7,4.8477025
421,8,4.825923
421,9,4.840152
421,10,4.812123
421,11,4.7798114
421,12,4.765372
422,1,4.7672
422,2,4.7849
422,3,4.820419
422,4,4.8863263
422,5,4.882814
422,6,4.8731847
422,7,4.843828
422,8,4.8307796
422,9,4.844304
422,10,4.8146315
422,11,4.781749
422,12,4.766998
423,1,4.711812
423,2,4.726356
423,3,4.7599835
423,4,4.8299894
423,5,4.8473005
423,6,4.841308
423,7,4.8346586
423,8,4.8243647
423,9,4.838456
423,10,4.8165684
423,11,4.771722
423,12,4.74199
424,1,4.733437
424,2,4.7371125
424,3,4.834521
424,4,4.871805
424,5,4.8577266
424,6,4.860984
424,7,4.8308563
424,8,4.8196425
424,9,4.828606
424,10,4.820289
424,11,4.8047733
424,12,4.8235526
425,1,4.736708
425,2,4.742488
425,3,4.7880154
425,4,4.842924
425,5,4.864126
425,6,4.862731
425,7,4.830788
425,8,4.823452
425,9,4.833277
425,10,4.816225
425,11,4.7811923
425,12,4.7497706
426,1,4.7736554
426,2,4.7641563
426,3,4.8495884
426,4,4.872322
426,5,4.8776937
426,6,4.864404
426,7,4.833582
426,8,4.8332305
426,9,4.8309283
426,10,4.811452
426,11,4.772547
426,12,4.78061
427,1,4.7312427
427,2,4.740391
427,3,4.831122
427,4,4.8754086
427,5,4.8693285
427,6,4.8641734
427,7,4.8340173
427,8,4.8146524
427,9,4.8329873
427,10,4.827414
427,11,4.800069
427,12,4.830049
428,1,4.785382
428,2,4.7912917
428,3,4.859932
428,4,4.9045157
428,5,4.8856716
428,6,4.882783
428,7,4.8317432
428,8,4.814473
428,9,4.8395734
428,10,4.83917
428,11,4.845554
428,12,4.8473215
429,1,4.85617
429,2,4.8839245
429,3,4.866985
429,4,4.9566965
429,5,4.904659
429,6,4.8522587
429,7,4.825502
429,8,4.8111706
429,9,4.8087745
429,10,4.799662
429,11,4.7987437
429,12,4.84276
430,1,4.702833
430,2,4.7435346
430,3,4.7837133
430,4,4.830386
430,5,4.857767
430,6,4.839132
430,7,4.834161
430,8,4.824997
430,9,4.826655
430,10,4.8120575
430,11,4.7846837
430,12,4.751498
431,1,4.7259097
431,2,4.7461376
431,3,4.7813716
431,4,4.833643
431,5,4.8477864
431,6,4.8419847
431,7,4.83455
431,8,4.8195367
431,9,4.833613
431,10,4.8188734
431,11,4.781197
431,12,4.749393
432,1,4.7658725
432,2,4.8155007
432,3,4.8543906
432,4,4.918405
432,5,4.884519
432,6,4.863728
432,7,4.8226237
432,8,4.8247275
432,9,4.828435
432,10,4.8242044
432,11,4.8408046
432,12,4.846505
433,1,4.7484536
433,2,4.7397428
433,3,4.805604
433,4,4.8513217
433,5,4.8639607
433,6,4.8663597
433,7,4.8356414
433,8,4.83062
433,9,4.8259277
433,10,4.8208914
433,11,4.7724767
433,12,4.7600183
434,1,4.763295
434,2,4.7785654
434,3,4.8260083
434,4,4.8742223
434,5,4.881873
434,6,4.864856
434,7,4.835559
434,8,4.816798
434,9,4.8231173
434,10,4.817846
434,11,4.7647266
434,12,4.757923
435,1,4.7535563
435,2,4.758119
435,3,4.8375764
435,4,4.8658247
435,5,4.878501
435,6,4.8683577
435,7,4.8397074
435,8,4.832647
435,9,4.8469896
435,10,4.8106723
435,11,4.764477
435,12,4.7595906
436,1,4.812406
436,2,4.780626
436,3,4.8411546
436,4,4.9036303
436,5,4.8906555
436,6,4.869687
436,7,4.829097
436,8,4.8244705
436,9,4.8296394
436,10,4.8108153
436,11,4.8005342
436,12,4.771796
437,1,4.8244486
437,2,4.7814717
437,3,4.8744273
437,4,4.9237313
437,5,4.915788
437,6,4.8789024
437,7,4.855274
437,8,4.8418937
437,9,4.8465886
437,10,4.8381386
437,11,4.8584485
437,12,4.8645725
438,1,4.851306
438,2,4.854615
438,3,4.8513503
438,4,4.9424706
438,5,4.8976045
438,6,4.8824563
438,7,4.835006
438,8,4.842934
438,9,4.8406568
438,10,4.806258
438,11,4.8274913
438,12,4.844035
439,1,4.774857
439,2,4.756351
439,3,4.805751
439,4,4.874063
439,5,4.8781724
439,6,4.8750496
439,7,4.84358
439,8,4.832711
439,9,4.8459883
439,10,4.80554
439,11,4.7826724
439,12,4.7591243
440,1,4.745678
440,2,4.769298
440,3,4.8178873
440,4,4.8711286
440,5,4.8689394
440,6,4.8572493
440,7,4.8211846
440,8,4.8213925
440,9,4.824961
440,10,4.802243
440,11,4.766328
440,12,4.7540383
441,1,4.74246
441,2,4.77391
441,3,4.8195996
441,4,4.877351
441,5,4.8590965
441,6,4.858586
441,7,4.8268733
441,8,4.820259
441,9,4.8202424
441,10,4.807695
441,11,4.7897844
441,12,4.806465
442,1,4.7678957
442,2,4.7496777
442,3,4.8101735
442,4,4.8625994
442,5,4.8780527
442,6,4.867467
442,7,4.831443
442,8,4.829082
442,9,4.819988
442,10,4.81329
442,11,4.760384
442,12,4.759738
443,1,4.762066
443,2,4.773723
443,3,4.8232107
443,4,4.8791842
443,5,4.8831153
443,6,4.8751965
443,7,4.841491
443,8,4.8348
443,9,4.8468165
443,10,4.820525
443,11,4.7804623
443,12,4.7590766
444,1,4.7903943
444,2,4.80403
444,3,4.839238
444,4,4.8915033
444,5,4.874282
444,6,4.860294
444,7,4.824167
444,8,4.823632
444,9,4.815754
444,10,4.7946935
444,11,4.7781463
444,12,4.771893
445,1,4.711374
445,2,4.743461
445,3,4.7746334
445,4,4.83256
445,5,4.847244
445,6,4.8431363
445,7,4.824833
445,8,4.8217816
445,9,4.8306184
445,10,4.8090034
445,11,4.7696676
445,12,4.7450137
446,1,4.768276
446,2,4.773837
446,3,4.8315783
446,4,4.8885694
446,5,4.8820987
446,6,4.870347
446,7,4.825777
446,8,4.8233566
446,9,4.822818
446,10,4.811825
446,11,4.781302
446,12,4.780373
447,1,4.8098135
447,2,4.8065367
447,3,4.8523726
447,4,4.8958354
447,5,4.8864985
447,6,4.869298
447,7,4.8509336
447,8,4.8196535
447,9,4.819697
447,10,4.8114004
447,11,4.771747
447,12,4.7900844
448,1,4.743169
448,2,4.782591
448,3,4.815816
448,4,4.878964
448,5,4.8688884
448,6,4.8560295
448,7,4.839257
448,8,4.8158317
448,9,4.8321466
448,10,4.8189306
448,11,4.813294
448,12,4.8263316
449,1,4.7376027
449,2,4.7408237
449,3,4.782533
449,4,4.837158
449,5,4.849901
449,6,4.8430395
449,7,4.8299217
449,8,4.8271556
449,9,4.832439
449,10,4.8139524
449,11,4.7943664
449,12,4.7585564
450,1,4.7657857
450,2,4.787667
450,3,4.802019
450,4,4.8724384
450,5,4.8804903
450,6,4.8642287
450,7,4.842492
450,8,4.8359222
450,9,4.8444324
450,10,4.810292
450,11,4.7803392
450,12,4.7620263
451,1,4.715381
451,2,4.735296
451,3,4.754757
451,4,4.828361
451,5,4.8410597
451,6,4.8389487
451,7,4.8355265
451,8,4.8257737
451,9,4.8470316
451,10,4.822837
451,11,4.771004
451,12,4.739015
452,1,4.7977223
452,2,4.787676
452,3,4.8065944
452,4,4.9032555
452,5,4.8903465
452,6,4.87977
452,7,4.8445854
452,8,4.8278947
452,9,4.8465667
452,10,4.809719
452,11,4.796426
452,12,4.7567377
453,1,4.70387
453,2,4.731222
453,3,4.779465
453,4,4.8436074
453,5,4.840247
453,6,4.8459315
453,7,4.824025
453,8,4.8157687
453,9,4.809031
453,10,4.7900805
453,11,4.7611356
453,12,4.765349
454,1,4.820991
454,2,4.799464
454,3,4.858907
454,4,4.900164
454,5,4.898049
454,6,4.8740273
454,7,4.8299923
454,8,4.819697
454,9,4.815915
454,10,4.81132
454,11,4.786953
454,12,4.7925835
455,1,4.765289
455,2,4.7646
455,3,4.814394
455,4,4.8723087
455,5,4.873692
455,6,4.8648915
455,7,4.8288507
455,8,4.8223214
455,9,4.821797
455,10,4.8079076
455,11,4.7782073
455,12,4.769474
456,1,4.708893
456,2,4.740664
456,3,4.7573843
456,4,4.8269825
456,5,4.84215
456,6,4.8359046
456,7,4.8304873
456,8,4.8245907
456,9,4.8299217
456,10,4.807533
456,11,4.779093
456,12,4.7392297
457,1,4.896287
457,2,4.9395
457,3,4.8896937
457,4,4.964271
457,5,4.922518
457,6,4.8906407
457,7,4.86018
457,8,4.8411045
457,9,4.8480186
457,10,4.8219776
457,11,4.819271
457,12,4.8447146
458,1,4.7085285
458,2,4.7441974
458,3,4.782902
458,4,4.827953
458,5,4.8517237
458,6,4.841775
458,7,4.8332214
458,8,4.8263345
458,9,4.8302584
458,10,4.8125753
458,11,4.7810836
458,12,4.7495823
459,1,4.753479
459,2,4.7567134
459,3,4.824032
459,4,4.8662567
459,5,4.877184
459,6,4.8678384
459,7,4.8307366
459,8,4.8250957
459,9,4.8265305
459,10,4.814092
459,11,4.771917
459,12,4.7632165
460,1,4.8033633
460,2,4.815975
460,3,4.8627157
460,4,4.9161816
460,5,4.8921413
460,6,4.878786
460,7,4.8333616
460,8,4.8296537
460,9,4.8281813
460,10,4.8188696
460,11,4.793858
460,12,4.809259
461,1,4.848424
461,2,4.878078
461,3,4.8645363
461,4,4.951011
461,5,4.9115434
461,6,4.8859906
461,7,4.856025
461,8,4.8460493
461,9,4.8470645
461,10,4.8120418
461,11,4.8245153
461,12,4.8449893
462,1,4.7423754
462,2,4.7466908
462,3,4.7696586
462,4,4.831715
462,5,4.844884
462,6,4.836954
462,7,4.8277555
462,8,4.824123
462,9,4.825186
462,10,4.8043566
462,11,4.7665925
462,12,4.731882
463,1,4.746776
463,2,4.7707176
463,3,4.788465
463,4,4.8714347
463,5,4.856465
463,6,4.825729
463,7,4.788532
463,8,4.786286
463,9,4.790885
463,10,4.7719717
463,11,4.8151207
463,12,4.8434305
464,1,4.728382
464,2,4.7546806
464,3,4.785438
464,4,4.864195
464,5,4.827406
464,6,4.8481054
464,7,4.81854
464,8,4.806591
464,9,4.806639
464,10,4.7940197
464,11,4.759245
464,12,4.7830343
465,1,4.742308
465,2,4.757487
465,3,4.8522243
465,4,4.8827605
465,5,4.873921
465,6,4.8695726
465,7,4.8407845
465,8,4.8164296
465,9,4.8336267
465,10,4.821722
465,11,4.834633
465,12,4.8119817
466,1,4.75945
466,2,4.785584
466,3,4.8216825
466,4,4.8714232
466,5,4.8917503
466,6,4.869425
466,7,4.8459477
466,8,4.8364935
466,9,4.8456945
466,10,4.7991085
466,11,4.77925
466,12,4.769032
467,1,4.708635
467,2,4.723435
467,3,4.756962
467,4,4.8192186
467,5,4.8543854
467,6,4.842351
467,7,4.8281584
467,8,4.8244414
467,9,4.8329935
467,10,4.8164005
467,11,4.7730713
467,12,4.737361
468,1,4.7635074
468,2,4.784664
468,3,4.8415995
468,4,4.881358
468,5,4.88706
468,6,4.861606
468,7,4.8305826
468,8,4.819363
468,9,4.8224463
468,10,4.8150086
468,11,4.782374
468,12,4.783909
469,1,4.755158
469,2,4.770861
469,3,4.809076
469,4,4.8823705
469,5,4.8682103
469,6,4.863336
469,7,4.831458
469,8,4.8257523
469,9,4.8201737
469,10,4.8118405
469,11,4.768198
469,12,4.776545
470,1,4.8550005
470,2,4.872703
470,3,4.883111
470,4,4.9595995
470,5,4.910897
470,6,4.8875656
470,7,4.8531294
470,8,4.844374
470,9,4.842526
470,10,4.8225904
470,11,4.8287244
470,12,4.8621945
471,1,4.7354393
471,2,4.7254176
471,3,4.7891374
471,4,4.8575
471,5,4.8749394
471,6,4.8550687
471,7,4.832912
471,8,4.8299356
471,9,4.8263373
471,10,4.8140354
471,11,4.781749
471,12,4.75319
472,1,4.7005663
472,2,4.7202163
472,3,4.7572875
472,4,4.8124986
472,5,4.8300085
472,6,4.832493
472,7,4.8326416
472,8,4.8259406
472,9,4.833727
472,10,4.8205175
472,11,4.7766824
472,12,4.735221
473,1,4.799873
473,2,4.7896533
473,3,4.8202877
473,4,4.8941393
473,5,4.888031
473,6,4.8734403
473,7,4.8361545
473,8,4.8365307
473,9,4.839691
473,10,4.802777
473,11,4.7942777
473,12,4.7725096
474,1,4.710518
474,2,4.7205343
474,3,4.7578993
474,4,4.8249035
474,5,4.842266
474,6,4.840241
474,7,4.831421
474,8,4.824339
474,9,4.835867
474,10,4.8178644
474,11,4.782509
474,12,4.7450123
475,1,4.7109776
475,2,4.7569876
475,3,4.7786994
475,4,4.8613286
475,5,4.8251677
475,6,4.8371515
475,7,4.822129
475,8,4.8064966
475,9,4.809057
475,10,4.7800703
475,11,4.753739
475,12,4.783126
476,1,4.734802
476,2,4.740673
476,3,4.7918234
476,4,4.8474207
476,5,4.843036
476,6,4.8585315
476,7,4.832468
476,8,4.8249173
476,9,4.8322487
476,10,4.8164053
476,11,4.770199
476,12,4.7449923
477,1,4.765927
477,2,4.7582397
477,3,4.8083887
477,4,4.865167
477,5,4.8677697
477,6,4.8643727
477,7,4.8289213
477,8,4.8272057
477,9,4.8208685
477,10,4.80921
477,11,4.765048
477,12,4.7639565
478,1,4.7158446
478,2,4.737659
478,3,4.794903
478,4,4.841451
478,5,4.84668
478,6,4.8570666
478,7,4.835555
478,8,4.8298826
478,9,4.8329067
478,10,4.8183603
478,11,4.7642984
478,12,4.751456
479,1,4.809535
479,2,4.8095856
479,3,4.8154902
479,4,4.9096026
479,5,4.88518
479,6,4.8785224
479,7,4.8465004
479,8,4.835192
479,9,4.8370686
479,10,4.8108816
479,11,4.788396
479,12,4.776307
480,1,4.7431397
480,2,4.7437043
480,3,4.789691
480,4,4.8420277
480,5,4.8607855
480,6,4.854663
480,7,4.839356
480,8,4.827821
480,9,4.8265715
480,10,4.816876
480,11,4.7746263
480,12,4.759942
481,1,4.7499785
481,2,4.7459025
481,3,4.7943187
481,4,4.854133
481,5,4.873582
481,6,4.8622394
481,7,4.8377347
481,8,4.8308907
481,9,4.8417425
481,10,4.8191705
481,11,4.7824473
481,12,4.754815
482,1,4.8534164
482,2,4.868007
482,3,4.869768
482,4,4.9430194
482,5,4.897849
482,6,4.8752537
482,7,4.8479
482,8,4.835187
482,9,4.839203
482,10,4.812993
482,11,4.8128943
482,12,4.847967
483,1,4.756321
483,2,4.7706895
483,3,4.85238
483,4,4.872879
483,5,4.860717
483,6,4.8561797
483,7,4.8275433
483,8,4.8146386
483,9,4.825518
483,10,4.8027377
483,11,4.796113
483,12,4.7967777
484,1,4.7636514
484,2,4.760447
484,3,4.803984
484,4,4.8795195
484,5,4.8972454
484,6,4.8731995
484,7,4.8420315
484,8,4.840778
484,9,4.846172
484,10,4.8099046
484,11,4.7916145
484,12,4.7477617
485,1,4.7125254
485,2,4.7331867
485,3,4.7623057
485,4,4.820206
485,5,4.841425
485,6,4.8387837
485,7,4.839094
485,8,4.82747
485,9,4.834782
485,10,4.81602
485,11,4.778408
485,12,4.738712
486,1,4.889151
486,2,4.8896093
486,3,4.8920407
486,4,4.947615
486,5,4.8724566
486,6,4.831331
486,7,4.806674
486,8,4.796873
486,9,4.7966933
486,10,4.7954245
486,11,4.8262467
486,12,4.8492827
487,1,4.768359
487,2,4.744676
487,3,4.822804
487,4,4.8734736
487,5,4.858029
487,6,4.856559
487,7,4.828222
487,8,4.8254843
487,9,4.81727
487,10,4.8106675
487,11,4.7657256
487,12,4.7668133
488,1,4.7115636
488,2,4.7306213
488,3,4.766188
488,4,4.8301034
488,5,4.8476377
488,6,4.8427124
488,7,4.8264685
488,8,4.821203
488,9,4.8337293
488,10,4.8216567
488,11,4.77872
488,12,4.741698
489,1,4.69733
489,2,4.721398
489,3,4.7473006
489,4,4.807166
489,5,4.8207755
489,6,4.8280835
489,7,4.83004
489,8,4.8252687
489,9,4.834572
489,10,4.812846
489,11,4.7668653
489,12,4.7397614
490,1,4.793567
490,2,4.794764
490,3,4.8256426
490,4,4.880588
490,5,4.8813214
490,6,4.871599
490,7,4.831211
490,8,4.821023
490,9,4.832368
490,10,4.812376
490,11,4.790636
490,12,4.7875066
491,1,4.7402825
491,2,4.747491
491,3,4.7719245
491,4,4.8311896
491,5,4.830938
491,6,4.8351045
491,7,4.822735
491,8,4.825106
491,9,4.8131733
491,10,4.791934
491,11,4.7693295
491,12,4.7163873
492,1,4.7051196
492,2,4.7340293
492,3,4.7389874
492,4,4.802583
492,5,4.8279634
492,6,4.833348
492,7,4.830652
492,8,4.8138623
492,9,4.8358984
492,10,4.815196
492,11,4.7634263
492,12,4.733906
493,1,4.7844553
493,2,4.7918115
493,3,4.841839
493,4,4.885601
493,5,4.887729
493,6,4.873482
493,7,4.831602
493,8,4.8237906
493,9,4.830499
493,10,4.811937
493,11,4.7857857
493,12,4.7957883
494,1,4.794205
494,2,4.802774
494,3,4.8518147
494,4,4.8941283
494,5,4.876903
494,6,4.863099
494,7,4.8270755
494,8,4.8278346
494,9,4.8236294
494,10,4.800359
494,11,4.764228
494,12,4.796508
495,1,4.7136183
495,2,4.740774
495,3,4.75823
495,4,4.810911
495,5,4.8455677
495,6,4.83139
495,7,4.8284693
495,8,4.8226423
495,9,4.8340206
495,10,4.8079305
495,11,4.7928953
495,12,4.748535
496,1,4.7937465
496,2,4.7841268
496,3,4.82305
496,4,4.88781
496,5,4.895962
496,6,4.867682
496,7,4.828848
496,8,4.817512
496,9,4.8261223
496,10,4.8019586
496,11,4.7676244
496,12,4.7817535
497,1,4.8534875
497,2,4.8674326
497,3,4.8668323
497,4,4.946522
497,5,4.8949895
497,6,4.874093
497,7,4.8538857
497,8,4.8352175
497,9,4.843476
497,10,4.8111477
497,11,4.824008
497,12,4.8497143
498,1,4.7170625
498,2,4.736637
498,3,4.7490115
498,4,4.8183746
498,5,4.836033
498,6,4.8314652
498,7,4.8242645
498,8,4.826632
498,9,4.830114
498,10,4.813596
498,11,4.7687697
498,12,4.7417183
499,1,4.74371
499,2,4.746354
499,3,4.808922
499,4,4.847523
499,5,4.864476
499,6,4.8442307
499,7,4.836017
499,8,4.8171487
499,9,4.8330383
499,10,4.8137126
499,11,4.7632327
499,12,4.7551427
500,1,4.8067994
500,2,4.831566
500,3,4.840131
500,4,4.905293
500,5,4.8863077
500,6,4.8689156
500,7,4.8258743
500,8,4.8255405
500,9,4.833503
500,10,4.810925
500,11,4.7841144
500,12,4.7876806
501,1,4.7447166
501,2,4.7501183
501,3,4.804634
501,4,4.8528967
501,5,4.867989
501,6,4.8650947
501,7,4.834042
501,8,4.826185
501,9,4.824138
501,10,4.809993
501,11,4.777616
501,12,4.7634225
502,1,4.7083054
502,2,4.7364907
502,3,4.7571177
502,4,4.8220987
502,5,4.85208
502,6,4.831962
502,7,4.8415003
502,8,4.8271365
502,9,4.841416
502,10,4.8329363
502,11,4.776371
502,12,4.740218
503,1,4.827847
503,2,4.822238
503,3,4.8417287
503,4,4.9104366
503,5,4.8929334
503,6,4.874676
503,7,4.8274794
503,8,4.821427
503,9,4.821166
503,10,4.808019
503,11,4.7846813
503,12,4.7889247
504,1,4.717311
504,2,4.7364216
504,3,4.763421
504,4,4.8390665
504,5,4.8526278
504,6,4.847633
504,7,4.827768
504,8,4.8183656
504,9,4.827024
504,10,4.810466
504,11,4.794218
504,12,4.7415943
505,1,4.7885504
505,2,4.7840242
505,3,4.8605785
505,4,4.8943067
505,5,4.882132
505,6,4.869282
505,7,4.835669
505,8,4.822676
505,9,4.824828
505,10,4.815019
505,11,4.777713
505,12,4.7918816
506,1,4.8387647
506,2,4.8318424
506,3,4.8395805
506,4,4.9197135
506,5,4.9158525
506,6,4.87748
506,7,4.861054
506,8,4.8451967
506,9,4.8443837
506,10,4.8299427
506,11,4.849543
506,12,4.8505177
507,1,4.778066
507,2,4.789125
507,3,4.8469553
507,4,4.890428
507,5,4.878182
507,6,4.871033
507,7,4.8309474
507,8,4.815119
507,9,4.8451595
507,10,4.8183937
507,11,4.8340607
507,12,4.832557
508,1,4.7801914
508,2,4.7779784
508,3,4.8208523
508,4,4.8785825
508,5,4.8927717
508,6,4.854463
508,7,4.824478
508,8,4.8263173
508,9,4.815306
508,10,4.8063755
508,11,4.7638135
508,12,4.761521
509,1,4.698949
509,2,4.7208915
509,3,4.744376
509,4,4.8079085
509,5,4.820928
509,6,4.824869
509,7,4.8343153
509,8,4.812101
509,9,4.835599
509,10,4.8141413
509,11,4.784498
509,12,4.73384
510,1,4.8053584
510,2,4.8370023
510,3,4.848438
510,4,4.924376
510,5,4.889867
510,6,4.874646
510,7,4.827149
510,8,4.825836
510,9,4.8291755
510,10,4.8061028
510,11,4.775599
510,12,4.7949796
511,1,4.720912
511,2,4.7374244
511,3,4.7691846
511,4,4.8222427
511,5,4.8492126
511,6,4.840847
511,7,4.830018
511,8,4.820715
511,9,4.8352838
511,10,4.8170147
511,11,4.780576
511,12,4.7444468
512,1,4.7357535
512,2,4.7320375
512,3,4.7806735
512,4,4.811685
512,5,4.8306165
512,6,4.829841
512,7,4.815662
512,8,4.8152027
512,9,4.8046026
512,10,4.77578
512,11,4.751483
512,12,4.7036667
513,1,4.7821827
513,2,4.785561
513,3,4.791564
513,4,4.8828807
513,5,4.9020224
513,6,4.8744273
513,7,4.8491273
513,8,4.839416
513,9,4.846763
513,10,4.8018875
513,11,4.80073
513,12,4.7677913
514,1,4.8127775
514,2,4.8432927
514,3,4.869244
514,4,4.918579
514,5,4.8981814
514,6,4.8631644
514,7,4.8393445
514,8,4.8430624
514,9,4.839434
514,10,4.8152337
514,11,4.8382273
514,12,4.8495054
515,1,4.715829
515,2,4.7282767
515,3,4.778557
515,4,4.8236427
515,5,4.82822
515,6,4.8387485
515,7,4.8398004
515,8,4.8162694
515,9,4.8304577
515,10,4.8256764
515,11,4.7904625
515,12,4.748618
516,1,4.8168516
516,2,4.830017
516,3,4.8579473
516,4,4.904849
516,5,4.891672
516,6,4.876073
516,7,4.827366
516,8,4.8253183
516,9,4.8336406
516,10,4.806543
516,11,4.791968
516,12,4.796249
517,1,4.718282
517,2,4.733093
517,3,4.757121
517,4,4.8053718
517,5,4.82806
517,6,4.8149543
517,7,4.8240485
517,8,4.8261485
517,9,4.823035
517,10,4.793945
517,11,4.757186
517,12,4.7266684
518,1,4.7209196
518,2,4.740767
518,3,4.781205
518,4,4.8408146
518,5,4.8572717
518,6,4.8541636
518,7,4.836253
518,8,4.825068
518,9,4.822128
518,10,4.812314
518,11,4.773375
518,12,4.7410703
519,1,4.910668
519,2,4.9144073
519,3,4.9111085
519,4,4.988747
519,5,4.92405
519,6,4.879096
519,7,4.8601956
519,8,4.8444138
519,9,4.840435
519,10,4.8154335
519,11,4.8383718
519,12,4.86255
520,1,4.7467046
520,2,4.761242
520,3,4.837345
520,4,4.8852544
520,5,4.8649178
520,6,4.8543334
520,7,4.820012
520,8,4.8138433
520,9,4.816448
520,10,4.8000097
520,11,4.7769713
520,12,4.8058653
521,1,4.786057
521,2,4.8016806
521,3,4.846893
521,4,4.8964725
521,5,4.8901987
521,6,4.867076
521,7,4.836286
521,8,4.827552
521,9,4.8287826
521,10,4.8201194
521,11,4.7792606
521,12,4.786859
522,1,4.7074404
522,2,4.73011
522,3,4.7855124
522,4,4.8490357
522,5,4.826879
522,6,4.8364773
522,7,4.809831
522,8,4.8033338
522,9,4.8133297
522,10,4.7890186
522,11,4.762747
522,12,4.79169
523,1,4.7145376
523,2,4.7276425
523,3,4.7595215
523,4,4.8229065
523,5,4.852722
523,6,4.8379073
523,7,4.8318343
523,8,4.821311
523,9,4.8342257
523,10,4.813753
523,11,4.7835283
523,12,4.7429295
524,1,4.7549734
524,2,4.77129
524,3,4.8072767
524,4,4.8617616
524,5,4.863775
524,6,4.8629665
524,7,4.8306675
524,8,4.8217387
524,9,4.81752
524,10,4.810271
524,11,4.768899
524,12,4.772317
525,1,4.7461467
525,2,4.747347
525,3,4.7914653
525,4,4.8471556
525,5,4.8581033
525,6,4.8590813
525,7,4.833595
525,8,4.8139014
525,9,4.824777
525,10,4.813125
525,11,4.7656546
525,12,4.748781
526,1,4.882208
526,2,4.8768835
526,3,4.8829384
526,4,4.942436
526,5,4.918617
526,6,4.8748364
526,7,4.8369083
526,8,4.8318033
526,9,4.8230443
526,10,4.8039303
526,11,4.793447
526,12,4.846361
527,1,4.733653
527,2,4.74753
527,3,4.7910037
527,4,4.841668
527,5,4.859254
527,6,4.8411345
527,7,4.830202
527,8,4.823968
527,9,4.834571
527,10,4.8163667
527,11,4.799466
527,12,4.752334
528,1,4.724367
528,2,4.7346783
528,3,4.8000493
528,4,4.8653026
528,5,4.8513227
528,6,4.846872
528,7,4.825439
528,8,4.8227243
528,9,4.821675
528,10,4.8171735
528,11,4.7673345
528,12,4.7894425
529,1,4.7353168
529,2,4.7625318
529,3,4.807709
529,4,4.8433
529,5,4.855483
529,6,4.843173
529,7,4.8358464
529,8,4.8224235
529,9,4.834245
529,10,4.8199525
529,11,4.7882915
529,12,4.757146
530,1,4.768933
530,2,4.7529883
530,3,4.812273
530,4,4.865285
530,5,4.8834987
530,6,4.8612676
530,7,4.831686
530,8,4.8222814
530,9,4.8203816
530,10,4.811454
530,11,4.774988
530,12,4.7640314
531,1,4.774697
531,2,4.8132324
531,3,4.8259034
531,4,4.9180517
531,5,4.876107
531,6,4.8675227
531,7,4.8246374
531,8,4.822482
531,9,4.815246
531,10,4.795326
531,11,4.775534
531,12,4.812578
532,1,4.702529
532,2,4.717603
532,3,4.7530336
532,4,4.8141594
532,5,4.833737
532,6,4.834118
532,7,4.8286014
532,8,4.821881
532,9,4.8348107
532,10,4.8121996
532,11,4.773707
532,12,4.741419
533,1,4.7202234
533,2,4.730818
533,3,4.7630763
533,4,4.8364244
533,5,4.854287
533,6,4.845619
533,7,4.833778
533,8,4.8216143
533,9,4.837032
533,10,4.8160367
533,11,4.779699
533,12,4.7296124
534,1,4.7929173
534,2,4.796706
534,3,4.8468404
534,4,4.892815
534,5,4.890549
534,6,4.872074
534,7,4.838616
534,8,4.832797
534,9,4.826841
534,10,4.812337
534,11,4.7764463
534,12,4.7976055
535,1,4.8629923
535,2,4.829763
535,3,4.8353524
535,4,4.912615
535,5,4.895033
535,6,4.8715763
535,7,4.830265
535,8,4.8315835
535,9,4.830021
535,10,4.7980714
535,11,4.7852554
535,12,4.8078723
536,1,4.8659234
536,2,4.8998175
536,3,4.8840203
536,4,4.9561305
536,5,4.8876033
536,6,4.8268976
536,7,4.8003087
536,8,4.795142
536,9,4.79499
536,10,4.788763
536,11,4.7919674
536,12,4.8406157
537,1,4.828222
537,2,4.794354
537,3,4.842285
537,4,4.928932
537,5,4.9022756
537,6,4.8756657
537,7,4.8453608
537,8,4.844797
537,9,4.8429303
537,10,4.8386736
537,11,4.8260875
537,12,4.875222
538,1,4.7070875
538,2,4.7268124
538,3,4.7640986
538,4,4.8609543
538,5,4.8412294
538,6,4.851738
538,7,4.8202386
538,8,4.809879
538,9,4.8125615
538,10,4.7952924
538,11,4.758489
538,12,4.76671
539,1,4.728507
539,2,4.729843
539,3,4.790029
539,4,4.838084
539,5,4.851934
539,6,4.855404
539,7,4.833266
539,8,4.824002
539,9,4.8253527
539,10,4.810144
539,11,4.766663
539,12,4.747864
540,1,4.737139
540,2,4.74431
540,3,4.8327794
540,4,4.876058
540,5,4.8721547
540,6,4.8589687
540,7,4.828981
540,8,4.8147254
540,9,4.833704
540,10,4.819075
540,11,4.794264
540,12,4.8135805
541,1,4.809559
541,2,4.806414
541,3,4.83862
541,4,4.9297795
541,5,4.9026113
541,6,4.8784857
541,7,4.831675
541,8,4.8392406
541,9,4.836307
541,10,4.8364325
541,11,4.8423967
541,12,4.881061
542,1,4.879578
542,2,4.903743
542,3,4.9329123
542,4,4.9715233
542,5,4.922422
542,6,4.8874197
542,7,4.853966
542,8,4.8338156
542,9,4.8377333
542,10,4.8183055
542,11,4.82107
542,12,4.8805847
543,1,4.726282
543,2,4.7395325
543,3,4.7979407
543,4,4.848924
543,5,4.8385067
543,6,4.8519983
543,7,4.819178
543,8,4.8083835
543,9,4.823555
543,10,4.799514
543,11,4.7706566
543,12,4.796506
544,1,4.7815795
544,2,4.7848477
544,3,4.8452177
544,4,4.8996997
544,5,4.877533
544,6,4.8650837
544,7,4.8329306
544,8,4.824523
544,9,4.8251815
544,10,4.812027
544,11,4.7732387
544,12,4.7858825
545,1,4.8218126
545,2,4.8226886
545,3,4.8425193
545,4,4.9048195
545,5,4.8738947
545,6,4.8559318
545,7,4.8230352
545,8,4.82097
545,9,4.8171406
545,10,4.787303
545,11,4.75996
545,12,4.777142
546,1,4.8936076
546,2,4.9286013
546,3,4.8998895
546,4,4.9584246
546,5,4.8805747
546,6,4.830031
546,7,4.818166
546,8,4.80004
546,9,4.805508
546,10,4.777157
546,11,4.8014026
546,12,4.883175
547,1,4.864611
547,2,4.825447
547,3,4.853346
547,4,4.9336553
547,5,4.8860197
547,6,4.861925
547,7,4.8278856
547,8,4.83007
547,9,4.8187265
547,10,4.7985926
547,11,4.783351
547,12,4.8055043
548,1,4.8540535
548,2,4.826003
548,3,4.858202
548,4,4.931162
548,5,4.8990483
548,6,4.8673196
548,7,4.8201666
548,8,4.824757
548,9,4.8177757
548,10,4.790592
548,11,4.7709584
548,12,4.802648
549,1,4.780655
549,2,4.785896
549,3,4.8170166
549,4,4.875398
549,5,4.874975
549,6,4.8661
549,7,4.832139
549,8,4.827878
549,9,4.82207
549,10,4.8125873
549,11,4.775456
549,12,4.7840085
550,1,4.720569
550,2,4.728453
550,3,4.785225
550,4,4.8399906
550,5,4.8523517
550,6,4.856476
550,7,4.8372817
550,8,4.8276186
550,9,4.822419
550,10,4.8175983
550,11,4.76914
550,12,4.74931
551,1,4.774291
551,2,4.7903986
551,3,4.815305
551,4,4.896748
551,5,4.8635616
551,6,4.858498
551,7,4.8126698
551,8,4.809063
551,9,4.8135552
551,10,4.795386
551,11,4.774469
551,12,4.8023005
552,1,4.7612643
552,2,4.752181
552,3,4.8015995
552,4,4.878032
552,5,4.871882
552,6,4.8661876
552,7,4.8357224
552,8,4.829455
552,9,4.8269844
552,10,4.8079715
552,11,4.77733
552,12,4.7495275
553,1,4.770436
553,2,4.760955
553,3,4.8179383
553,4,4.8748746
553,5,4.896277
553,6,4.872904
553,7,4.8420525
553,8,4.8380485
553,9,4.8337555
553,10,4.8049006
553,11,4.794253
553,12,4.7658215
554,1,4.740196
554,2,4.7374234
554,3,4.769509
554,4,4.8379903
554,5,4.848363
554,6,4.8439584
554,7,4.833053
554,8,4.818874
554,9,4.830068
554,10,4.8116283
554,11,4.7685347
554,12,4.756045
555,1,4.8094826
555,2,4.821
555,3,4.863488
555,4,4.917825
555,5,4.900024
555,6,4.8695626
555,7,4.821809
555,8,4.8224387
555,9,4.8220825
555,10,4.799601
555,11,4.7717347
555,12,4.792955
556,1,4.7744327
556,2,4.775075
556,3,4.8249702
556,4,4.868851
556,5,4.8781877
556,6,4.864505
556,7,4.8245535
556,8,4.8271713
556,9,4.8245764
556,10,4.8199525
556,11,4.767537
556,12,4.751895
557,1,4.766231
557,2,4.759843
557,3,4.801966
557,4,4.8816323
557,5,4.8679276
557,6,4.864718
557,7,4.8269277
557,8,4.8227053
557,9,4.8257127
557,10,4.809805
557,11,4.7533994
557,12,4.766479
558,1,4.815774
558,2,4.821674
558,3,4.859184
558,4,4.9264584
558,5,4.886645
558,6,4.874383
558,7,4.8308697
558,8,4.82323
558,9,4.8199573
558,10,4.8068666
558,11,4.8008432
558,12,4.8067865
559,1,4.8906765
559,2,4.925032
559,3,4.932319
559,4,4.9625707
559,5,4.9230146
559,6,4.897596
559,7,4.8619657
559,8,4.840713
559,9,4.8363414
559,10,4.8322716
559,11,4.8332815
559,12,4.885997
560,1,4.734684
560,2,4.756686
560,3,4.8369036
560,4,4.8872557
560,5,4.8735857
560,6,4.8625298
560,7,4.8359733
560,8,4.8230295
560,9,4.8445907
560,10,4.8139467
560,11,4.8139877
560,12,4.819328
561,1,4.73832
561,2,4.758115
561,3,4.8090944
561,4,4.856898
561,5,4.8774414
561,6,4.8671675
561,7,4.841572
561,8,4.829388
561,9,4.831874
561,10,4.819198
561,11,4.776909
561,12,4.756001
562,1,4.7317033
562,2,4.7477093
562,3,4.813905
562,4,4.8369546
562,5,4.833802
562,6,4.856839
562,7,4.837065
562,8,4.824272
562,9,4.824788
562,10,4.7954264
562,11,4.7878284
562,12,4.7496395
563,1,4.7059536
563,2,4.723611
563,3,4.7455964
563,4,4.8149996
563,5,4.8245664
563,6,4.834881
563,7,4.8306565
563,8,4.815661
563,9,4.8312573
563,10,4.809218
563,11,4.782653
563,12,4.736714
564,1,4.7482276
564,2,4.7280345
564,3,4.8014603
564,4,4.858187
564,5,4.875413
564,6,4.8579535
564,7,4.8318357
564,8,4.823902
564,9,4.829943
564,10,4.814839
564,11,4.7717123
564,12,4.741642
565,1,4.7778625
565,2,4.813114
565,3,4.7939115
565,4,4.878449
565,5,4.871434
565,6,4.836267
565,7,4.814409
565,8,4.8073716
565,9,4.8005733
565,10,4.797408
565,11,4.8134255
565,12,4.8544583
566,1,4.717758
566,2,4.7314053
566,3,4.7706337
566,4,4.8204875
566,5,4.8264484
566,6,4.8219733
566,7,4.819286
566,8,4.8138785
566,9,4.8233876
566,10,4.8082
566,11,4.7522197
566,12,4.7325373
567,1,4.750225
567,2,4.7555246
567,3,4.8029094
567,4,4.8562784
567,5,4.8736906
567,6,4.8629556
567,7,4.834516
567,8,4.8288245
567,9,4.8254066
567,10,4.816361
567,11,4.772331
567,12,4.766012
568,1,4.779194
568,2,4.7681375
568,3,4.8208194
568,4,4.8815746
568,5,4.8851585
568,6,4.868104
568,7,4.8411922
568,8,4.8317413
568,9,4.8455653
568,10,4.807959
568,11,4.774362
568,12,4.7620926
569,1,4.781809
569,2,4.747446
569,3,4.805169
569,4,4.877846
569,5,4.8818164
569,6,4.860838
569,7,4.82969
569,8,4.8235216
569,9,4.8266897
569,10,4.806061
569,11,4.7654986
569,12,4.772992
570,1,4.7201858
570,2,4.740912
570,3,4.778774
570,4,4.8314886
570,5,4.846665
570,6,4.84958
570,7,4.8306003
570,8,4.8178463
570,9,4.833973
570,10,4.808246
570,11,4.769795
570,12,4.754186
571,1,4.87592
571,2,4.9038463
571,3,4.8910465
571,4,4.970555
571,5,4.914229
571,6,4.881015
571,7,4.847359
571,8,4.8336325
571,9,4.8276997
571,10,4.803828
571,11,4.8299465
571,12,4.854312
572,1,4.882212
572,2,4.87135
572,3,4.8822675
572,4,4.939098
572,5,4.895901
572,6,4.8746448
572,7,4.8399158
572,8,4.829849
572,9,4.8219075
572,10,4.8016615
572,11,4.8120155
572,12,4.83897
573,1,4.7085843
573,2,4.732369
573,3,4.7469563
573,4,4.815556
573,5,4.8248105
573,6,4.830185
573,7,4.831144
573,8,4.8228464
573,9,4.8385386
573,10,4.821367
573,11,4.7905693
573,12,4.7351546
574,1,4.7549486
574,2,4.7539144
574,3,4.809909
574,4,4.857897
574,5,4.874575
574,6,4.8653865
574,7,4.834222
574,8,4.8311687
574,9,4.8251123
574,10,4.819
574,11,4.7761784
574,12,4.7620687
575,1,4.8428226
575,2,4.858519
575,3,4.842239
575,4,4.933523
575,5,4.8923287
575,6,4.874558
575,7,4.8418765
575,8,4.8309536
575,9,4.838268
575,10,4.808691
575,11,4.8108296
575,12,4.828636
576,1,4.8011484
576,2,4.8115153
576,3,4.827791
576,4,4.8958716
576,5,4.893559
576,6,4.8843336
576,7,4.8461585
576,8,4.8329053
576,9,4.8482785
576,10,4.804462
576,11,4.80213
576,12,4.763076
577,1,4.787908
577,2,4.804307
577,3,4.813806
577,4,4.895551
577,5,4.876176
577,6,4.8827395
577,7,4.833518
577,8,4.8267837
577,9,4.835073
577,10,4.837921
577,11,4.8321624
577,12,4.875329
578,1,4.7209177
578,2,4.7421703
578,3,4.798267
578,4,4.8632107
578,5,4.8374352
578,6,4.8584356
578,7,4.8171043
578,8,4.8057427
578,9,4.8063912
578,10,4.7992764
578,11,4.746409
578,12,4.7769675
579,1,4.762838
579,2,4.7814665
579,3,4.83567
579,4,4.899654
579,5,4.9020762
579,6,4.8563695
579,7,4.8241153
579,8,4.820329
579,9,4.8074102
579,10,4.804457
579,11,4.7697077
579,12,4.7744827
580,1,4.745817
580,2,4.7463636
580,3,4.773032
580,4,4.8269134
580,5,4.8292794
580,6,4.834323
580,7,4.815148
580,8,4.820429
580,9,4.810409
580,10,4.7914953
580,11,4.759116
580,12,4.7182574
581,1,4.719376
581,2,4.748709
581,3,4.768385
581,4,4.868944
581,5,4.852563
581,6,4.854329
581,7,4.823946
581,8,4.8129125
581,9,4.8176656
581,10,4.8061824
581,11,4.757986
581,12,4.756933
582,1,4.8059587
582,2,4.8279114
582,3,4.843797
582,4,4.903712
582,5,4.8965964
582,6,4.874802
582,7,4.831662
582,8,4.829325
582,9,4.8267026
582,10,4.8130355
582,11,4.7946396
582,12,4.8071847
583,1,4.733981
583,2,4.7437587
583,3,4.7740965
583,4,4.828551
583,5,4.8346925
583,6,4.8356814
583,7,4.8197026
583,8,4.8202662
583,9,4.816672
583,10,4.7897635
583,11,4.757817
583,12,4.713531
584,1,4.8027225
584,2,4.787034
584,3,4.8198915
584,4,4.886667
584,5,4.8980412
584,6,4.8507867
584,7,4.8237953
584,8,4.809557
584,9,4.822587
584,10,4.799239
584,11,4.7972302
584,12,4.862908
585,1,4.7886677
585,2,4.773631
585,3,4.8200145
585,4,4.8886266
585,5,4.863937
585,6,4.8629885
585,7,4.8374805
585,8,4.832265
585,9,4.832425
585,10,4.801053
585,11,4.7996154
585,12,4.766717
586,1,4.7864556
586,2,4.798753
586,3,4.8306594
586,4,4.8956804
586,5,4.8947144
586,6,4.8834224
586,7,4.8417444
586,8,4.829402
586,9,4.829767
586,10,4.8166237
586,11,4.7910957
586,12,4.794053
587,1,4.8144183
587,2,4.8172193
587,3,4.852239
587,4,4.9211874
587,5,4.896786
587,6,4.876078
587,7,4.8293023
587,8,4.827529
587,9,4.816982
587,10,4.7956166
587,11,4.7784877
587,12,4.8030314
588,1,4.7548532
588,2,4.76413
588,3,4.8243837
588,4,4.8686237
588,5,4.882314
588,6,4.8585343
588,7,4.842604
588,8,4.8306108
588,9,4.8457856
588,10,4.812087
588,11,4.7965117
588,12,4.761135
589,1,4.71967
589,2,4.734488
589,3,4.7805686
589,4,4.831003
589,5,4.8557644
589,6,4.8443866
589,7,4.8341937
589,8,4.8233833
589,9,4.835436
589,10,4.8088098
589,11,4.770314
589,12,4.7534976
590,1,4.747197
590,2,4.744959
590,3,4.8037667
590,4,4.8900003
590,5,4.8574624
590,6,4.87228
590,7,4.8382077
590,8,4.8248773
590,9,4.838134
590,10,4.824975
590,11,4.804253
590,12,4.8182087
591,1,4.799068
591,2,4.7988296
591,3,4.845055
591,4,4.9274254
591,5,4.8738365
591,6,4.8774147
591,7,4.8328657
591,8,4.8295193
591,9,4.821571
591,10,4.8125787
591,11,4.7866516
591,12,4.7928305
592,1,4.7888246
592,2,4.7631125
592,3,4.840561
592,4,4.892262
592,5,4.867616
592,6,4.8686833
592,7,4.8382034
592,8,4.8142695
592,9,4.8385034
592,10,4.81527
592,11,4.8239346
592,12,4.824829
593,1,4.706082
593,2,4.7342696
593,3,4.766705
593,4,4.8259606
593,5,4.8366313
593,6,4.8383017
593,7,4.834338
593,8,4.8283677
593,9,4.8315196
593,10,4.811759
593,11,4.778493
593,12,4.745456
594,1,4.726796
594,2,4.7326818
594,3,4.7696996
594,4,4.8345246
594,5,4.8532476
594,6,4.840924
594,7,4.834165
594,8,4.8162003
594,9,4.8325434
594,10,4.8139305
594,11,4.778693
594,12,4.7493415
595,1,4.795653
595,2,4.765352
595,3,4.794043
595,4,4.865061
595,5,4.83586
595,6,4.810549
595,7,4.795276
595,8,4.792034
595,9,4.786528
595,10,4.7788453
595,11,4.8010798
595,12,4.858162
596,1,4.8339014
596,2,4.802812
596,3,4.8702927
596,4,4.9160266
596,5,4.887284
596,6,4.881551
596,7,4.8296003
596,8,4.825365
596,9,4.83368
596,10,4.804437
596,11,4.79312
596,12,4.8006325
597,1,4.755842
597,2,4.765664
597,3,4.845765
597,4,4.893433
597,5,4.894915
597,6,4.860935
597,7,4.8254056
597,8,4.830142
597,9,4.8343205
597,10,4.8212695
597,11,4.7897983
597,12,4.7829366
598,1,4.71419
598,2,4.7370515
598,3,4.766224
598,4,4.8253517
598,5,4.843421
598,6,4.836173
598,7,4.8334312
598,8,4.8249903
598,9,4.8380547
598,10,4.8143587
598,11,4.7828865
598,12,4.7424707
599,1,4.7316465
599,2,4.7462797
599,3,4.8109646
599,4,4.839333
599,5,4.8652935
599,6,4.8619156
599,7,4.836082
599,8,4.8259377
599,9,4.823455
599,10,4.816823
599,11,4.777595
599,12,4.7518826
600,1,4.7438474
600,2,4.742296
600,3,4.816338
600,4,4.8891177
600,5,4.871888
600,6,4.8530955
600,7,4.828248
600,8,4.823772
600,9,4.8302317
600,10,4.819037
600,11,4.8190413
600,12,4.832795
601,1,4.845719
601,2,4.8835816
601,3,4.894065
601,4,4.9480095
601,5,4.911509
601,6,4.8913474
601,7,4.865437
601,8,4.8431892
601,9,4.8409963
601,10,4.825124
601,11,4.8258114
601,12,4.8424788
602,1,4.8003354
602,2,4.8072834
602,3,4.8297324
602,4,4.892373
602,5,4.8771305
602,6,4.8752637
602,7,4.8302946
602,8,4.823934
602,9,4.8282366
602,10,4.817172
602,11,4.791848
602,12,4.8013415
603,1,4.736656
603,2,4.747027
603,3,4.8186083
603,4,4.8854327
603,5,4.8664513
603,6,4.8615446
603,7,4.840727
603,8,4.8192854
603,9,4.8474903
603,10,4.8223495
603,11,4.8137937
603,12,4.79632
604,1,4.8088493
604,2,4.827985
604,3,4.876586
604,4,4.9227066
604,5,4.88629
604,6,4.879917
604,7,4.8412266
604,8,4.822392
604,9,4.834532
604,10,4.8104725
604,11,4.805712
604,12,4.8069186
605,1,4.897267
605,2,4.924419
605,3,4.8342876
605,4,4.932648
605,5,4.867011
605,6,4.850216
605,7,4.832498
605,8,4.8196583
605,9,4.8202114
605,10,4.787989
605,11,4.823119
605,12,4.8585157
606,1,4.7025743
606,2,4.750742
606,3,4.77097
606,4,4.8333154
606,5,4.85796
606,6,4.840342
606,7,4.840731
606,8,4.82836
606,9,4.8366065
606,10,4.808598
606,11,4.7911577
606,12,4.7627845
607,1,4.7782817
607,2,4.7736797
607,3,4.8271194
607,4,4.878504
607,5,4.876274
607,6,4.865611
607,7,4.82947
607,8,4.8269567
607,9,4.820668
607,10,4.797109
607,11,4.7716436
607,12,4.7798014
608,1,4.8093677
608,2,4.8144274
608,3,4.8379226
608,4,4.9015274
608,5,4.880403
608,6,4.8646865
608,7,4.824454
608,8,4.8273444
608,9,4.8238635
608,10,4.792312
608,11,4.7664638
608,12,4.781041
609,1,4.773484
609,2,4.772172
609,3,4.835841
609,4,4.894794
609,5,4.86538
609,6,4.871016
609,7,4.8342214
609,8,4.8124185
609,9,4.8301377
609,10,4.827144
609,11,4.8300095
609,12,4.815025
610,1,4.7271442
610,2,4.7355404
610,3,4.772645
610,4,4.8438296
610,5,4.8528585
610,6,4.8478394
610,7,4.8370275
610,8,4.8262672
610,9,4.8255486
610,10,4.8157873
610,11,4.7731647
610,12,4.739916
611,1,4.73494
611,2,4.7400293
611,3,4.7777643
611,4,4.853923
611,5,4.8641243
611,6,4.848973
611,7,4.8352866
611,8,4.823459
611,9,4.830949
611,10,4.810871
611,11,4.770147
611,12,4.7441473
612,1,4.7379694
612,2,4.73922
612,3,4.7776647
612,4,4.8339653
612,5,4.8624663
612,6,4.8399124
612,7,4.829093
612,8,4.8183036
612,9,4.816931
612,10,4.812942
612,11,4.783797
612,12,4.7375493
613,1,4.751731
613,2,4.743926
613,3,4.816442
613,4,4.874271
613,5,4.8712087
613,6,4.861529
613,7,4.828794
613,8,4.8217673
613,9,4.817054
613,10,4.8099375
613,11,4.764977
613,12,4.7685266
614,1,4.762857
614,2,4.796307
614,3,4.8094907
614,4,4.8765187
614,5,4.845486
614,6,4.8203692
614,7,4.796914
614,8,4.7791734
614,9,4.793594
614,10,4.78687
614,11,4.8023987
614,12,4.8294816
615,1,4.783343
615,2,4.7711825
615,3,4.841893
615,4,4.882217
615,5,4.8798
615,6,4.8599696
615,7,4.8307457
615,8,4.8258166
615,9,4.829525
615,10,4.810016
615,11,4.775212
615,12,4.7831626
616,1,4.8311625
616,2,4.837325
616,3,4.8511806
616,4,4.943891
616,5,4.8947463
616,6,4.876905
616,7,4.8446465
616,8,4.8368993
616,9,4.840347
616,10,4.8191853
616,11,4.82239
616,12,4.841806
617,1,4.7889447
617,2,4.816612
617,3,4.810391
617,4,4.8926897
617,5,4.895319
617,6,4.8752813
617,7,4.8465204
617,8,4.8332324
617,9,4.846895
617,10,4.799527
617,11,4.7925296
617,12,4.768501
618,1,4.6946254
618,2,4.7211447
618,3,4.747548
618,4,4.8028746
618,5,4.824194
618,6,4.829239
618,7,4.833306
618,8,4.816693
618,9,4.8394017
618,10,4.8146014
618,11,4.7971354
618,12,4.7330465
619,1,4.8196216
619,2,4.7854934
619,3,4.848447
619,4,4.8980145
619,5,4.889373
619,6,4.8727083
619,7,4.8296804
619,8,4.8300805
619,9,4.8238115
619,10,4.811688
619,11,4.781754
619,12,4.78442
620,1,4.7239594
620,2,4.7509913
620,3,4.795796
620,4,4.8380446
620,5,4.8500404
620,6,4.8488207
620,7,4.8313823
620,8,4.8210173
620,9,4.834328
620,10,4.814762
620,11,4.780001
620,12,4.7460723
621,1,4.776005
621,2,4.803627
621,3,4.8514805
621,4,4.90584
621,5,4.9048033
621,6,4.8677087
621,7,4.8252635
621,8,4.8297744
621,9,4.8335567
621,10,4.8082514
621,11,4.794553
621,12,4.806805
622,1,4.702792
622,2,4.7228518
622,3,4.743269
622,4,4.818568
622,5,4.821127
622,6,4.8265457
622,7,4.8345017
622,8,4.822349
622,9,4.8369527
622,10,4.8074656
622,11,4.7714825
622,12,4.731127
623,1,4.7604203
623,2,4.752675
623,3,4.7995524
623,4,4.869086
623,5,4.8627076
623,6,4.8602033
623,7,4.8302155
623,8,4.8215165
623,9,4.8236647
623,10,4.8100686
623,11,4.7682295
623,12,4.765724
624,1,4.7564154
624,2,4.7621284
624,3,4.8521266
624,4,4.887949
624,5,4.8823786
624,6,4.8720045
624,7,4.824712
624,8,4.8215017
624,9,4.8336854
624,10,4.8236647
624,11,4.830732
624,12,4.836044
625,1,4.8156033
625,2,4.8160176
625,3,4.846911
625,4,4.8933024
625,5,4.8890023
625,6,4.871895
625,7,4.832439
625,8,4.823236
625,9,4.8340755
625,10,4.820663
625,11,4.797732
625,12,4.774825
626,1,4.8561673
626,2,4.911677
626,3,4.8746395
626,4,4.9595103
626,5,4.893179
626,6,4.8491664
626,7,4.805244
626,8,4.790632
626,9,4.792971
626,10,4.782428
626,11,4.813463
626,12,4.850363
627,1,4.799989
627,2,4.7922025
627,3,4.823713
627,4,4.899271
627,5,4.877132
627,6,4.8768334
627,7,4.8421464
627,8,4.8391075
627,9,4.8393416
627,10,4.8064113
627,11,4.7920065
627,12,4.770359
628,1,4.729936
628,2,4.752715
628,3,4.7873945
628,4,4.8549294
628,5,4.8583865
628,6,4.861069
628,7,4.835958
628,8,4.8263354
628,9,4.8290396
628,10,4.8175445
628,11,4.784987
628,12,4.7491627
629,1,4.76752
629,2,4.78201
629,3,4.8351054
629,4,4.873499
629,5,4.8692126
629,6,4.8635235
629,7,4.8323245
629,8,4.8217425
629,9,4.8241277
629,10,4.816828
629,11,4.777525
629,12,4.768662
630,1,4.814522
630,2,4.819737
630,3,4.856053
630,4,4.9338074
630,5,4.9120913
630,6,4.877225
630,7,4.8443294
630,8,4.8504148
630,9,4.84445
630,10,4.8189836
630,11,4.8603044
630,12,4.8998737
631,1,4.8422556
631,2,4.833901
631,3,4.8329043
631,4,4.9150906
631,5,4.890066
631,6,4.8681645
631,7,4.8273597
631,8,4.8278728
631,9,4.826564
631,10,4.8010874
631,11,4.777604
631,12,4.7860403
632,1,4.716686
632,2,4.7291718
632,3,4.7608457
632,4,4.822177
632,5,4.848204
632,6,4.8413887
632,7,4.8375483
632,8,4.8263345
632,9,4.844638
632,10,4.824342
632,11,4.779614
632,12,4.7388153
633,1,4.7794957
633,2,4.7819853
633,3,4.830313
633,4,4.906377
633,5,4.8759727
633,6,4.858443
633,7,4.8289604
633,8,4.8192897
633,9,4.828362
633,10,4.827507
633,11,4.8414264
633,12,4.8401985
634,1,4.7080035
634,2,4.7476177
634,3,4.8147035
634,4,4.857666
634,5,4.8280673
634,6,4.8377047
634,7,4.818396
634,8,4.807489
634,9,4.8030596
634,10,4.79132
634,11,4.763473
634,12,4.7812676
635,1,4.7513776
635,2,4.7572584
635,3,4.820926
635,4,4.880321
635,5,4.877054
635,6,4.884488
635,7,4.8347974
635,8,4.816196
635,9,4.8356757
635,10,4.8275995
635,11,4.81068
635,12,4.8109274
636,1,4.78596
636,2,4.7637753
636,3,4.811529
636,4,4.8766503
636,5,4.892309
636,6,4.8793573
636,7,4.84001
636,8,4.824982
636,9,4.847113
636,10,4.8092537
636,11,4.792284
636,12,4.7717266
637,1,4.704048
637,2,4.7288585
637,3,4.756525
637,4,4.809422
637,5,4.8316154
637,6,4.829602
637,7,4.8333874
637,8,4.821586
637,9,4.8403406
637,10,4.818081
637,11,4.7717023
637,12,4.7299848
638,1,4.7021866
638,2,4.728213
638,3,4.746144
638,4,4.8058066
638,5,4.8358293
638,6,4.827597
638,7,4.8283544
638,8,4.817075
638,9,4.832403
638,10,4.8099585
638,11,4.7765584
638,12,4.7330813
639,1,4.7781487
639,2,4.7774014
639,3,4.8093133
639,4,4.8832026
639,5,4.8844805
639,6,4.8784566
639,7,4.8451886
639,8,4.834713
639,9,4.83803
639,10,4.808497
639,11,4.7952
639,12,4.7718153
640,1,4.727814
640,2,4.732222
640,3,4.800994
640,4,4.8698683
640,5,4.858364
640,6,4.8518353
640,7,4.8167067
640,8,4.8121176
640,9,4.8122187
640,10,4.791377
640,11,4.7667966
640,12,4.781493
641,1,4.7568746
641,2,4.8197
641,3,4.838992
641,4,4.89643
641,5,4.884143
641,6,4.867972
641,7,4.8349442
641,8,4.8354135
641,9,4.838768
641,10,4.830488
641,11,4.8523088
641,12,4.8142633
642,1,4.8942575
642,2,4.9168916
642,3,4.8713665
642,4,4.935865
642,5,4.8935723
642,6,4.861004
642,7,4.82278
642,8,4.8151755
642,9,4.8111987
642,10,4.797889
642,11,4.788413
642,12,4.8887625
643,1,4.720016
643,2,4.756461
643,3,4.795228
643,4,4.8660975
643,5,4.8553567
643,6,4.8634024
643,7,4.8288603
643,8,4.825936
643,9,4.818661
643,10,4.808896
643,11,4.7702074
643,12,4.771604
644,1,4.7107477
644,2,4.721907
644,3,4.7723804
644,4,4.8499284
644,5,4.854302
644,6,4.847641
644,7,4.8251977
644,8,4.8290873
644,9,4.810746
644,10,4.7925873
644,11,4.7766013
644,12,4.7541003
645,1,4.75849
645,2,4.7565956
645,3,4.8052983
645,4,4.859607
645,5,4.871392
645,6,4.8610144
645,7,4.8325157
645,8,4.821451
645,9,4.8217483
645,10,4.804468
645,11,4.7806435
645,12,4.7520294
646,1,4.7104535
646,2,4.7320046
646,3,4.7484446
646,4,4.817476
646,5,4.8453913
646,6,4.834666
646,7,4.829002
646,8,4.8185434
646,9,4.8299093
646,10,4.821591
646,11,4.7728944
646,12,4.7365837
647,1,4.7221756
647,2,4.741424
647,3,4.791228
647,4,4.832815
647,5,4.8500934
647,6,4.843585
647,7,4.831211
647,8,4.827357
647,9,4.8357277
647,10,4.8128467
647,11,4.78552
647,12,4.7441254
648,1,4.8016076
648,2,4.789553
648,3,4.8156314
648,4,4.8869314
648,5,4.8906884
648,6,4.881563
648,7,4.846497
648,8,4.8367395
648,9,4.8406825
648,10,4.811764
648,11,4.797099
648,12,4.778931
649,1,4.7408314
649,2,4.760461
649,3,4.783499
649,4,4.8487782
649,5,4.868054
649,6,4.8522596
649,7,4.8368697
649,8,4.825672
649,9,4.8361554
649,10,4.813263
649,11,4.7703505
649,12,4.7668176
650,1,4.7625146
650,2,4.816898
650,3,4.8292823
650,4,4.8999667
650,5,4.8879294
650,6,4.868342
650,7,4.8322663
650,8,4.823955
650,9,4.8288803
650,10,4.8119397
650,11,4.791703
650,12,4.792735
651,1,4.7906723
651,2,4.7861357
651,3,4.8809304
651,4,4.8913283
651,5,4.876924
651,6,4.8722677
651,7,4.8357425
651,8,4.8229537
651,9,4.832931
651,10,4.8355656
651,11,4.8345723
651,12,4.8477497
652,1,4.7339296
652,2,4.7313313
652,3,4.8202066
652,4,4.879819
652,5,4.865279
652,6,4.859763
652,7,4.833625
652,8,4.820466
652,9,4.840036
652,10,4.8239756
652,11,4.816237
652,12,4.796495
653,1,4.860802
653,2,4.8129997
653,3,4.878778
653,4,4.9271216
653,5,4.923773
653,6,4.8942266
653,7,4.868986
653,8,4.8501167
653,9,4.8390317
653,10,4.8323755
653,11,4.8683014
653,12,4.8710318
654,1,4.8872447
654,2,4.8748198
654,3,4.872098
654,4,4.9782624
654,5,4.885297
654,6,4.843517
654,7,4.8129992
654,8,4.809429
654,9,4.8073325
654,10,4.7854247
654,11,4.8013973
654,12,4.8704233
655,1,4.846279
655,2,4.8866453
655,3,4.8516474
655,4,4.9352365
655,5,4.8693113
655,6,4.8341794
655,7,4.8144207
655,8,4.8004446
655,9,4.811461
655,10,4.7879534
655,11,4.814977
655,12,4.852269
656,1,4.7033725
656,2,4.729324
656,3,4.7489367
656,4,4.818088
656,5,4.8358445
656,6,4.832845
656,7,4.8227897
656,8,4.8204813
656,9,4.835947
656,10,4.820044
656,11,4.7756715
656,12,4.7302456
657,1,4.855703
657,2,4.837809
657,3,4.857222
657,4,4.9384665
657,5,4.9217277
657,6,4.884966
657,7,4.854186
657,8,4.844599
657,9,4.8400207
657,10,4.841229
657,11,4.8690944
657,12,4.90479
658,1,4.863078
658,2,4.880789
658,3,4.8518696
658,4,4.9246907
658,5,4.9016647
658,6,4.888359
658,7,4.864577
658,8,4.843982
658,9,4.8421063
658,10,4.809459
658,11,4.824318
658,12,4.856973
659,1,4.7790737
659,2,4.760965
659,3,4.815418
659,4,4.87481
659,5,4.898869
659,6,4.8697577
659,7,4.8391256
659,8,4.8328295
659,9,4.84724
659,10,4.818846
659,11,4.797879
659,12,4.762179
660,1,4.786358
660,2,4.7908025
660,3,4.8120875
660,4,4.8934197
660,5,4.8862133
660,6,4.8831553
660,7,4.8507323
660,8,4.839702
660,9,4.8432655
660,10,4.801553
660,11,4.7901387
660,12,4.7625947
661,1,4.825879
661,2,4.800598
661,3,4.841126
661,4,4.9181714
661,5,4.8783617
661,6,4.8798075
661,7,4.827477
661,8,4.8176064
661,9,4.8265347
661,10,4.8077207
661,11,4.783036
661,12,4.7967935
662,1,4.855889
662,2,4.846536
662,3,4.875486
662,4,4.9568186
662,5,4.9026103
662,6,4.878545
662,7,4.8567195
662,8,4.846585
662,9,4.844897
662,10,4.8320413
662,11,4.8391037
662,12,4.857491
663,1,4.8066
663,2,4.7901726
663,3,4.8573785
663,4,4.9266105
663,5,4.8932886
663,6,4.880785
663,7,4.8337183
663,8,4.8409524
663,9,4.8348117
663,10,4.82646
663,11,4.8561482
663,12,4.857753
664,1,4.779371
664,2,4.7603116
664,3,4.820892
664,4,4.861618
664,5,4.8877892
664,6,4.866162
664,7,4.836294
664,8,4.835297
664,9,4.844867
664,10,4.7993317
664,11,4.782958
664,12,4.7606797
665,1,4.789818
665,2,4.7924767
665,3,4.8602357
665,4,4.903972
665,5,4.8913484
665,6,4.861784
665,7,4.82875
665,8,4.827063
665,9,4.8270197
665,10,4.818305
665,11,4.785242
665,12,4.7788534
666,1,4.7764916
666,2,4.7662444
666,3,4.8547673
666,4,4.8954663
666,5,4.8623366
666,6,4.8610063
666,7,4.8366446
666,8,4.819262
666,9,4.835635
666,10,4.8250313
666,11,4.8245654
666,12,4.8199487
667,1,4.7665377
667,2,4.757113
667,3,4.819656
667,4,4.8775024
667,5,4.8794575
667,6,4.8708005
667,7,4.8303633
667,8,4.832154
667,9,4.8303447
667,10,4.8145366
667,11,4.780474
667,12,4.7704
668,1,4.72652
668,2,4.7411137
668,3,4.790413
668,4,4.834546
668,5,4.867532
668,6,4.8490286
668,7,4.83248
668,8,4.820315
668,9,4.83223
668,10,4.820721
668,11,4.777341
668,12,4.754711
669,1,4.7581687
669,2,4.760798
669,3,4.7932673
669,4,4.8667035
669,5,4.8660703
669,6,4.8656783
669,7,4.8360305
669,8,4.823627
669,9,4.827878
669,10,4.81451
669,11,4.779693
669,12,4.7614303
670,1,4.7480726
670,2,4.737478
670,3,4.7740955
670,4,4.8352923
670,5,4.846086
670,6,4.8336864
670,7,4.821394
670,8,4.823005
670,9,4.826462
670,10,4.799092
670,11,4.7675323
670,12,4.7349935
671,1,4.789228
671,2,4.8069153
671,3,4.837156
671,4,4.897706
671,5,4.879418
671,6,4.8682117
671,7,4.831568
671,8,4.8280816
671,9,4.8238616
671,10,4.818427
671,11,4.794097
671,12,4.7748876
672,1,4.8675084
672,2,4.90712
672,3,4.854983
672,4,4.9451404
672,5,4.8914266
672,6,4.84793
672,7,4.823449
672,8,4.8043566
672,9,4.808716
672,10,4.7924404
672,11,4.794225
672,12,4.8429236
673,1,4.7697577
673,2,4.74179
673,3,4.797359
673,4,4.8544326
673,5,4.865821
673,6,4.860742
673,7,4.826215
673,8,4.822064
673,9,4.814661
673,10,4.8190355
673,11,4.769993
673,12,4.7578225
674,1,4.8795
674,2,4.8984504
674,3,4.8760004
674,4,4.968233
674,5,4.9312973
674,6,4.892135
674,7,4.8486137
674,8,4.846045
674,9,4.838662
674,10,4.813973
674,11,4.8259406
674,12,4.867476
675,1,4.780125
675,2,4.783422
675,3,4.808525
675,4,4.8978972
675,5,4.8834777
675,6,4.8574133
675,7,4.8170834
675,8,4.809846
675,9,4.8236513
675,10,4.8106837
675,11,4.816767
675,12,4.847552
676,1,4.697375
676,2,4.729423
676,3,4.7574368
676,4,4.8098154
676,5,4.820778
676,6,4.82937
676,7,4.8345494
676,8,4.819343
676,9,4.8309927
676,10,4.82081
676,11,4.778256
676,12,4.7360787
677,1,4.768181
677,2,4.758704
677,3,4.839503
677,4,4.883924
677,5,4.8862967
677,6,4.871672
677,7,4.8315167
677,8,4.8273177
677,9,4.820954
677,10,4.8156867
677,11,4.7780085
677,12,4.776315
678,1,4.741436
678,2,4.750936
678,3,4.80432
678,4,4.867873
678,5,4.8695
678,6,4.865163
678,7,4.836812
678,8,4.8303766
678,9,4.8312087
678,10,4.8219213
678,11,4.7610598
678,12,4.754356
679,1,4.716875
679,2,4.7340355
679,3,4.7791953
679,4,4.8384023
679,5,4.856052
679,6,4.843958
679,7,4.832317
679,8,4.8276997
679,9,4.8314276
679,10,4.8186707
679,11,4.7769213
679,12,4.740916
680,1,4.7516723
680,2,4.7610593
680,3,4.8210726
680,4,4.867916
680,5,4.870938
680,6,4.865273
680,7,4.830495
680,8,4.822491
680,9,4.8251534
680,10,4.810915
680,11,4.768631
680,12,4.757136
681,1,4.729845
681,2,4.748943
681,3,4.79024
681,4,4.862536
681,5,4.8446164
681,6,4.84948
681,7,4.809855
681,8,4.8044076
681,9,4.8160424
681,10,4.7885013
681,11,4.774076
681,12,4.7958097
682,1,4.7850647
682,2,4.7784057
682,3,4.84836
682,4,4.914201
682,5,4.901607
682,6,4.86256
682,7,4.827434
682,8,4.8245773
682,9,4.8272223
682,10,4.8012624
682,11,4.780432
682,12,4.786485
683,1,4.727419
683,2,4.7413898
683,3,4.784271
683,4,4.867024
683,5,4.846382
683,6,4.859415
683,7,4.8181095
683,8,4.812586
683,9,4.8220153
683,10,4.800849
683,11,4.779986
683,12,4.798149
684,1,4.7637124
684,2,4.7870336
684,3,4.841291
684,4,4.9008694
684,5,4.880835
684,6,4.872555
684,7,4.841582
684,8,4.8226995
684,9,4.83291
684,10,4.8385606
684,11,4.819975
684,12,4.8540626
685,1,4.7775187
685,2,4.7880526
685,3,4.8137403
685,4,4.887025
685,5,4.87732
685,6,4.872439
685,7,4.8293242
685,8,4.8299484
685,9,4.82612
685,10,4.8119826
685,11,4.766403
685,12,4.770958
686,1,4.7303863
686,2,4.746919
686,3,4.7888646
686,4,4.8408294
686,5,4.8575687
686,6,4.8361626
686,7,4.833151
686,8,4.820879
686,9,4.8242884
686,10,4.812634
686,11,4.7724524
686,12,4.7516336
687,1,4.7282376
687,2,4.741075
687,3,4.7810335
687,4,4.822582
687,5,4.830129
687,6,4.8279424
687,7,4.826084
687,8,4.8233857
687,9,4.8241043
687,10,4.79021
687,11,4.7720685
687,12,4.7367134
688,1,4.734823
688,2,4.749242
688,3,4.813637
688,4,4.853671
688,5,4.861664
688,6,4.8595304
688,7,4.8343773
688,8,4.824579
688,9,4.8323975
688,10,4.813856
688,11,4.776196
688,12,4.754363
689,1,4.8094883
689,2,4.7877803
689,3,4.856479
689,4,4.89752
689,5,4.900146
689,6,4.8694854
689,7,4.8270664
689,8,4.8284793
689,9,4.8235383
689,10,4.8149996
689,11,4.79031
689,12,4.7973433
690,1,4.708749
690,2,4.7285395
690,3,4.766223
690,4,4.8224764
690,5,4.836885
690,6,4.829029
690,7,4.8248253
690,8,4.816921
690,9,4.8342285
690,10,4.816371
690,11,4.7820654
690,12,4.732473
691,1,4.7985005
691,2,4.786996
691,3,4.8400187
691,4,4.9085417
691,5,4.880117
691,6,4.8689537
691,7,4.824159
691,8,4.8193517
691,9,4.827102
691,10,4.800961
691,11,4.7770143
691,12,4.777821
692,1,4.798621
692,2,4.8067565
692,3,4.8474016
692,4,4.929236
692,5,4.887542
692,6,4.8653755
692,7,4.8356485
692,8,4.839825
692,9,4.84496
692,10,4.8347173
692,11,4.827631
692,12,4.872887
693,1,4.806903
693,2,4.7932396
693,3,4.8430305
693,4,4.905541
693,5,4.8879085
693,6,4.861642
693,7,4.829871
693,8,4.8225827
693,9,4.8339176
693,10,4.8222647
693,11,4.834432
693,12,4.843965
694,1,4.7320704
694,2,4.7479763
694,3,4.78449
694,4,4.836301
694,5,4.8532834
694,6,4.8398023
694,7,4.8368855
694,8,4.817112
694,9,4.8246293
694,10,4.8154297
694,11,4.7961
694,12,4.7500935
695,1,4.8051963
695,2,4.7674675
695,3,4.8494883
695,4,4.9082966
695,5,4.897939
695,6,4.8603296
695,7,4.840746
695,8,4.824104
695,9,4.8300824
695,10,4.825721
695,11,4.8388743
695,12,4.845972
696,1,4.766378
696,2,4.7433453
696,3,4.7945175
696,4,4.862065
696,5,4.8766856
696,6,4.863383
696,7,4.837666
696,8,4.827485
696,9,4.8348923
696,10,4.8095984
696,11,4.7802763
696,12,4.7482057
697,1,4.773084
697,2,4.7852764
697,3,4.842687
697,4,4.8970633
697,5,4.902889
697,6,4.870874
697,7,4.833639
697,8,4.8207836
697,9,4.828983
697,10,4.8124013
697,11,4.7927766
697,12,4.817412
698,1,4.7257476
698,2,4.740231
698,3,4.785887
698,4,4.8473086
698,5,4.866357
698,6,4.8617816
698,7,4.835552
698,8,4.825602
698,9,4.8254766
698,10,4.8197885
698,11,4.7756257
698,12,4.7530766
699,1,4.7767587
699,2,4.7732167
699,3,4.830166
699,4,4.8770094
699,5,4.8848143
699,6,4.863444
699,7,4.8419614
699,8,4.8375516
699,9,4.845498
699,10,4.813194
699,11,4.7953587
699,12,4.7629876
700,1,4.7590413
700,2,4.765531
700,3,4.8168764
700,4,4.8692656
700,5,4.886349
700,6,4.8640103
700,7,4.8374443
700,8,4.833175
700,9,4.8436937
700,10,4.813822
700,11,4.7862196
700,12,4.7554545
701,1,4.7064404
701,2,4.729761
701,3,4.750056
701,4,4.822844
701,5,4.8361206
701,6,4.836405
701,7,4.8274627
701,8,4.821768
701,9,4.836275
701,10,4.814665
701,11,4.78683
701,12,4.739166
702,1,4.731014
702,2,4.7490573
702,3,4.821418
702,4,4.879707
702,5,4.852029
702,6,4.857886
702,7,4.8210363
702,8,4.8063993
702,9,4.818703
702,10,4.8039813
702,11,4.77923
702,12,4.806902
703,1,4.7472696
703,2,4.7585235
703,3,4.8061833
703,4,4.859391
703,5,4.872941
703,6,4.8640356
703,7,4.8419604
703,8,4.8303056
703,9,4.8224506
703,10,4.815128
703,11,4.7781415
703,12,4.7611694
704,1,4.776923
704,2,4.794616
704,3,4.843835
704,4,4.9136014
704,5,4.8839774
704,6,4.8760314
704,7,4.825531
704,8,4.8276067
704,9,4.82491
704,10,4.815966
704,11,4.785457
704,12,4.804448
705,1,4.708528
705,2,4.736699
705,3,4.7565675
705,4,4.8239245
705,5,4.845789
705,6,4.836764
705,7,4.8344884
705,8,4.826923
705,9,4.8288937
705,10,4.8168077
705,11,4.792975
705,12,4.7381935
706,1,4.728887
706,2,4.7516794
706,3,4.776996
706,4,4.8461285
706,5,4.84047
706,6,4.846527
706,7,4.834141
706,8,4.82579
706,9,4.830153
706,10,4.819386
706,11,4.7690754
706,12,4.752403
707,1,4.7230096
707,2,4.738796
707,3,4.762601
707,4,4.8334074
707,5,4.8613324
707,6,4.844299
707,7,4.83131
707,8,4.8243976
707,9,4.8389144
707,10,4.81569
707,11,4.7740173
707,12,4.7429185
708,1,4.825568
708,2,4.835355
708,3,4.8521867
708,4,4.9232364
708,5,4.8909726
708,6,4.877395
708,7,4.8445606
708,8,4.841305
708,9,4.835982
708,10,4.8163886
708,11,4.8143563
708,12,4.829257
709,1,4.7585483
709,2,4.7568736
709,3,4.8309064
709,4,4.874509
709,5,4.871475
709,6,4.861501
709,7,4.8330708
709,8,4.824279
709,9,4.824568
709,10,4.8140807
709,11,4.7742114
709,12,4.763999
710,1,4.881179
710,2,4.872038
710,3,4.887454
710,4,4.950267
710,5,4.906192
710,6,4.876863
710,7,4.8448195
710,8,4.833572
710,9,4.830208
710,10,4.8158913
710,11,4.845
710,12,4.8589506
711,1,4.723623
711,2,4.7425666
711,3,4.8194776
711,4,4.8631015
711,5,4.8548007
711,6,4.848686
711,7,4.81432
711,8,4.8119454
711,9,4.820066
711,10,4.7943335
711,11,4.7725263
711,12,4.7969956
712,1,4.7394867
712,2,4.763668
712,3,4.8212323
712,4,4.876727
712,5,4.871232
712,6,4.8609776
712,7,4.8216004
712,8,4.820795
712,9,4.8155894
712,10,4.8035264
712,11,4.784916
712,12,4.783561
713,1,4.8654146
713,2,4.863007
713,3,4.851325
713,4,4.9128
713,5,4.8718557
713,6,4.8515563
713,7,4.8236203
713,8,4.8062716
713,9,4.8031683
713,10,4.7901316
713,11,4.815654
713,12,4.8299317
714,1,4.7188096
714,2,4.7287006
714,3,4.7630277
714,4,4.821828
714,5,4.8468065
714,6,4.843008
714,7,4.837476
714,8,4.8186045
714,9,4.831379
714,10,4.8056865
714,11,4.7763634
714,12,4.744089
715,1,4.7813454
715,2,4.784445
715,3,4.8327174
715,4,4.9164457
715,5,4.884058
715,6,4.8675885
715,7,4.825411
715,8,4.821751
715,9,4.818991
715,10,4.809514
715,11,4.776521
715,12,4.775879
716,1,4.758651
716,2,4.7481604
716,3,4.77691
716,4,4.8595753
716,5,4.874647
716,6,4.8496895
716,7,4.8339596
716,8,4.82759
716,9,4.8326983
716,10,4.8111844
716,11,4.7862535
716,12,4.749594
717,1,4.708547
717,2,4.711685
717,3,4.7680607
717,4,4.830411
717,5,4.8515005
717,6,4.8409777
717,7,4.836075
717,8,4.8206673
717,9,4.8340483
717,10,4.809225
717,11,4.770102
717,12,4.7466946
718,1,4.8636136
718,2,4.8418474
718,3,4.865482
718,4,4.944714
718,5,4.912751
718,6,4.8861394
718,7,4.8588414
718,8,4.8364778
718,9,4.843841
718,10,4.8277936
718,11,4.8179226
718,12,4.8555837
719,1,4.7299533
719,2,4.7641225
719,3,4.787726
719,4,4.8448424
719,5,4.8540707
719,6,4.849711
719,7,4.8317003
719,8,4.8218746
719,9,4.8376155
719,10,4.814489
719,11,4.775905
719,12,4.7434335
720,1,4.7970047
720,2,4.814908
720,3,4.8234496
720,4,4.885205
720,5,4.8653193
720,6,4.8389535
720,7,4.810278
720,8,4.814749
720,9,4.807801
720,10,4.7666698
720,11,4.766426
720,12,4.7953463
721,1,4.78942
721,2,4.7960014
721,3,4.831579
721,4,4.881079
721,5,4.8711867
721,6,4.8556128
721,7,4.8158846
721,8,4.8138204
721,9,4.8131127
721,10,4.7896085
721,11,4.7674828
721,12,4.78798
722,1,4.703995
722,2,4.72127
722,3,4.753626
722,4,4.8151426
722,5,4.830294
722,6,4.835534
722,7,4.833035
722,8,4.820724
722,9,4.838723
722,10,4.8198857
722,11,4.7821727
722,12,4.74264
723,1,4.7556
723,2,4.7268248
723,3,4.791717
723,4,4.869519
723,5,4.8756585
723,6,4.859808
723,7,4.833981
723,8,4.833029
723,9,4.836929
723,10,4.8186836
723,11,4.7960787
723,12,4.7630467
724,1,4.786204
724,2,4.7824106
724,3,4.824006
724,4,4.879856
724,5,4.877956
724,6,4.8598223
724,7,4.8303723
724,8,4.821377
724,9,4.8241663
724,10,4.8123183
724,11,4.7795005
724,12,4.770576
725,1,4.7418423
725,2,4.750467
725,3,4.835216
725,4,4.875533
725,5,4.88009
725,6,4.8573966
725,7,4.83432
725,8,4.823025
725,9,4.8317227
725,10,4.824645
725,11,4.8270903
725,12,4.8248706
726,1,4.7220902
726,2,4.748503
726,3,4.8081355
726,4,4.85845
726,5,4.8393745
726,6,4.850185
726,7,4.813878
726,8,4.8013496
726,9,4.8115907
726,10,4.8001213
726,11,4.7641425
726,12,4.7700167
727,1,4.7551193
727,2,4.746456
727,3,4.7819858
727,4,4.8324986
727,5,4.84219
727,6,4.836427
727,7,4.8272758
727,8,4.8231316
727,9,4.8178444
727,10,4.7988667
727,11,4.7641487
727,12,4.723517
728,1,4.838652
728,2,4.8646708
728,3,4.853268
728,4,4.95207
728,5,4.903172
728,6,4.868254
728,7,4.8437767
728,8,4.84705
728,9,4.84607
728,10,4.818007
728,11,4.815428
728,12,4.8512645
729,1,4.74925
729,2,4.7388954
729,3,4.805102
729,4,4.86028
729,5,4.8686724
729,6,4.8671994
729,7,4.830122
729,8,4.8250284
729,9,4.830833
729,10,4.8133187
729,11,4.768878
729,12,4.770345
730,1,4.7373657
730,2,4.735577
730,3,4.791116
730,4,4.8460455
730,5,4.852178
730,6,4.856376
730,7,4.83679
730,8,4.8239603
730,9,4.8264203
730,10,4.8172765
730,11,4.769876
730,12,4.7475843
731,1,4.700658
731,2,4.7282505
731,3,4.754844
731,4,4.8154807
731,5,4.829782
731,6,4.833987
731,7,4.827756
731,8,4.812932
731,9,4.835514
731,10,4.8127465
731,11,4.780672
731,12,4.737416
732,1,4.750449
732,2,4.7677317
732,3,4.835526
732,4,4.892798
732,5,4.885551
732,6,4.845224
732,7,4.841504
732,8,4.819556
732,9,4.837056
732,10,4.821745
732,11,4.825299
732,12,4.816984
733,1,4.722643
733,2,4.7543464
733,3,4.7892337
733,4,4.8556957
733,5,4.868625
733,6,4.8608036
733,7,4.8365445
733,8,4.827128
733,9,4.825793
733,10,4.8167663
733,11,4.774987
733,12,4.765767
734,1,4.7746944
734,2,4.7615767
734,3,4.8426337
734,4,4.886877
734,5,4.8634024
734,6,4.8630214
734,7,4.835133
734,8,4.8212004
734,9,4.8396816
734,10,4.8180876
734,11,4.8201227
734,12,4.822523
735,1,4.7306466
735,2,4.7631645
735,3,4.7882032
735,4,4.843226
735,5,4.861386
735,6,4.8377304
735,7,4.83117
735,8,4.825561
735,9,4.8343186
735,10,4.819229
735,11,4.795887
735,12,4.7449603
736,1,4.7860265
736,2,4.77696
736,3,4.8230405
736,4,4.8844986
736,5,4.882657
736,6,4.8692646
736,7,4.836665
736,8,4.828773
736,9,4.8245387
736,10,4.8116765
736,11,4.7709193
736,12,4.788056
737,1,4.719247
737,2,4.7432413
737,3,4.781167
737,4,4.841384
737,5,4.8635306
737,6,4.850751
737,7,4.8389316
737,8,4.8242335
737,9,4.8350563
737,10,4.8162456
737,11,4.785283
737,12,4.745943
738,1,4.825656
738,2,4.832777
738,3,4.8489184
738,4,4.923065
738,5,4.8972273
738,6,4.867642
738,7,4.825999
738,8,4.826207
738,9,4.8194876
738,10,4.791847
738,11,4.7732553
738,12,4.787145
739,1,4.855296
739,2,4.8788204
739,3,4.828978
739,4,4.9221406
739,5,4.875964
739,6,4.8400807
739,7,4.8021393
739,8,4.7958484
739,9,4.799048
739,10,4.77495
739,11,4.790063
739,12,4.8513985
740,1,4.7523856
740,2,4.7706056
740,3,4.810104
740,4,4.8755097
740,5,4.8787775
740,6,4.8759823
740,7,4.8426156
740,8,4.8329973
740,9,4.841327
740,10,4.814916
740,11,4.780955
740,12,4.7682557
741,1,4.7239375
741,2,4.7395635
741,3,4.756608
741,4,4.8179975
741,5,4.8496585
741,6,4.8402257
741,7,4.827672
741,8,4.827914
741,9,4.834382
741,10,4.819293
741,11,4.7956715
741,12,4.7425976
742,1,4.737662
742,2,4.750899
742,3,4.794516
742,4,4.853448
742,5,4.8706694
742,6,4.866472
742,7,4.8337936
742,8,4.829247
742,9,4.8305655
742,10,4.820465
742,11,4.7673974
742,12,4.757736
743,1,4.8486824
743,2,4.8599787
743,3,4.8832273
743,4,4.941305
743,5,4.897817
743,6,4.8791785
743,7,4.853507
743,8,4.8402953
743,9,4.8414345
743,10,4.8217278
743,11,4.820468
743,12,4.846595
744,1,4.7181215
744,2,4.7438803
744,3,4.75955
744,4,4.825141
744,5,4.836706
744,6,4.8470583
744,7,4.8341265
744,8,4.8223405
744,9,4.833167
744,10,4.8239865
744,11,4.7962213
744,12,4.747137
745,1,4.708112
745,2,4.721452
745,3,4.7705326
745,4,4.843971
745,5,4.8440924
745,6,4.856296
745,7,4.8263617
745,8,4.8240876
745,9,4.808673
745,10,4.801652
745,11,4.7545238
745,12,4.76316
746,1,4.708491
746,2,4.7446184
746,3,4.7519975
746,4,4.826375
746,5,4.8300896
746,6,4.8356767
746,7,4.829726
746,8,4.830213
746,9,4.844324
746,10,4.816626
746,11,4.7929907
746,12,4.75047
747,1,4.882791
747,2,4.8981886
747,3,4.889489
747,4,4.9776807
747,5,4.9128532
747,6,4.887812
747,7,4.8596735
747,8,4.839663
747,9,4.8393583
747,10,4.817811
747,11,4.838494
747,12,4.881156
748,1,4.8487206
748,2,4.8489237
748,3,4.8830037
748,4,4.9538164
748,5,4.904224
748,6,4.8700213
748,7,4.855845
748,8,4.843972
748,9,4.843278
748,10,4.8232503
748,11,4.82516
748,12,4.8552194
749,1,4.726859
749,2,4.7516565
749,3,4.7883687
749,4,4.83822
749,5,4.8580694
749,6,4.856441
749,7,4.8376737
749,8,4.8263526
749,9,4.827318
749,10,4.815502
749,11,4.7719765
749,12,4.7456446
750,1,4.801644
750,2,4.8289385
750,3,4.851687
750,4,4.9074903
750,5,4.891903
750,6,4.870088
750,7,4.825706
750,8,4.827333
750,9,4.825237
750,10,4.8014865
750,11,4.7757616
750,12,4.78671
751,1,4.7295065
751,2,4.72629
751,3,4.8244042
751,4,4.8602057
751,5,4.8755984
751,6,4.870124
751,7,4.8237066
751,8,4.821755
751,9,4.827623
751,10,4.818098
751,11,4.7947364
751,12,4.810158
752,1,4.859361
752,2,4.861765
752,3,4.8426843
752,4,4.9371743
752,5,4.9054117
752,6,4.8831882
752,7,4.8552203
752,8,4.844876
752,9,4.847827
752,10,4.8344064
752,11,4.8551226
752,12,4.880842
753,1,4.72199
753,2,4.7281823
753,3,4.7652164
753,4,4.827853
753,5,4.8485966
753,6,4.8458514
753,7,4.8340774
753,8,4.820516
753,9,4.8386326
753,10,4.815995
753,11,4.7919574
753,12,4.7432833
754,1,4.72662
754,2,4.7430215
754,3,4.7731895
754,4,4.843179
754,5,4.8649907
754,6,4.8477063
754,7,4.8281054
754,8,4.824719
754,9,4.8313804
754,10,4.8108277
754,11,4.778495
754,12,4.76128
755,1,4.7635527
755,2,4.7700195
755,3,4.8063855
755,4,4.908314
755,5,4.8721843
755,6,4.8714848
755,7,4.833825
755,8,4.8229465
755,9,4.835432
755,10,4.825638
755,11,4.840872
755,12,4.8401623
756,1,4.716399
756,2,4.72625
756,3,4.7670555
756,4,4.8248057
756,5,4.8519225
756,6,4.8433213
756,7,4.830259
756,8,4.8222303
756,9,4.833442
756,10,4.8130584
756,11,4.7754984
756,12,4.7425036
757,1,4.7399106
757,2,4.7492256
757,3,4.797124
757,4,4.8751397
757,5,4.8559866
757,6,4.8527784
757,7,4.824384
757,8,4.8084693
757,9,4.804686
757,10,4.799992
757,11,4.76778
757,12,4.782731
758,1,4.774987
758,2,4.7825866
758,3,4.823242
758,4,4.8787975
758,5,4.876153
758,6,4.8632727
758,7,4.8290296
758,8,4.8271146
758,9,4.8214173
758,10,4.8160253
758,11,4.7734537
758,12,4.7671447
759,1,4.702992
759,2,4.7161765
759,3,4.761742
759,4,4.806641
759,5,4.824986
759,6,4.828852
759,7,4.8361535
759,8,4.8074946
759,9,4.8359694
759,10,4.817419
759,11,4.771937
759,12,4.7295446
760,1,4.7572517
760,2,4.769202
760,3,4.8155246
760,4,4.8673806
760,5,4.8686967
760,6,4.8709407
760,7,4.827619
760,8,4.8240104
760,9,4.82713
760,10,4.819379
760,11,4.780925
760,12,4.781938
761,1,4.7857447
761,2,4.7952013
761,3,4.84125
761,4,4.896024
761,5,4.8939776
761,6,4.8768854
761,7,4.8318458
761,8,4.8265758
761,9,4.825322
761,10,4.8236146
761,11,4.783988
761,12,4.8012657
762,1,4.72311
762,2,4.741589
762,3,4.806998
762,4,4.838813
762,5,4.8513746
762,6,4.861424
762,7,4.8365955
762,8,4.825586
762,9,4.822418
762,10,4.8114643
762,11,4.769734
762,12,4.7388167
763,1,4.826661
763,2,4.817793
763,3,4.8684254
763,4,4.9264297
763,5,4.9004116
763,6,4.8774414
763,7,4.8601685
763,8,4.840968
763,9,4.843705
763,10,4.829887
763,11,4.866632
763,12,4.8511558
764,1,4.719732
764,2,4.7422047
764,3,4.784823
764,4,4.8353987
764,5,4.8515773
764,6,4.8468122
764,7,4.8310823
764,8,4.8226113
764,9,4.8353033
764,10,4.801765
764,11,4.776646
764,12,4.743098
765,1,4.740288
765,2,4.7296844
765,3,4.7628503
765,4,4.8284745
765,5,4.850409
765,6,4.846288
765,7,4.8305984
765,8,4.819811
765,9,4.83169
765,10,4.8139243
765,11,4.7759566
765,12,4.7588544
766,1,4.801973
766,2,4.7886186
766,3,4.8105364
766,4,4.904911
766,5,4.885456
766,6,4.8521276
766,7,4.8194823
766,8,4.8236175
766,9,4.8122735
766,10,4.7790666
766,11,4.75915
766,12,4.7882266
767,1,4.7379565
767,2,4.757082
767,3,4.7926116
767,4,4.8471327
767,5,4.8750052
767,6,4.8408875
767,7,4.8325324
767,8,4.818862
767,9,4.8323393
767,10,4.8218913
767,11,4.7821426
767,12,4.739882
768,1,4.7506084
768,2,4.7626767
768,3,4.807012
768,4,4.866202
768,5,4.88092
768,6,4.8663006
768,7,4.829565
768,8,4.832981
768,9,4.8268495
768,10,4.8191557
768,11,4.772448
768,12,4.7564282
769,1,4.745379
769,2,4.750749
769,3,4.8272557
769,4,4.870339
769,5,4.868912
769,6,4.856979
769,7,4.83292
769,8,4.8258996
769,9,4.8220916
769,10,4.8171735
769,11,4.77249
769,12,4.769388
770,1,4.7155256
770,2,4.7433944
770,3,4.804497
770,4,4.861057
770,5,4.835222
770,6,4.8381524
770,7,4.8208623
770,8,4.816758
770,9,4.8111954
770,10,4.7984214
770,11,4.7700915
770,12,4.766714
771,1,4.8069077
771,2,4.838916
771,3,4.86726
771,4,4.9333916
771,5,4.9203677
771,6,4.885366
771,7,4.8617907
771,8,4.847994
771,9,4.840659
771,10,4.827046
771,11,4.877464
771,12,4.8806963
772,1,4.81379
772,2,4.813697
772,3,4.841671
772,4,4.916477
772,5,4.8853917
772,6,4.867807
772,7,4.8343673
772,8,4.8257265
772,9,4.828573
772,10,4.8067784
772,11,4.7838674
772,12,4.791481
773,1,4.795451
773,2,4.8134365
773,3,4.840614
773,4,4.9130325
773,5,4.899741
773,6,4.8705654
773,7,4.8342795
773,8,4.819464
773,9,4.8390765
773,10,4.810482
773,11,4.773155
773,12,4.787758
774,1,4.8172812
774,2,4.8169775
774,3,4.8579483
774,4,4.9155087
774,5,4.8899336
774,6,4.8682046
774,7,4.8208623
774,8,4.821721
774,9,4.827726
774,10,4.8031187
774,11,4.7840285
774,12,4.800955
775,1,4.6950517
775,2,4.727992
775,3,4.761146
775,4,4.8181043
775,5,4.8429394
775,6,4.8444
775,7,4.832999
775,8,4.8205986
775,9,4.8313713
775,10,4.8100247
775,11,4.7689686
775,12,4.7265997
776,1,4.8058095
776,2,4.82881
776,3,4.8375273
776,4,4.917208
776,5,4.8882895
776,6,4.8743663
776,7,4.839495
776,8,4.8216124
776,9,4.8351645
776,10,4.8043637
776,11,4.7869716
776,12,4.793974
777,1,4.700193
777,2,4.7271595
777,3,4.74101
777,4,4.80918
777,5,4.821297
777,6,4.8266068
777,7,4.8296657
777,8,4.82198
777,9,4.833785
777,10,4.8149157
777,11,4.7881374
777,12,4.7404575
778,1,4.7506514
778,2,4.7405143
778,3,4.821264
778,4,4.8598638
778,5,4.868267
778,6,4.862922
778,7,4.8369946
778,8,4.8283167
778,9,4.832196
778,10,4.818454
778,11,4.7851233
778,12,4.762568
779,1,4.7265873
779,2,4.7584896
779,3,4.804386
779,4,4.8615994
779,5,4.865847
779,6,4.8729434
779,7,4.8370094
779,8,4.827789
779,9,4.821051
779,10,4.81093
779,11,4.7773356
779,12,4.7608924
780,1,4.756535
780,2,4.758402
780,3,4.840432
780,4,4.872112
780,5,4.8686147
780,6,4.8678985
780,7,4.8284807
780,8,4.82224
780,9,4.839526
780,10,4.8224597
780,11,4.80637
780,12,4.8353963
781,1,4.703528
781,2,4.720282
781,3,4.766246
781,4,4.8223305
781,5,4.8374443
781,6,4.8383512
781,7,4.828349
781,8,4.821058
781,9,4.8328886
781,10,4.8150406
781,11,4.7891917
781,12,4.736128
782,1,4.7704153
782,2,4.7705398
782,3,4.7962537
782,4,4.8761587
782,5,4.869579
782,6,4.86707
782,7,4.8424883
782,8,4.829095
782,9,4.844344
782,10,4.8073735
782,11,4.8065424
782,12,4.777225
783,1,4.7373075
783,2,4.748983
783,3,4.8056154
783,4,4.8521924
783,5,4.862837
783,6,4.861748
783,7,4.8338504
783,8,4.8267303
783,9,4.8217163
783,10,4.815948
783,11,4.782539
783,12,4.7646875
784,1,4.8538957
784,2,4.851307
784,3,4.895014
784,4,4.941738
784,5,4.91451
784,6,4.888054
784,7,4.850918
784,8,4.843141
784,9,4.840991
784,10,4.8187637
784,11,4.8247724
784,12,4.854844
785,1,4.769657
785,2,4.767062
785,3,4.832482
785,4,4.8882575
785,5,4.868749
785,6,4.859233
785,7,4.840999
785,8,4.8126926
785,9,4.835327
785,10,4.814886
785,11,4.8199244
785,12,4.8134227
786,1,4.793398
786,2,4.78929
786,3,4.814216
786,4,4.9104376
786,5,4.8806005
786,6,4.854735
786,7,4.8223343
786,8,4.810201
786,9,4.8167663
786,10,4.8025665
786,11,4.8262334
786,12,4.8687735
787,1,4.7298675
787,2,4.7394347
787,3,4.7973485
787,4,4.874805
787,5,4.8747706
787,6,4.861284
787,7,4.8268723
787,8,4.8149576
787,9,4.8312836
787,10,4.8238277
787,11,4.786686
787,12,4.78469
788,1,4.7358947
788,2,4.7380223
788,3,4.8125257
788,4,4.847316
788,5,4.871594
788,6,4.866728
788,7,4.8377037
788,8,4.8256087
788,9,4.8276896
788,10,4.8149104
788,11,4.7723827
788,12,4.7538857
789,1,4.773978
789,2,4.797728
789,3,4.8214784
789,4,4.8813815
789,5,4.894945
789,6,4.862075
789,7,4.825286
789,8,4.820958
789,9,4.8151855
789,10,4.797166
789,11,4.7821746
789,12,4.7724047
790,1,4.8659606
790,2,4.886259
790,3,4.8758035
790,4,4.945277
790,5,4.913485
790,6,4.891604
790,7,4.8569465
790,8,4.841732
790,9,4.847248
790,10,4.8248215
790,11,4.8252788
790,12,4.866088
791,1,4.767833
791,2,4.746825
791,3,4.798548
791,4,4.8698783
791,5,4.8721967
791,6,4.864555
791,7,4.8386817
791,8,4.830727
791,9,4.8399863
791,10,4.8064647
791,11,4.7867513
791,12,4.7599697
792,1,4.7499332
792,2,4.7575355
792,3,4.805448
792,4,4.862167
792,5,4.8757067
792,6,4.857678
792,7,4.8244667
792,8,4.8331943
792,9,4.8171086
792,10,4.817954
792,11,4.772521
792,12,4.763695
793,1,4.823329
793,2,4.85817
793,3,4.8735147
793,4,4.93145
793,5,4.894968
793,6,4.883097
793,7,4.845826
793,8,4.8385367
793,9,4.837227
793,10,4.818014
793,11,4.826842
793,12,4.8296666
794,1,4.8315625
794,2,4.8071814
794,3,4.853323
794,4,4.910152
794,5,4.9033403
794,6,4.873844
794,7,4.831618
794,8,4.826034
794,9,4.8216815
794,10,4.8067946
794,11,4.801786
794,12,4.8132815
795,1,4.7491813
795,2,4.7765384
795,3,4.805925
795,4,4.8770046
795,5,4.8685637
795,6,4.8651867
795,7,4.8270054
795,8,4.8131638
795,9,4.8416443
795,10,4.821832
795,11,4.8081594
795,12,4.811581
796,1,4.8595243
796,2,4.858466
796,3,4.8712
796,4,4.942132
796,5,4.903099
796,6,4.886604
796,7,4.8451157
796,8,4.844484
796,9,4.842526
796,10,4.8298573
796,11,4.830274
796,12,4.8417635
797,1,4.845325
797,2,4.8892694
797,3,4.868572
797,4,4.9558363
797,5,4.8881664
797,6,4.8450365
797,7,4.8135343
797,8,4.819982
797,9,4.8095584
797,10,4.7982893
797,11,4.801577
797,12,4.837629
798,1,4.7133856
798,2,4.7519298
798,3,4.817449
798,4,4.8735394
798,5,4.841364
798,6,4.8596654
798,7,4.8189106
798,8,4.806241
798,9,4.8192663
798,10,4.8031793
798,11,4.7739916
798,12,4.8024797
799,1,4.718646
799,2,4.7502756
799,3,4.7907834
799,4,4.8418627
799,5,4.850852
799,6,4.844707
799,7,4.8371162
799,8,4.824823
799,9,4.825003
799,10,4.815925
799,11,4.7873883
799,12,4.7477126
800,1,4.870365
800,2,4.880457
800,3,4.8869014
800,4,4.951867
800,5,4.903182
800,6,4.878459
800,7,4.8640027
800,8,4.8394384
800,9,4.840198
800,10,4.817607
800,11,4.8078833
800,12,4.8612685
801,1,4.8034215
801,2,4.850069
801,3,4.8195295
801,4,4.9234266
801,5,4.888657
801,6,4.847468
801,7,4.8144245
801,8,4.813898
801,9,4.8032417
801,10,4.772999
801,11,4.7624054
801,12,4.806102
802,1,4.8370175
802,2,4.831211
802,3,4.8616138
802,4,4.9314737
802,5,4.9120803
802,6,4.889077
802,7,4.852295
802,8,4.8464622
802,9,4.851215
802,10,4.837738
802,11,4.855813
802,12,4.886554
803,1,4.7997146
803,2,4.780064
803,3,4.8386683
803,4,4.9005456
803,5,4.8891683
803,6,4.872062
803,7,4.8354673
803,8,4.8223276
803,9,4.822636
803,10,4.812737
803,11,4.7814856
803,12,4.7854075
804,1,4.754823
804,2,4.7448583
804,3,4.809792
804,4,4.8558483
804,5,4.8739114
804,6,4.867992
804,7,4.833604
804,8,4.825317
804,9,4.8219156
804,10,4.8124356
804,11,4.771631
804,12,4.76805
805,1,4.7403917
805,2,4.754787
805,3,4.7909083
805,4,4.846807
805,5,4.8645716
805,6,4.8596478
805,7,4.8370323
805,8,4.828768
805,9,4.8228064
805,10,4.8195214
805,11,4.766644
805,12,4.7592545
806,1,4.716814
806,2,4.7328115
806,3,4.766497
806,4,4.828054
806,5,4.859088
806,6,4.835188
806,7,4.8288765
806,8,4.824818
806,9,4.830855
806,10,4.811374
806,11,4.7843695
806,12,4.735602
807,1,4.7332854
807,2,4.7506256
807,3,4.805313
807,4,4.8856006
807,5,4.8699427
807,6,4.8541493
807,7,4.8296537
807,8,4.8074274
807,9,4.838108
807,10,4.821858
807,11,4.8098917
807,12,4.802005
808,1,4.782287
808,2,4.788496
808,3,4.8562794
808,4,4.906631
808,5,4.8709707
808,6,4.871712
808,7,4.837111
808,8,4.818877
808,9,4.839265
808,10,4.8303404
808,11,4.834497
808,12,4.8359504
809,1,4.7681775
809,2,4.76795
809,3,4.8174243
809,4,4.870085
809,5,4.886396
809,6,4.8791733
809,7,4.8439407
809,8,4.834952
809,9,4.8481073
809,10,4.8135176
809,11,4.7833457
809,12,4.7587595
810,1,4.892272
810,2,4.905635
810,3,4.8959317
810,4,4.971492
810,5,4.929852
810,6,4.893358
810,7,4.8641458
810,8,4.8459764
810,9,4.8467307
810,10,4.830331
810,11,4.829536
810,12,4.8600254
811,1,4.7234216
811,2,4.7481737
811,3,4.77525
811,4,4.833561
811,5,4.8615704
811,6,4.8438606
811,7,4.829186
811,8,4.8217125
811,9,4.83158
811,10,4.806343
811,11,4.766872
811,12,4.7484474
812,1,4.779906
812,2,4.7811437
812,3,4.817995
812,4,4.8907413
812,5,4.895922
812,6,4.864027
812,7,4.8388257
812,8,4.826687
812,9,4.831689
812,10,4.8199105
812,11,4.7842445
812,12,4.7889814
813,1,4.709908
813,2,4.733719
813,3,4.7712884
813,4,4.8298564
813,5,4.853099
813,6,4.839726
813,7,4.8323536
813,8,4.817547
813,9,4.8368816
813,10,4.797747
813,11,4.7739124
813,12,4.727921
814,1,4.719299
814,2,4.7303023
814,3,4.769462
814,4,4.832476
814,5,4.8491225
814,6,4.8383975
814,7,4.8302236
814,8,4.827043
814,9,4.834199
814,10,4.8176227
814,11,4.775053
814,12,4.7420034
815,1,4.7066174
815,2,4.739909
815,3,4.759781
815,4,4.8186464
815,5,4.83928
815,6,4.8294873
815,7,4.832721
815,8,4.816294
815,9,4.835352
815,10,4.8252945
815,11,4.8092866
815,12,4.7400866
816,1,4.7925997
816,2,4.813922
816,3,4.826515
816,4,4.8925996
816,5,4.903785
816,6,4.882138
816,7,4.8554764
816,8,4.8277893
816,9,4.845186
816,10,4.8129625
816,11,4.7915483
816,12,4.774375
817,1,4.750564
817,2,4.7827773
817,3,4.8221335
817,4,4.8857894
817,5,4.8661847
817,6,4.8472157
817,7,4.8207235
817,8,4.817875
817,9,4.8191895
817,10,4.7979155
817,11,4.762914
817,12,4.7697277
818,1,4.713968
818,2,4.7317224
818,3,4.765296
818,4,4.824641
818,5,4.859398
818,6,4.8392534
818,7,4.8436384
818,8,4.8155656
818,9,4.836575
818,10,4.8196793
818,11,4.8048143
818,12,4.743087
819,1,4.6977997
819,2,4.753035
819,3,4.785551
819,4,4.8405614
819,5,4.8488135
819,6,4.850213
819,7,4.8237896
819,8,4.8213463
819,9,4.803598
819,10,4.791763
819,11,4.751099
819,12,4.7575297
820,1,4.7454324
820,2,4.746657
820,3,4.814674
820,4,4.8604803
820,5,4.8633685
820,6,4.8640146
820,7,4.8316655
820,8,4.8268056
820,9,4.828613
820,10,4.8131495
820,11,4.768634
820,12,4.7518783
821,1,4.791021
821,2,4.810996
821,3,4.8534327
821,4,4.916876
821,5,4.8889456
821,6,4.8632336
821,7,4.8189797
821,8,4.8201427
821,9,4.8284874
821,10,4.8027835
821,11,4.778994
821,12,4.792825
822,1,4.7828345
822,2,4.807174
822,3,4.8088655
822,4,4.8850284
822,5,4.900983
822,6,4.855932
822,7,4.8224664
822,8,4.8272586
822,9,4.815143
822,10,4.8040633
822,11,4.767831
822,12,4.759376
823,1,4.741802
823,2,4.7512255
823,3,4.8092365
823,4,4.868642
823,5,4.8754406
823,6,4.864617
823,7,4.838946
823,8,4.829749
823,9,4.8263783
823,10,4.8103056
823,11,4.7770276
823,12,4.7659197
824,1,4.8761497
824,2,4.883055
824,3,4.9172635
824,4,4.968469
824,5,4.9310513
824,6,4.8993626
824,7,4.867469
824,8,4.8352737
824,9,4.8306346
824,10,4.8069854
824,11,4.8368154
824,12,4.8498363
825,1,4.797942
825,2,4.8015223
825,3,4.8172483
825,4,4.887839
825,5,4.894577
825,6,4.8649507
825,7,4.828533
825,8,4.8308663
825,9,4.8245974
825,10,4.817536
825,11,4.7666907
825,12,4.7769747
826,1,4.7503514
826,2,4.7428737
826,3,4.8008776
826,4,4.862923
826,5,4.8938327
826,6,4.857163
826,7,4.8438
826,8,4.832287
826,9,4.84042
826,10,4.818339
826,11,4.7787395
826,12,4.767368
827,1,4.774743
827,2,4.773079
827,3,4.8296976
827,4,4.88788
827,5,4.896528
827,6,4.869539
827,7,4.839563
827,8,4.8379507
827,9,4.8476562
827,10,4.805894
827,11,4.780117
827,12,4.7628164
828,1,4.793611
828,2,4.770727
828,3,4.825526
828,4,4.889315
828,5,4.881259
828,6,4.8575974
828,7,4.8191648
828,8,4.8187203
828,9,4.8195114
828,10,4.8053584
828,11,4.765627
828,12,4.7853055
829,1,4.734047
829,2,4.7591662
829,3,4.8265653
829,4,4.8737307
829,5,4.861306
829,6,4.854337
829,7,4.837471
829,8,4.819531
829,9,4.837015
829,10,4.819477
829,11,4.801381
829,12,4.794238
830,1,4.734122
830,2,4.7295394
830,3,4.787467
830,4,4.8462214
830,5,4.852213
830,6,4.8584456
830,7,4.8302646
830,8,4.8241816
830,9,4.8226466
830,10,4.8064084
830,11,4.7652125
830,12,4.747316
831,1,4.7360516
831,2,4.733499
831,3,4.7913084
831,4,4.8314595
831,5,4.8586745
831,6,4.8524256
831,7,4.8384104
831,8,4.818249
831,9,4.8338475
831,10,4.8105016
831,11,4.7767606
831,12,4.7411613
832,1,4.7717505
832,2,4.7966228
832,3,4.8341722
832,4,4.898048
832,5,4.8710594
832,6,4.8523097
832,7,4.815748
832,8,4.805868
832,9,4.8132057
832,10,4.801231
832,11,4.8341656
832,12,4.845603
833,1,4.7662845
833,2,4.7623577
833,3,4.805238
833,4,4.878417
833,5,4.871211
833,6,4.866439
833,7,4.825345
833,8,4.8242455
833,9,4.8281007
833,10,4.814865
833,11,4.783905
833,12,4.7738175
834,1,4.8044496
834,2,4.7928433
834,3,4.8417063
834,4,4.9158053
834,5,4.9087453
834,6,4.870778
834,7,4.8353605
834,8,4.8295774
834,9,4.8407187
834,10,4.8259354
834,11,4.8520093
834,12,4.867862
835,1,4.753777
835,2,4.7608323
835,3,4.8142624
835,4,4.86444
835,5,4.863473
835,6,4.8580227
835,7,4.831509
835,8,4.82135
835,9,4.826703
835,10,4.8062205
835,11,4.761047
835,12,4.7572527
836,1,4.8626504
836,2,4.874247
836,3,4.8787723
836,4,4.939908
836,5,4.8888097
836,6,4.848146
836,7,4.8222094
836,8,4.8041725
836,9,4.803196
836,10,4.78744
836,11,4.799111
836,12,4.8561172
837,1,4.876162
837,2,4.881276
837,3,4.870123
837,4,4.9609733
837,5,4.903564
837,6,4.8642893
837,7,4.8399286
837,8,4.8298335
837,9,4.826721
837,10,4.8024397
837,11,4.833347
837,12,4.8590293
838,1,4.771381
838,2,4.798225
838,3,4.838561
838,4,4.9247503
838,5,4.891381
838,6,4.8743367
838,7,4.8354
838,8,4.8344436
838,9,4.8369775
838,10,4.8322635
838,11,4.8237934
838,12,4.861484
839,1,4.782652
839,2,4.776008
839,3,4.8198795
839,4,4.895048
839,5,4.875653
839,6,4.852834
839,7,4.8207226
839,8,4.823135
839,9,4.819674
839,10,4.801514
839,11,4.760488
839,12,4.7667413
840,1,4.7037454
840,2,4.721731
840,3,4.7520857
840,4,4.8228683
840,5,4.851231
840,6,4.8322005
840,7,4.8327017
840,8,4.822851
840,9,4.830446
840,10,4.81221
840,11,4.7834334
840,12,4.7546744
841,1,4.6998563
841,2,4.7259183
841,3,4.7537026
841,4,4.8106
841,5,4.8328156
841,6,4.828041
841,7,4.826479
841,8,4.8176827
841,9,4.8353934
841,10,4.8143997
841,11,4.7705865
841,12,4.734415
842,1,4.8383994
842,2,4.866632
842,3,4.868617
842,4,4.943112
842,5,4.9025908
842,6,4.8744054
842,7,4.846171
842,8,4.8363485
842,9,4.838897
842,10,4.8326406
842,11,4.820945
842,12,4.8116903
843,1,4.7153163
843,2,4.738949
843,3,4.7707157
843,4,4.829079
843,5,4.8528204
843,6,4.848065
843,7,4.831858
843,8,4.82432
843,9,4.8321333
843,10,4.8108945
843,11,4.7715135
843,12,4.7460127
844,1,4.739201
844,2,4.76409
844,3,4.7901735
844,4,4.8702626
844,5,4.866646
844,6,4.8641825
844,7,4.8379927
844,8,4.8225045
844,9,4.8234463
844,10,4.812286
844,11,4.78334
844,12,4.7743177
845,1,4.739732
845,2,4.7683086
845,3,4.8149548
845,4,4.8763084
845,5,4.878157
845,6,4.871258
845,7,4.8294835
845,8,4.8259616
845,9,4.8190346
845,10,4.8142605
845,11,4.7714443
845,12,4.770842
846,1,4.8009152
846,2,4.8175273
846,3,4.842543
846,4,4.9078217
846,5,4.890814
846,6,4.8779025
846,7,4.8339615
846,8,4.825503
846,9,4.830004
846,10,4.812716
846,11,4.792662
846,12,4.797018
847,1,4.7696223
847,2,4.7775598
847,3,4.821005
847,4,4.869729
847,5,4.8836303
847,6,4.863111
847,7,4.83298
847,8,4.8325663
847,9,4.837088
847,10,4.8010426
847,11,4.7830176
847,12,4.7634563
848,1,4.7354984
848,2,4.745808
848,3,4.819052
848,4,4.869773
848,5,4.86936
848,6,4.8578916
848,7,4.830332
848,8,4.824363
848,9,4.8229566
848,10,4.8138266
848,11,4.7724257
848,12,4.778477
849,1,4.8003817
849,2,4.77824
849,3,4.82843
849,4,4.88539
849,5,4.8921075
849,6,4.8729744
849,7,4.841022
849,8,4.8355823
849,9,4.8437476
849,10,4.8075285
849,11,4.7935505
849,12,4.7687244
850,1,4.7789464
850,2,4.7831144
850,3,4.8220525
850,4,4.891352
850,5,4.884763
850,6,4.880405
850,7,4.841283
850,8,4.8340025
850,9,4.8434863
850,10,4.813962
850,11,4.7863626
850,12,4.7745557
851,1,4.7555046
851,2,4.7596684
851,3,4.8260813
851,4,4.867026
851,5,4.8617754
851,6,4.8634143
851,7,4.8256617
851,8,4.8199067
851,9,4.828412
851,10,4.8146434
851,11,4.823373
851,12,4.790008
852,1,4.8617015
852,2,4.9162264
852,3,4.8758364
852,4,4.981946
852,5,4.9225597
852,6,4.8861427
852,7,4.8535833
852,8,4.845553
852,9,4.8430634
852,10,4.815785
852,11,4.8275814
852,12,4.8573613
853,1,4.747159
853,2,4.750416
853,3,4.810853
853,4,4.8648257
853,5,4.8742595
853,6,4.8653126
853,7,4.8314533
853,8,4.824159
853,9,4.827149
853,10,4.8108516
853,11,4.7673197
853,12,4.7591853
854,1,4.7082815
854,2,4.738507
854,3,4.7557
854,4,4.8165936
854,5,4.836598
854,6,4.8358154
854,7,4.8340793
854,8,4.8219357
854,9,4.8378644
854,10,4.819123
854,11,4.7760854
854,12,4.737559
855,1,4.742227
855,2,4.732614
855,3,4.7869625
855,4,4.8425274
855,5,4.8679194
855,6,4.853339
855,7,4.836063
855,8,4.8257146
855,9,4.8305044
855,10,4.808428
855,11,4.7869387
855,12,4.760662
856,1,4.699846
856,2,4.726209
856,3,4.755667
856,4,4.8093724
856,5,4.829567
856,6,4.8321104
856,7,4.8277516
856,8,4.8190923
856,9,4.8338957
856,10,4.8178916
856,11,4.7729454
856,12,4.7440696
857,1,4.7460546
857,2,4.7742453
857,3,4.8347597
857,4,4.893366
857,5,4.873767
857,6,4.8794274
857,7,4.8287497
857,8,4.815298
857,9,4.836688
857,10,4.819612
857,11,4.810201
857,12,4.840625
858,1,4.709583
858,2,4.754173
858,3,4.778446
858,4,4.8605366
858,5,4.8486843
858,6,4.851345
858,7,4.8247495
858,8,4.810043
858,9,4.8087916
858,10,4.797523
858,11,4.764657
858,12,4.7734504
859,1,4.757145
859,2,4.758133
859,3,4.8385878
859,4,4.8936963
859,5,4.870503
859,6,4.869484
859,7,4.838491
859,8,4.8215203
859,9,4.835283
859,10,4.824547
859,11,4.8216753
859,12,4.8308706
860,1,4.8066792
860,2,4.785183
860,3,4.8521576
860,4,4.8943696
860,5,4.890244
860,6,4.872365
860,7,4.8288875
860,8,4.824231
860,9,4.836345
860,10,4.806865
860,11,4.7920084
860,12,4.8056474
861,1,4.7767463
861,2,4.7735276
861,3,4.8193398
861,4,4.8798904
861,5,4.891833
861,6,4.8859773
861,7,4.8455057
861,8,4.833814
861,9,4.840361
861,10,4.806763
861,11,4.789565
861,12,4.7646923
862,1,4.698264
862,2,4.7278595
862,3,4.751095
862,4,4.8001027
862,5,4.822495
862,6,4.828091
862,7,4.8283544
862,8,4.8170104
862,9,4.8392286
862,10,4.8154073
862,11,4.7784123
862,12,4.7353516
863,1,4.78082
863,2,4.798425
863,3,4.843715
863,4,4.8857956
863,5,4.889164
863,6,4.864164
863,7,4.8305817
863,8,4.8299403
863,9,4.829953
863,10,4.811703
863,11,4.7761445
863,12,4.7830844
864,1,4.705529
864,2,4.722336
864,3,4.7397237
864,4,4.809983
864,5,4.8226457
864,6,4.832586
864,7,4.824366
864,8,4.819337
864,9,4.832731
864,10,4.8143315
864,11,4.7730155
864,12,4.7341027
865,1,4.765539
865,2,4.764173
865,3,4.796685
865,4,4.8680987
865,5,4.8899603
865,6,4.8737397
865,7,4.843506
865,8,4.8311105
865,9,4.8491087
865,10,4.812391
865,11,4.800735
865,12,4.7551413
866,1,4.7334347
866,2,4.7338037
866,3,4.7616115
866,4,4.82302
866,5,4.835087
866,6,4.8367443
866,7,4.82595
866,8,4.817588
866,9,4.8159313
866,10,4.7965183
866,11,4.758987
866,12,4.730613
867,1,4.820836
867,2,4.8098564
867,3,4.8429694
867,4,4.9004116
867,5,4.8943324
867,6,4.879046
867,7,4.8287754
867,8,4.826634
867,9,4.8241615
867,10,4.8112845
867,11,4.790597
867,12,4.801839
868,1,4.7573147
868,2,4.75769
868,3,4.80844
868,4,4.8670793
868,5,4.8795147
868,6,4.867558
868,7,4.8395176
868,8,4.837081
868,9,4.8452616
868,10,4.809885
868,11,4.787152
868,12,4.756478
869,1,4.7401915
869,2,4.749387
869,3,4.800754
869,4,4.843454
869,5,4.8683476
869,6,4.857329
869,7,4.8322196
869,8,4.8305354
869,9,4.841958
869,10,4.8098245
869,11,4.7867866
869,12,4.7462196
870,1,4.862719
870,2,4.803591
870,3,4.8355765
870,4,4.9310465
870,5,4.9127946
870,6,4.8880963
870,7,4.8710794
870,8,4.841513
870,9,4.8419805
870,10,4.8287263
870,11,4.842935
870,12,4.880042
871,1,4.819356
871,2,4.8293543
871,3,4.8457594
871,4,4.8926616
871,5,4.8817925
871,6,4.868042
871,7,4.8268948
871,8,4.8270664
871,9,4.823413
871,10,4.8115873
871,11,4.7823625
871,12,4.789647
872,1,4.7335014
872,2,4.749633
872,3,4.764958
872,4,4.8251004
872,5,4.821468
872,6,4.836814
872,7,4.819202
872,8,4.827876
872,9,4.815695
872,10,4.7843003
872,11,4.7630353
872,12,4.718983
873,1,4.735381
873,2,4.7467175
873,3,4.7855825
873,4,4.833763
873,5,4.8484015
873,6,4.841548
873,7,4.824876
873,8,4.817706
873,9,4.833556
873,10,4.8121657
873,11,4.7833576
873,12,4.751677
874,1,4.7619944
874,2,4.7847147
874,3,4.841712
874,4,4.8901286
874,5,4.8884497
874,6,4.8708553
874,7,4.830596
874,8,4.8328724
874,9,4.830495
874,10,4.820127
874,11,4.773956
874,12,4.7908645
875,1,4.7126427
875,2,4.7364216
875,3,4.7726107
875,4,4.822729
875,5,4.8450685
875,6,4.8393292
875,7,4.8372993
875,8,4.821213
875,9,4.841804
875,10,4.8124275
875,11,4.7720203
875,12,4.7390738
876,1,4.7969837
876,2,4.755377
876,3,4.814633
876,4,4.861786
876,5,4.863564
876,6,4.8574595
876,7,4.828227
876,8,4.8244824
876,9,4.8237143
876,10,4.809055
876,11,4.76746
876,12,4.761313
877,1,4.70926
877,2,4.7328615
877,3,4.7544575
877,4,4.821074
877,5,4.8418202
877,6,4.8383827
877,7,4.8305244
877,8,4.8242226
877,9,4.835254
877,10,4.820162
877,11,4.7762823
877,12,4.73729
878,1,4.738345
878,2,4.7401934
878,3,4.810176
878,4,4.8599286
878,5,4.87266
878,6,4.8602495
878,7,4.8283653
878,8,4.8286986
878,9,4.828228
878,10,4.8102045
878,11,4.775177
878,12,4.7568936
879,1,4.7779894
879,2,4.771378
879,3,4.8348427
879,4,4.914396
879,5,4.887137
879,6,4.8662195
879,7,4.826674
879,8,4.8294864
879,9,4.8330317
879,10,4.821784
879,11,4.8134065
879,12,4.8657517
880,1,4.7411795
880,2,4.752465
880,3,4.8264213
880,4,4.88084
880,5,4.881576
880,6,4.8524923
880,7,4.8262615
880,8,4.8202233
880,9,4.834475
880,10,4.821612
880,11,4.803703
880,12,4.8050275
881,1,4.7737546
881,2,4.7992954
881,3,4.812287
881,4,4.8967643
881,5,4.88198
881,6,4.8685756
881,7,4.829996
881,8,4.8215003
881,9,4.835874
881,10,4.816531
881,11,4.8223705
881,12,4.8191886
882,1,4.8101873
882,2,4.786178
882,3,4.8393073
882,4,4.9033375
882,5,4.883641
882,6,4.8637147
882,7,4.8195324
882,8,4.816946
882,9,4.8210635
882,10,4.798817
882,11,4.77296
882,12,4.7921624
883,1,4.8121724
883,2,4.865506
883,3,4.8322306
883,4,4.917623
883,5,4.8692975
883,6,4.8331265
883,7,4.809979
883,8,4.801729
883,9,4.802386
883,10,4.7900662
883,11,4.8010798
883,12,4.845223
884,1,4.7583117
884,2,4.7765045
884,3,4.812511
884,4,4.87522
884,5,4.9005685
884,6,4.877816
884,7,4.8388653
884,8,4.8304987
884,9,4.8357954
884,10,4.818848
884,11,4.7922792
884,12,4.751516
885,1,4.7538705
885,2,4.743264
885,3,4.8142414
885,4,4.862386
885,5,4.876182
885,6,4.8627543
885,7,4.8310194
885,8,4.821357
885,9,4.816979
885,10,4.8074636
885,11,4.7805357
885,12,4.7656045
886,1,4.7678423
886,2,4.7825007
886,3,4.822028
886,4,4.88856
886,5,4.875253
886,6,4.866267
886,7,4.8316617
886,8,4.8223553
886,9,4.8227077
886,10,4.807932
886,11,4.7772937
886,12,4.776972
887,1,4.7880125
887,2,4.7997217
887,3,4.823463
887,4,4.8947067
887,5,4.905407
887,6,4.876109
887,7,4.847347
887,8,4.8355465
887,9,4.841845
887,10,4.8030105
887,11,4.7854557
887,12,4.771507
888,1,4.7194123
888,2,4.733991
888,3,4.763525
888,4,4.8361006
888,5,4.8556094
888,6,4.844852
888,7,4.823558
888,8,4.823243
888,9,4.8261156
888,10,4.8106565
888,11,4.7929
888,12,4.7549634
889,1,4.7486143
889,2,4.749696
889,3,4.782194
889,4,4.82558
889,5,4.826649
889,6,4.8320107
889,7,4.816221
889,8,4.819915
889,9,4.8139553
889,10,4.779098
889,11,4.7563396
889,12,4.719715
890,1,4.7654624
890,2,4.777302
890,3,4.8332453
890,4,4.9055552
890,5,4.88435
890,6,4.8785653
890,7,4.8355656
890,8,4.82464
890,9,4.8420672
890,10,4.8356557
890,11,4.8219266
890,12,4.8331785
891,1,4.7648044
891,2,4.755395
891,3,4.8361754
891,4,4.8837576
891,5,4.8826847
891,6,4.859097
891,7,4.8333483
891,8,4.825552
891,9,4.8428335
891,10,4.8290634
891,11,4.820584
891,12,4.8386016
892,1,4.73649
892,2,4.75049
892,3,4.798293
892,4,4.8473997
892,5,4.856651
892,6,4.8473444
892,7,4.838131
892,8,4.8228
892,9,4.831954
892,10,4.8088336
892,11,4.7743526
892,12,4.7523327
893,1,4.879423
893,2,4.8990674
893,3,4.878635
893,4,4.945773
893,5,4.8729095
893,6,4.846219
893,7,4.7991276
893,8,4.784017
893,9,4.79675
893,10,4.7947464
893,11,4.822481
893,12,4.8568215
894,1,4.731737
894,2,4.7458143
894,3,4.768751
894,4,4.839038
894,5,4.8519664
894,6,4.836787
894,7,4.832089
894,8,4.8236427
894,9,4.838884
894,10,4.815445
894,11,4.7553754
894,12,4.756238
895,1,4.921481
895,2,4.9121256
895,3,4.9182305
895,4,5.0115113
895,5,4.906317
895,6,4.8936906
895,7,4.849902
895,8,4.832382
895,9,4.8358283
895,10,4.818256
895,11,4.844951
895,12,4.914075
896,1,4.797871
896,2,4.753992
896,3,4.8281713
896,4,4.8754086
896,5,4.8738637
896,6,4.8602753
896,7,4.833541
896,8,4.825823
896,9,4.824303
896,10,4.814451
896,11,4.7636895
896,12,4.7797356
897,1,4.838711
897,2,4.846523
897,3,4.8526535
897,4,4.9248967
897,5,4.8978367
897,6,4.8783455
897,7,4.8456664
897,8,4.8327355
897,9,4.8415165
897,10,4.819684
897,11,4.8076906
897,12,4.8373823
898,1,4.73104
898,2,4.7547207
898,3,4.807335
898,4,4.8615932
898,5,4.862725
898,6,4.864449
898,7,4.8307667
898,8,4.8218894
898,9,4.8163247
898,10,4.807886
898,11,4.7707214
898,12,4.7433014
899,1,4.7304335
899,2,4.74577
899,3,4.7585135
899,4,4.8361564
899,5,4.853713
899,6,4.841057
899,7,4.830754
899,8,4.8225965
899,9,4.831321
899,10,4.8166747
899,11,4.780077
899,12,4.761942
900,1,4.7411776
900,2,4.7493186
900,3,4.78141
900,4,4.8320646
900,5,4.8515663
900,6,4.8504653
900,7,4.8363805
900,8,4.821424
900,9,4.8295045
900,10,4.8093195
900,11,4.774382
900,12,4.741825
901,1,4.7552366
901,2,4.7656016
901,3,4.8532877
901,4,4.885425
901,5,4.873329
901,6,4.8607483
901,7,4.839936
901,8,4.820263
901,9,4.833902
901,10,4.8203454
901,11,4.821747
901,12,4.8010297
902,1,4.7486367
902,2,4.7552857
902,3,4.8271985
902,4,4.8817444
902,5,4.8667955
902,6,4.865928
902,7,4.8264995
902,8,4.827298
902,9,4.834792
902,10,4.8209095
902,11,4.8157353
902,12,4.7787395
903,1,4.744092
903,2,4.7547216
903,3,4.823098
903,4,4.8633666
903,5,4.873399
903,6,4.8649077
903,7,4.834078
903,8,4.829404
903,9,4.830751
903,10,4.8195753
903,11,4.7722116
903,12,4.760383
904,1,4.832014
904,2,4.80318
904,3,4.8539486
904,4,4.910205
904,5,4.893185
904,6,4.8733063
904,7,4.8274765
904,8,4.823096
904,9,4.831179
904,10,4.807981
904,11,4.795926
904,12,4.8132176
905,1,4.763531
905,2,4.7640567
905,3,4.851469
905,4,4.8834996
905,5,4.8810263
905,6,4.8702435
905,7,4.8426666
905,8,4.81948
905,9,4.8320103
905,10,4.8135877
905,11,4.835927
905,12,4.81914
906,1,4.7776265
906,2,4.775082
906,3,4.827862
906,4,4.877514
906,5,4.8868957
906,6,4.8658724
906,7,4.8333087
906,8,4.826849
906,9,4.8194904
906,10,4.811594
906,11,4.7742352
906,12,4.783369
907,1,4.7842894
907,2,4.7755475
907,3,4.7966022
907,4,4.876599
907,5,4.8784533
907,6,4.862653
907,7,4.8398457
907,8,4.8268905
907,9,4.8385096
907,10,4.816768
907,11,4.7803946
907,12,4.770891
908,1,4.723683
908,2,4.723641
908,3,4.777538
908,4,4.8343735
908,5,4.857793
908,6,4.839423
908,7,4.830892
908,8,4.820391
908,9,4.834472
908,10,4.8086357
908,11,4.765399
908,12,4.7437415
909,1,4.8448534
909,2,4.8527718
909,3,4.836881
909,4,4.9299793
909,5,4.8992805
909,6,4.8710475
909,7,4.843758
909,8,4.8343434
909,9,4.836546
909,10,4.8176517
909,11,4.824628
909,12,4.8324695
910,1,4.757862
910,2,4.737202
910,3,4.8431478
910,4,4.8797717
910,5,4.849322
910,6,4.856961
910,7,4.8437867
910,8,4.819625
910,9,4.83359
910,10,4.8284755
910,11,4.814898
910,12,4.841677
911,1,4.8260045
911,2,4.819359
911,3,4.8567753
911,4,4.929556
911,5,4.912366
911,6,4.880154
911,7,4.853435
911,8,4.8416233
911,9,4.84971
911,10,4.8340297
911,11,4.8524547
911,12,4.8686776
912,1,4.7329874
912,2,4.76291
912,3,4.7934833
912,4,4.8389416
912,5,4.8565145
912,6,4.8531895
912,7,4.830693
912,8,4.8212595
912,9,4.833088
912,10,4.8134503
912,11,4.7735167
912,12,4.7571435
913,1,4.7388053
913,2,4.747717
913,3,4.7788854
913,4,4.8414555
913,5,4.860454
913,6,4.8469734
913,7,4.8322735
913,8,4.820604
913,9,4.836747
913,10,4.8177457
913,11,4.785953
913,12,4.7455964
914,1,4.75005
914,2,4.755831
914,3,4.78227
914,4,4.826915
914,5,4.826633
914,6,4.8362484
914,7,4.81449
914,8,4.824005
914,9,4.8156877
914,10,4.7821536
914,11,4.769177
914,12,4.733384
915,1,4.7363577
915,2,4.739996
915,3,4.7861323
915,4,4.844035
915,5,4.8562045
915,6,4.8564687
915,7,4.838615
915,8,4.83043
915,9,4.834598
915,10,4.8202434
915,11,4.770714
915,12,4.753166
916,1,4.7297974
916,2,4.743013
916,3,4.785609
916,4,4.8323317
916,5,4.858663
916,6,4.8526793
916,7,4.8323607
916,8,4.8274546
916,9,4.826674
916,10,4.8217864
916,11,4.7832775
916,12,4.7544665
917,1,4.784617
917,2,4.7527013
917,3,4.8232965
917,4,4.8671045
917,5,4.863751
917,6,4.8600855
917,7,4.831282
917,8,4.822448
917,9,4.820671
917,10,4.8173933
917,11,4.7670956
917,12,4.759561
918,1,4.77991
918,2,4.7779903
918,3,4.8521414
918,4,4.894341
918,5,4.89413
918,6,4.8653455
918,7,4.834873
918,8,4.818169
918,9,4.8207846
918,10,4.815986
918,11,4.776962
918,12,4.7728405
919,1,4.812876
919,2,4.795209
919,3,4.86744
919,4,4.9107404
919,5,4.8713384
919,6,4.884628
919,7,4.8347325
919,8,4.8285046
919,9,4.832401
919,10,4.8137927
919,11,4.7911153
919,12,4.796485
920,1,4.7815127
920,2,4.7736025
920,3,4.827826
920,4,4.8702526
920,5,4.88992
920,6,4.8676434
920,7,4.8428993
920,8,4.837576
920,9,4.8431797
920,10,4.8146873
920,11,4.787234
920,12,4.767187
921,1,4.9050965
921,2,4.8951674
921,3,4.8657823
921,4,4.952293
921,5,4.914772
921,6,4.872761
921,7,4.8411045
921,8,4.820302
921,9,4.8239145
921,10,4.797108
921,11,4.8192644
921,12,4.861764
922,1,4.784454
922,2,4.7874084
922,3,4.829875
922,4,4.9005613
922,5,4.8853073
922,6,4.8683867
922,7,4.816725
922,8,4.8202415
922,9,4.8176403
922,10,4.8069077
922,11,4.7825513
922,12,4.776208
923,1,4.734507
923,2,4.745625
923,3,4.7958937
923,4,4.853328
923,5,4.8594036
923,6,4.863584
923,7,4.8346553
923,8,4.829169
923,9,4.825609
923,10,4.817528
923,11,4.773164
923,12,4.7455177
924,1,4.879578
924,2,4.9121814
924,3,4.8971057
924,4,4.9556217
924,5,4.868895
924,6,4.8336763
924,7,4.8207
924,8,4.7982492
924,9,4.7983475
924,10,4.7936683
924,11,4.8053765
924,12,4.857304
925,1,4.7064734
925,2,4.726946
925,3,4.7421174
925,4,4.817413
925,5,4.831158
925,6,4.833898
925,7,4.840094
925,8,4.8160806
925,9,4.8309507
925,10,4.8210945
925,11,4.7677355
925,12,4.7265406
926,1,4.710754
926,2,4.750726
926,3,4.787961
926,4,4.8465614
926,5,4.838934
926,6,4.845888
926,7,4.822437
926,8,4.8228955
926,9,4.80887
926,10,4.7945967
926,11,4.762032
926,12,4.761834
927,1,4.805567
927,2,4.8127728
927,3,4.8485446
927,4,4.919571
927,5,4.8914366
927,6,4.8619266
927,7,4.8334594
927,8,4.8349276
927,9,4.84394
927,10,4.823933
927,11,4.8518505
927,12,4.855034
928,1,4.7814875
928,2,4.772498
928,3,4.823409
928,4,4.899433
928,5,4.869898
928,6,4.838823
928,7,4.814944
928,8,4.800035
928,9,4.814006
928,10,4.802252
928,11,4.8218102
928,12,4.8499727
929,1,4.758425
929,2,4.7593007
929,3,4.8013444
929,4,4.87245
929,5,4.8851566
929,6,4.868794
929,7,4.8462763
929,8,4.8339143
929,9,4.8472843
929,10,4.8132486
929,11,4.7973013
929,12,4.7596602
930,1,4.7800713
930,2,4.7991323
930,3,4.84295
930,4,4.8961587
930,5,4.9011188
930,6,4.8616486
930,7,4.831225
930,8,4.8347483
930,9,4.839688
930,10,4.8332047
930,11,4.8304496
930,12,4.8674827
931,1,4.736952
931,2,4.7561264
931,3,4.806751
931,4,4.8567333
931,5,4.8712797
931,6,4.864134
931,7,4.83673
931,8,4.824371
931,9,4.8237195
931,10,4.8170156
931,11,4.7783146
931,12,4.7705216
932,1,4.772492
932,2,4.7858396
932,3,4.822047
932,4,4.8912525
932,5,4.887696
932,6,4.8569183
932,7,4.82639
932,8,4.8280473
932,9,4.8267636
932,10,4.810856
932,11,4.7846913
932,12,4.791062
933,1,4.7198334
933,2,4.744174
933,3,4.768723
933,4,4.836377
933,5,4.8608713
933,6,4.8446417
933,7,4.835295
933,8,4.815961
933,9,4.838905
933,10,4.805847
933,11,4.767685
933,12,4.7505503
934,1,4.747831
934,2,4.7515225
934,3,4.792228
934,4,4.868735
934,5,4.8679914
934,6,4.867233
934,7,4.8328576
934,8,4.825103
934,9,4.819169
934,10,4.810602
934,11,4.772938
934,12,4.7690167
935,1,4.7440414
935,2,4.7335515
935,3,4.7945766
935,4,4.853714
935,5,4.8578672
935,6,4.8650327
935,7,4.833781
935,8,4.825449
935,9,4.8225446
935,10,4.8179417
935,11,4.772921
935,12,4.75916
936,1,4.774282
936,2,4.776074
936,3,4.8462143
936,4,4.884107
936,5,4.8758273
936,6,4.8586283
936,7,4.833468
936,8,4.8222404
936,9,4.829403
936,10,4.833046
936,11,4.8365417
936,12,4.845603
937,1,4.7727203
937,2,4.7579765
937,3,4.8166747
937,4,4.8871727
937,5,4.8891797
937,6,4.868863
937,7,4.8294787
937,8,4.8236914
937,9,4.830145
937,10,4.8094487
937,11,4.7769094
937,12,4.789072
938,1,4.8091974
938,2,4.79219
938,3,4.8371935
938,4,4.898746
938,5,4.8829827
938,6,4.880951
938,7,4.842577
938,8,4.8219166
938,9,4.838561
938,10,4.8189774
938,11,4.8244467
938,12,4.8475256
939,1,4.8481746
939,2,4.903439
939,3,4.8584967
939,4,4.938119
939,5,4.8801875
939,6,4.828086
939,7,4.8211126
939,8,4.8008847
939,9,4.800961
939,10,4.7783422
939,11,4.794414
939,12,4.859158
940,1,4.777384
940,2,4.803691
940,3,4.8532314
940,4,4.895443
940,5,4.902017
940,6,4.8789883
940,7,4.829827
940,8,4.816968
940,9,4.827245
940,10,4.799827
940,11,4.7792706
940,12,4.8062754
941,1,4.7624946
941,2,4.7686977
941,3,4.8087707
941,4,4.870284
941,5,4.8651896
941,6,4.858135
941,7,4.8309855
941,8,4.826772
941,9,4.82084
941,10,4.817001
941,11,4.771242
941,12,4.764621
942,1,4.7153587
942,2,4.7364655
942,3,4.7853184
942,4,4.8293247
942,5,4.843666
942,6,4.839867
942,7,4.8331704
942,8,4.8151083
942,9,4.8389177
942,10,4.8108873
942,11,4.8111453
942,12,4.750388
943,1,4.721144
943,2,4.7300744
943,3,4.7752824
943,4,4.831146
943,5,4.838448
943,6,4.837612
943,7,4.833817
943,8,4.823748
943,9,4.8312335
943,10,4.8072734
943,11,4.793689
943,12,4.744738
944,1,4.76372
944,2,4.7786856
944,3,4.829401
944,4,4.8788524
944,5,4.880269
944,6,4.865543
944,7,4.830409
944,8,4.8254457
944,9,4.8349376
944,10,4.8106837
944,11,4.775002
944,12,4.790638
945,1,4.7298203
945,2,4.7488017
945,3,4.7811112
945,4,4.8707433
945,5,4.8630795
945,6,4.8514285
945,7,4.826305
945,8,4.8170986
945,9,4.8195534
945,10,4.813132
945,11,4.765739
945,12,4.775506
946,1,4.800837
946,2,4.7967877
946,3,4.8302236
946,4,4.9021997
946,5,4.881882
946,6,4.858867
946,7,4.8276753
946,8,4.8131437
946,9,4.8257923
946,10,4.8118196
946,11,4.8290815
946,12,4.8450236
947,1,4.8252587
947,2,4.833024
947,3,4.8432117
947,4,4.904347
947,5,4.901351
947,6,4.8612685
947,7,4.8266644
947,8,4.825454
947,9,4.826159
947,10,4.790636
947,11,4.777696
947,12,4.7903056
948,1,4.7557025
948,2,4.755306
948,3,4.790694
948,4,4.825801
948,5,4.818238
948,6,4.8276205
948,7,4.8181977
948,8,4.8171554
948,9,4.8129416
948,10,4.7818747
948,11,4.764855
948,12,4.727555
949,1,4.7427793
949,2,4.743327
949,3,4.802619
949,4,4.857493
949,5,4.872283
949,6,4.8535414
949,7,4.8262086
949,8,4.82546
949,9,4.8274517
949,10,4.821258
949,11,4.778125
949,12,4.7520685
950,1,4.718769
950,2,4.75482
950,3,4.7550693
950,4,4.828117
950,5,4.844222
950,6,4.8427887
950,7,4.8246603
950,8,4.821598
950,9,4.830216
950,10,4.8207088
950,11,4.7875705
950,12,4.7408285
951,1,4.766648
951,2,4.784736
951,3,4.8091245
951,4,4.8821373
951,5,4.890967
951,6,4.8605924
951,7,4.8423886
951,8,4.8378344
951,9,4.845529
951,10,4.810032
951,11,4.798206
951,12,4.7608495
952,1,4.7246947
952,2,4.7504516
952,3,4.774606
952,4,4.8302746
952,5,4.866316
952,6,4.8448977
952,7,4.8318343
952,8,4.818627
952,9,4.827348
952,10,4.819909
952,11,4.7773175
952,12,4.7523785
953,1,4.7789288
953,2,4.7758074
953,3,4.8291693
953,4,4.8915
953,5,4.870936
953,6,4.8672614
953,7,4.830581
953,8,4.825367
953,9,4.830687
953,10,4.821882
953,11,4.7894235
953,12,4.7794127
954,1,4.788099
954,2,4.7988777
954,3,4.851142
954,4,4.8989058
954,5,4.8827114
954,6,4.8680134
954,7,4.829398
954,8,4.8242326
954,9,4.829019
954,10,4.809182
954,11,4.7927966
954,12,4.790693
955,1,4.7661796
955,2,4.766968
955,3,4.8074217
955,4,4.8691187
955,5,4.8745213
955,6,4.8574476
955,7,4.8268485
955,8,4.8202825
955,9,4.8263073
955,10,4.8105764
955,11,4.7764363
955,12,4.7540913
956,1,4.7224374
956,2,4.7458415
956,3,4.772201
956,4,4.837367
956,5,4.859625
956,6,4.8401365
956,7,4.828769
956,8,4.820128
956,9,4.829378
956,10,4.811309
956,11,4.761979
956,12,4.742438
957,1,4.8114896
957,2,4.8462305
957,3,4.8468313
957,4,4.90662
957,5,4.9059763
957,6,4.859236
957,7,4.827193
957,8,4.8275633
957,9,4.823635
957,10,4.801189
957,11,4.7729335
957,12,4.786115
958,1,4.804241
958,2,4.8046055
958,3,4.83392
958,4,4.9047394
958,5,4.86653
958,6,4.8626156
958,7,4.817277
958,8,4.824026
958,9,4.8199477
958,10,4.787302
958,11,4.76734
958,12,4.7624626
959,1,4.778542
959,2,4.808997
959,3,4.8342633
959,4,4.8832088
959,5,4.8961906
959,6,4.868141
959,7,4.831727
959,8,4.828969
959,9,4.8297477
959,10,4.815332
959,11,4.7831054
959,12,4.7963023
960,1,4.7351556
960,2,4.7300982
960,3,4.7910566
960,4,4.846825
960,5,4.8585944
960,6,4.859682
960,7,4.833174
960,8,4.824872
960,9,4.820426
960,10,4.808362
960,11,4.767404
960,12,4.745952
961,1,4.723614
961,2,4.7455673
961,3,4.787766
961,4,4.863302
961,5,4.852397
961,6,4.8617897
961,7,4.8335004
961,8,4.813981
961,9,4.821641
961,10,4.8137026
961,11,4.755992
961,12,4.7787876
962,1,4.7721934
962,2,4.7946367
962,3,4.810544
962,4,4.8861756
962,5,4.8815393
962,6,4.864805
962,7,4.8297014
962,8,4.8297844
962,9,4.8217254
962,10,4.8116198
962,11,4.774937
962,12,4.7723966
963,1,4.806721
963,2,4.8184686
963,3,4.8861027
963,4,4.9131703
963,5,4.8781977
963,6,4.874964
963,7,4.825597
963,8,4.8255453
963,9,4.8274627
963,10,4.798504
963,11,4.7820415
963,12,4.8056984
964,1,4.7069116
964,2,4.726678
964,3,4.776356
964,4,4.847935
964,5,4.838888
964,6,4.8484073
964,7,4.8152933
964,8,4.811788
964,9,4.8151097
964,10,4.791797
964,11,4.770135
964,12,4.7497306
965,1,4.9231324
965,2,4.930206
965,3,4.9167695
965,4,4.9863176
965,5,4.9268174
965,6,4.889453
965,7,4.8569555
965,8,4.8386397
965,9,4.833211
965,10,4.8173594
965,11,4.820478
965,12,4.880759
966,1,4.717267
966,2,4.729657
966,3,4.7768397
966,4,4.8366294
966,5,4.8515196
966,6,4.8438277
966,7,4.833729
966,8,4.826137
966,9,4.835905
966,10,4.815262
966,11,4.767255
966,12,4.7449756
967,1,4.722682
967,2,4.7402244
967,3,4.7749767
967,4,4.828906
967,5,4.8570223
967,6,4.839714
967,7,4.8328214
967,8,4.82575
967,9,4.835021
967,10,4.816164
967,11,4.785993
967,12,4.752521
968,1,4.7764215
968,2,4.7550435
968,3,4.8048077
968,4,4.875529
968,5,4.878415
968,6,4.8628373
968,7,4.827103
968,8,4.8194065
968,9,4.8257246
968,10,4.812181
968,11,4.7688622
968,12,4.7669086
969,1,4.73486
969,2,4.7456937
969,3,4.793245
969,4,4.841555
969,5,4.8661637
969,6,4.854262
969,7,4.8346334
969,8,4.8199
969,9,4.8274155
969,10,4.807904
969,11,4.784801
969,12,4.7532625
970,1,4.7872987
970,2,4.8284483
970,3,4.8544965
970,4,4.921112
970,5,4.891783
970,6,4.886582
970,7,4.840864
970,8,4.8314795
970,9,4.8433414
970,10,4.808304
970,11,4.815144
970,12,4.8281155
971,1,4.736457
971,2,4.7736635
971,3,4.840314
971,4,4.8932214
971,5,4.861612
971,6,4.858241
971,7,4.836171
971,8,4.816132
971,9,4.8374586
971,10,4.8258014
971,11,4.8190227
971,12,4.8311434
972,1,4.783909
972,2,4.801255
972,3,4.8310027
972,4,4.8874636
972,5,4.887934
972,6,4.85317
972,7,4.8207917
972,8,4.817145
972,9,4.8122334
972,10,4.803888
972,11,4.832866
972,12,4.8728585
973,1,4.7970147
973,2,4.804097
973,3,4.853377
973,4,4.894766
973,5,4.8862824
973,6,4.866145
973,7,4.8315616
973,8,4.8285875
973,9,4.820526
973,10,4.8145437
973,11,4.7811127
973,12,4.777596
974,1,4.7496
974,2,4.752912
974,3,4.824984
974,4,4.877096
974,5,4.8691235
974,6,4.858335
974,7,4.8338723
974,8,4.8250637
974,9,4.843562
974,10,4.822462
974,11,4.8167896
974,12,4.8161926
975,1,4.7209773
975,2,4.728509
975,3,4.75287
975,4,4.824437
975,5,4.8536
975,6,4.840572
975,7,4.8312373
975,8,4.8150315
975,9,4.819743
975,10,4.8124747
975,11,4.766452
975,12,4.7168317
976,1,4.739908
976,2,4.74524
976,3,4.7819734
976,4,4.8537965
976,5,4.8428893
976,6,4.8556576
976,7,4.833352
976,8,4.8227115
976,9,4.821538
976,10,4.819598
976,11,4.7710433
976,12,4.7531543
977,1,4.7939143
977,2,4.7848306
977,3,4.809254
977,4,4.8877993
977,5,4.8874445
977,6,4.880031
977,7,4.8493595
977,8,4.836766
977,9,4.843137
977,10,4.8043394
977,11,4.7864547
977,12,4.765573
978,1,4.78652
978,2,4.7866764
978,3,4.798641
978,4,4.8733582
978,5,4.8931975
978,6,4.8718276
978,7,4.847663
978,8,4.830354
978,9,4.8396277
978,10,4.80947
978,11,4.787069
978,12,4.7634635
979,1,4.809529
979,2,4.8217487
979,3,4.8431716
979,4,4.902098
979,5,4.8905168
979,6,4.8531866
979,7,4.8253484
979,8,4.8207145
979,9,4.828211
979,10,4.814966
979,11,4.8437834
979,12,4.8624783
980,1,4.7101293
980,2,4.7381134
980,3,4.753995
980,4,4.816181
980,5,4.8307953
980,6,4.8396826
980,7,4.8313518
980,8,4.825426
980,9,4.833287
980,10,4.8180785
980,11,4.7823367
980,12,4.742947
981,1,4.858478
981,2,4.825531
981,3,4.8765807
981,4,4.942827
981,5,4.9089065
981,6,4.8789225
981,7,4.855812
981,8,4.8511214
981,9,4.850535
981,10,4.8390856
981,11,4.883165
981,12,4.8817754
982,1,4.747489
982,2,4.7587104
982,3,4.798129
982,4,4.865127
982,5,4.8780775
982,6,4.8581057
982,7,4.8346934
982,8,4.822245
982,9,4.8234615
982,10,4.814991
982,11,4.7641916
982,12,4.7589126
983,1,4.8553505
983,2,4.847896
983,3,4.8666024
983,4,4.947862
983,5,4.9106174
983,6,4.868801
983,7,4.8572083
983,8,4.8577423
983,9,4.8391223
983,10,4.829993
983,11,4.8827186
983,12,4.8837185
984,1,4.765219
984,2,4.7717686
984,3,4.819365
984,4,4.877935
984,5,4.8744206
984,6,4.863761
984,7,4.8286014
984,8,4.8236723
984,9,4.8293834
984,10,4.8132772
984,11,4.771888
984,12,4.76425
985,1,4.832143
985,2,4.8235655
985,3,4.830188
985,4,4.914428
985,5,4.901573
985,6,4.877713
985,7,4.833369
985,8,4.829519
985,9,4.82639
985,10,4.8100615
985,11,4.7924075
985,12,4.7963686
986,1,4.758946
986,2,4.754962
986,3,4.809915
986,4,4.8647857
986,5,4.8915496
986,6,4.8705416
986,7,4.848787
986,8,4.831384
986,9,4.83547
986,10,4.813612
986,11,4.794063
986,12,4.7594805
987,1,4.711512
987,2,4.7292595
987,3,4.7527957
987,4,4.8204103
987,5,4.8256564
987,6,4.8187265
987,7,4.820674
987,8,4.820172
987,9,4.8226485
987,10,4.807963
987,11,4.754746
987,12,4.728321
988,1,4.8332734
988,2,4.820903
988,3,4.8445783
988,4,4.910788
988,5,4.8903975
988,6,4.8642135
988,7,4.8184104
988,8,4.823998
988,9,4.81731
988,10,4.7905884
988,11,4.7700324
988,12,4.794563
989,1,4.8332396
989,2,4.7894106
989,3,4.8566585
989,4,4.8959947
989,5,4.90157
989,6,4.871381
989,7,4.827927
989,8,4.8263803
989,9,4.8214717
989,10,4.810436
989,11,4.781297
989,12,4.7845254
990,1,4.865626
990,2,4.9267917
990,3,4.8826714
990,4,4.9563065
990,5,4.918704
990,6,4.878318
990,7,4.8487954
990,8,4.830938
990,9,4.8297563
990,10,4.8083563
990,11,4.808868
990,12,4.8657265
991,1,4.7756968
991,2,4.803011
991,3,4.837406
991,4,4.8943486
991,5,4.879403
991,6,4.866418
991,7,4.8311486
991,8,4.8224244
991,9,4.829007
991,10,4.8110547
991,11,4.78276
991,12,4.784858
992,1,4.774172
992,2,4.8026147
992,3,4.8380914
992,4,4.9022064
992,5,4.8889985
992,6,4.854427
992,7,4.8455386
992,8,4.8326054
992,9,4.838993
992,10,4.837801
992,11,4.839102
992,12,4.8715234
993,1,4.814403
993,2,4.8108616
993,3,4.86843
993,4,4.9253006
993,5,4.905648
993,6,4.8794713
993,7,4.8521304
993,8,4.837442
993,9,4.8370695
993,10,4.8287497
993,11,4.846497
993,12,4.8696604
994,1,4.707793
994,2,4.7310233
994,3,4.7888384
994,4,4.8404813
994,5,4.8525386
994,6,4.8445487
994,7,4.836114
994,8,4.819407
994,9,4.8288746
994,10,4.8017983
994,11,4.769748
994,12,4.7431827
995,1,4.869764
995,2,4.8783717
995,3,4.87698
995,4,4.9472885
995,5,4.9016876
995,6,4.876903
995,7,4.8495274
995,8,4.8445077
995,9,4.845047
995,10,4.8307176
995,11,4.827556
995,12,4.844123
996,1,4.7347035
996,2,4.7457957
996,3,4.778099
996,4,4.8289847
996,5,4.841833
996,6,4.8378296
996,7,4.8198037
996,8,4.819528
996,9,4.812497
996,10,4.7944603
996,11,4.7643723
996,12,4.715073
997,1,4.7726727
997,2,4.8010283
997,3,4.8178887
997,4,4.911334
997,5,4.883942
997,6,4.866513
997,7,4.8321805
997,8,4.828036
997,9,4.8302765
997,10,4.8172374
997,11,4.7952065
997,12,4.7999783
998,1,4.8068633
998,2,4.8260007
998,3,4.8543386
998,4,4.9175825
998,5,4.885237
998,6,4.869372
998,7,4.8248034
998,8,4.8255124
998,9,4.8287044
998,10,4.80541
998,11,4.7781367
998,12,4.7882814
999,1,4.7627206
999,2,4.761562
999,3,4.8089557
999,4,4.8651114
999,5,4.877769
999,6,4.8658986
999,7,4.8473144
999,8,4.8357997
999,9,4.8363314
999,10,4.8063474
999,11,4.782675
999,12,4.762469
1000,1,4.7260695
1000,2,4.7502985
1000,3,4.776487
1000,4,4.8290887
1000,5,4.8530436
1000,6,4.8458667
1000,7,4.832998
1000,8,4.82623
1000,9,4.8352194
1000,10,4.811288
1000,11,4.764999
1000,12,4.7351933
1001,1,4.7525945
1001,2,4.7580075
1001,3,4.8102384
1001,4,4.8669705
1001,5,4.870575
1001,6,4.866262
1001,7,4.836377
1001,8,4.821205
1001,9,4.8215957
1001,10,4.81264
1001,11,4.768677
1001,12,4.7719235
1002,1,4.7453895
1002,2,4.7519803
1002,3,4.795614
1002,4,4.8377814
1002,5,4.8548822
1002,6,4.8545046
1002,7,4.8297076
1002,8,4.8270473
1002,9,4.833913
1002,10,4.8157425
1002,11,4.781609
1002,12,4.75973
1003,1,4.7534103
1003,2,4.7524652
1003,3,4.826432
1003,4,4.8910832
1003,5,4.854725
1003,6,4.8595386
1003,7,4.8337636
1003,8,4.8203464
1003,9,4.833831
1003,10,4.812345
1003,11,4.8044357
1003,12,4.8002634
1004,1,4.7518725
1004,2,4.7531047
1004,3,4.7864447
1004,4,4.8535423
1004,5,4.8739624
1004,6,4.8503942
1004,7,4.8341303
1004,8,4.8206244
1004,9,4.821174
1004,10,4.82339
1004,11,4.7646985
1004,12,4.758261
1005,1,4.736444
1005,2,4.7431536
1005,3,4.8064647
1005,4,4.868652
1005,5,4.8637733
1005,6,4.8588367
1005,7,4.8226137
1005,8,4.812837
1005,9,4.823315
1005,10,4.799465
1005,11,4.7853875
1005,12,4.789567
1006,1,4.796068
1006,2,4.800977
1006,3,4.8237844
1006,4,4.902086
1006,5,4.894961
1006,6,4.8742747
1006,7,4.832507
1006,8,4.8267593
1006,9,4.8338213
1006,10,4.8100443
1006,11,4.7816787
1006,12,4.7834
1007,1,4.739857
1007,2,4.717948
1007,3,4.8014774
1007,4,4.8471966
1007,5,4.8443894
1007,6,4.8449125
1007,7,4.8294168
1007,8,4.8228397
1007,9,4.828946
1007,10,4.816098
1007,11,4.777215
1007,12,4.744793
1008,1,4.767535
1008,2,4.7466745
1008,3,4.807755
1008,4,4.8695683
1008,5,4.879491
1008,6,4.8597965
1008,7,4.8290634
1008,8,4.825656
1008,9,4.8201184
1008,10,4.8209367
1008,11,4.7587633
1008,12,4.766087
1009,1,4.872349
1009,2,4.880293
1009,3,4.8531904
1009,4,4.938385
1009,5,4.915866
1009,6,4.8834143
1009,7,4.8541555
1009,8,4.8422604
1009,9,4.8367662
1009,10,4.8315296
1009,11,4.827495
1009,12,4.8539515
1010,1,4.8220205
1010,2,4.8347716
1010,3,4.8382363
1010,4,4.925371
1010,5,4.885259
1010,6,4.8878965
1010,7,4.823029
1010,8,4.819886
1010,9,4.825398
1010,10,4.8057423
1010,11,4.785131
1010,12,4.7970486
1011,1,4.706903
1011,2,4.742926
1011,3,4.788452
1011,4,4.851732
1011,5,4.843331
1011,6,4.8379188
1011,7,4.814502
1011,8,4.801413
1011,9,4.820904
1011,10,4.7848663
1011,11,4.7650304
1011,12,4.791717
1012,1,4.7013583
1012,2,4.7326503
1012,3,4.762458
1012,4,4.8093762
1012,5,4.8287992
1012,6,4.8313694
1012,7,4.836889
1012,8,4.8205147
1012,9,4.840035
1012,10,4.8147216
1012,11,4.773644
1012,12,4.749566
1013,1,4.7718763
1013,2,4.789014
1013,3,4.819465
1013,4,4.9046874
1013,5,4.879175
1013,6,4.8673816
1013,7,4.830693
1013,8,4.8247046
1013,9,4.8261986
1013,10,4.8093157
1013,11,4.781046
1013,12,4.7730904
1014,1,4.7676544
1014,2,4.789606
1014,3,4.8274026
1014,4,4.8988705
1014,5,4.8876214
1014,6,4.8712835
1014,7,4.840162
1014,8,4.8412805
1014,9,4.8536243
1014,10,4.8155074
1014,11,4.791726
1014,12,4.7650304
1015,1,4.770646
1015,2,4.78307
1015,3,4.832552
1015,4,4.8798337
1015,5,4.8622737
1015,6,4.848121
1015,7,4.8185177
1015,8,4.8146753
1015,9,4.814185
1015,10,4.8036046
1015,11,4.772937
1015,12,4.768039
1016,1,4.7365394
1016,2,4.7426
1016,3,4.800106
1016,4,4.853948
1016,5,4.866001
1016,6,4.8637
1016,7,4.8291955
1016,8,4.8211107
1016,9,4.827674
1016,10,4.811784
1016,11,4.772643
1016,12,4.7601237
1017,1,4.847189
1017,2,4.8614717
1017,3,4.8703938
1017,4,4.9526777
1017,5,4.8973417
1017,6,4.876698
1017,7,4.8558273
1017,8,4.842273
1017,9,4.845829
1017,10,4.829661
1017,11,4.8233037
1017,12,4.838933
1018,1,4.808276
1018,2,4.805907
1018,3,4.818628
1018,4,4.8764386
1018,5,4.876306
1018,6,4.8545933
1018,7,4.8208427
1018,8,4.817241
1018,9,4.8231177
1018,10,4.798891
1018,11,4.7684045
1018,12,4.7718806
1019,1,4.779658
1019,2,4.7894716
1019,3,4.877919
1019,4,4.9129148
1019,5,4.8859644
1019,6,4.8719254
1019,7,4.838304
1019,8,4.832886
1019,9,4.8413815
1019,10,4.839152
1019,11,4.835763
1019,12,4.862828
1020,1,4.794485
1020,2,4.7696824
1020,3,4.8185573
1020,4,4.8780007
1020,5,4.8877926
1020,6,4.869783
1020,7,4.841005
1020,8,4.8312993
1020,9,4.838173
1020,10,4.813046
1020,11,4.779426
1020,12,4.765354
1021,1,4.763395
1021,2,4.7457867
1021,3,4.8134537
1021,4,4.880711
1021,5,4.87767
1021,6,4.86355
1021,7,4.832086
1021,8,4.8280115
1021,9,4.8293695
1021,10,4.811856
1021,11,4.772789
1021,12,4.7653556
1022,1,4.7048607
1022,2,4.7390256
1022,3,4.769131
1022,4,4.85048
1022,5,4.843525
1022,6,4.847989
1022,7,4.8204165
1022,8,4.814765
1022,9,4.80521
1022,10,4.7904177
1022,11,4.755501
1022,12,4.7452397
1023,1,4.7795944
1023,2,4.764245
1023,3,4.79779
1023,4,4.8560424
1023,5,4.8502455
1023,6,4.8196125
1023,7,4.791109
1023,8,4.7808146
1023,9,4.796701
1023,10,4.78748
1023,11,4.811269
1023,12,4.84486
1024,1,4.845298
1024,2,4.789319
1024,3,4.8580933
1024,4,4.898417
1024,5,4.8866997
1024,6,4.8779607
1024,7,4.823242
1024,8,4.8229628
1024,9,4.8347573
1024,10,4.812109
1024,11,4.7902627
1024,12,4.7804255
1025,1,4.7717824
1025,2,4.7404943
1025,3,4.8403172
1025,4,4.883557
1025,5,4.860618
1025,6,4.8634953
1025,7,4.8341765
1025,8,4.821841
1025,9,4.839805
1025,10,4.82734
1025,11,4.813648
1025,12,4.8033805
1026,1,4.723147
1026,2,4.73266
1026,3,4.78562
1026,4,4.843107
1026,5,4.8553
1026,6,4.854622
1026,7,4.8341813
1026,8,4.825406
1026,9,4.829036
1026,10,4.8133483
1026,11,4.7718377
1026,12,4.7506056
1027,1,4.752695
1027,2,4.7616477
1027,3,4.7838545
1027,4,4.8238187
1027,5,4.8216677
1027,6,4.8370247
1027,7,4.819503
1027,8,4.8227468
1027,9,4.8133426
1027,10,4.78543
1027,11,4.7578444
1027,12,4.714919
1028,1,4.7403245
1028,2,4.7487426
1028,3,4.7934694
1028,4,4.8438864
1028,5,4.8592134
1028,6,4.84809
1028,7,4.829783
1028,8,4.8241506
1028,9,4.835937
1028,10,4.822472
1028,11,4.783625
1028,12,4.7530284
1029,1,4.770476
1029,2,4.7462335
1029,3,4.819575
1029,4,4.8635025
1029,5,4.881406
1029,6,4.8537455
1029,7,4.827516
1029,8,4.825046
1029,9,4.818572
1029,10,4.815405
1029,11,4.7759624
1029,12,4.766571
1030,1,4.7441454
1030,2,4.7722945
1030,3,4.828909
1030,4,4.8643465
1030,5,4.871132
1030,6,4.857685
1030,7,4.8323
1030,8,4.8263803
1030,9,4.8317003
1030,10,4.8111024
1030,11,4.790436
1030,12,4.7660007
1031,1,4.7359304
1031,2,4.7395315
1031,3,4.806058
1031,4,4.847532
1031,5,4.8521166
1031,6,4.8561773
1031,7,4.8418283
1031,8,4.827899
1031,9,4.825348
1031,10,4.820864
1031,11,4.775747
1031,12,4.74391
1032,1,4.7896914
1032,2,4.785968
1032,3,4.8165493
1032,4,4.9052086
1032,5,4.8936234
1032,6,4.8748555
1032,7,4.8532457
1032,8,4.836344
1032,9,4.842203
1032,10,4.807576
1032,11,4.7893305
1032,12,4.77707
1033,1,4.753129
1033,2,4.756083
1033,3,4.834807
1033,4,4.877999
1033,5,4.8737583
1033,6,4.865169
1033,7,4.8332877
1033,8,4.8097544
1033,9,4.8403673
1033,10,4.8261757
1033,11,4.806245
1033,12,4.803164
1034,1,4.789923
1034,2,4.8044386
1034,3,4.8334217
1034,4,4.9016724
1034,5,4.885031
1034,6,4.860428
1034,7,4.8315697
1034,8,4.81992
1034,9,4.82537
1034,10,4.806546
1034,11,4.784283
1034,12,4.788762
1035,1,4.7265368
1035,2,4.7516794
1035,3,4.798257
1035,4,4.869912
1035,5,4.8499584
1035,6,4.8477426
1035,7,4.824025
1035,8,4.809322
1035,9,4.813739
1035,10,4.797802
1035,11,4.7792425
1035,12,4.7884007
1036,1,4.7065377
1036,2,4.7140255
1036,3,4.7491407
1036,4,4.8057013
1036,5,4.8206162
1036,6,4.828679
1036,7,4.8304324
1036,8,4.818808
1036,9,4.828035
1036,10,4.8073664
1036,11,4.775923
1036,12,4.73943
1037,1,4.719843
1037,2,4.738052
1037,3,4.755128
1037,4,4.839158
1037,5,4.8446636
1037,6,4.84026
1037,7,4.8324466
1037,8,4.813863
1037,9,4.838857
1037,10,4.816193
1037,11,4.791485
1037,12,4.764237
1038,1,4.757126
1038,2,4.776918
1038,3,4.7845774
1038,4,4.8802204
1038,5,4.847632
1038,6,4.8144956
1038,7,4.8058033
1038,8,4.7929716
1038,9,4.7914033
1038,10,4.779241
1038,11,4.809634
1038,12,4.842347
1039,1,4.7186604
1039,2,4.7227774
1039,3,4.8002543
1039,4,4.858586
1039,5,4.838868
1039,6,4.8475156
1039,7,4.819579
1039,8,4.807898
1039,9,4.8143716
1039,10,4.7928348
1039,11,4.7667284
1039,12,4.766759
1040,1,4.722517
1040,2,4.742226
1040,3,4.770175
1040,4,4.8285327
1040,5,4.8413906
1040,6,4.8327465
1040,7,4.8406286
1040,8,4.819855
1040,9,4.8351603
1040,10,4.820948
1040,11,4.7622237
1040,12,4.736106
1041,1,4.761357
1041,2,4.770001
1041,3,4.7875543
1041,4,4.8689985
1041,5,4.8793716
1041,6,4.8662453
1041,7,4.8302193
1041,8,4.8309402
1041,9,4.833135
1041,10,4.817187
1041,11,4.7770414
1041,12,4.7710834
1042,1,4.7742624
1042,2,4.793024
1042,3,4.84458
1042,4,4.9127455
1042,5,4.87649
1042,6,4.8603673
1042,7,4.8174314
1042,8,4.8214087
1042,9,4.8240123
1042,10,4.8027563
1042,11,4.775884
1042,12,4.7923427
1043,1,4.7861824
1043,2,4.7780547
1043,3,4.8173747
1043,4,4.8854823
1043,5,4.867776
1043,6,4.8564534
1043,7,4.820298
1043,8,4.828054
1043,9,4.8141756
1043,10,4.801703
1043,11,4.754505
1043,12,4.7559314
1044,1,4.8156343
1044,2,4.8029184
1044,3,4.846929
1044,4,4.8929324
1044,5,4.888364
1044,6,4.8708396
1044,7,4.8223734
1044,8,4.8313084
1044,9,4.8227806
1044,10,4.8231044
1044,11,4.7816057
1044,12,4.7852445
1045,1,4.772998
1045,2,4.7621155
1045,3,4.818795
1045,4,4.87773
1045,5,4.874656
1045,6,4.8617268
1045,7,4.8240237
1045,8,4.8247104
1045,9,4.822808
1045,10,4.8141346
1045,11,4.775397
1045,12,4.757608
1046,1,4.757412
1046,2,4.7631493
1046,3,4.822974
1046,4,4.889062
1046,5,4.874212
1046,6,4.851344
1046,7,4.831855
1046,8,4.826144
1046,9,4.833411
1046,10,4.8172016
1046,11,4.8312707
1046,12,4.8518267
1047,1,4.732559
1047,2,4.7425995
1047,3,4.8122087
1047,4,4.86604
1047,5,4.8743186
1047,6,4.854334
1047,7,4.8322244
1047,8,4.82013
1047,9,4.8335743
1047,10,4.8268323
1047,11,4.7883344
1047,12,4.8165293
1048,1,4.730346
1048,2,4.729091
1048,3,4.833462
1048,4,4.866211
1048,5,4.8510523
1048,6,4.859617
1048,7,4.8349333
1048,8,4.8268137
1048,9,4.8323812
1048,10,4.825795
1048,11,4.791205
1048,12,4.7925105
1049,1,4.7706
1049,2,4.7794266
1049,3,4.818998
1049,4,4.8805404
1049,5,4.88115
1049,6,4.8709426
1049,7,4.842737
1049,8,4.837483
1049,9,4.843873
1049,10,4.8123813
1049,11,4.7792106
1049,12,4.7639313
1050,1,4.796474
1050,2,4.823981
1050,3,4.833456
1050,4,4.9042788
1050,5,4.8928294
1050,6,4.886726
1050,7,4.8337464
1050,8,4.8299522
1050,9,4.8198066
1050,10,4.808313
1050,11,4.7809772
1050,12,4.7878475
1051,1,4.7867823
1051,2,4.7782145
1051,3,4.800536
1051,5,4.874782
1051,6,4.8840203
1051,7,4.8465476
1051,8,4.8336782
1051,9,4.845151
1051,10,4.8080225
1051,11,4.8072176
1051,12,4.7821684
1052,1,4.827839
1052,2,4.853894
1052,3,4.8846664
1052,4,4.912566
1052,5,4.900941
1052,6,4.8834753
1052,7,4.8686485
1052,8,4.8448744
1052,9,4.8461366
1052,10,4.8215036
1052,11,4.90745
1052,12,4.8982344
1053,1,4.7491336
1053,2,4.7552285
1053,3,4.8150425
1053,4,4.876546
1053,5,4.865212
1053,6,4.862614
1053,7,4.835123
1053,8,4.822584
1053,9,4.835954
1053,10,4.8146777
1053,11,4.815303
1053,12,4.8036604
1054,1,4.793676
1054,2,4.8117995
1054,3,4.8296356
1054,4,4.9039583
1054,5,4.86979
1054,6,4.8657527
1054,7,4.8213654
1054,8,4.819389
1054,9,4.827268
1054,10,4.803773
1054,11,4.774455
1054,12,4.792366
1055,1,4.8200245
1055,2,4.8116536
1055,3,4.8539677
1055,4,4.9416122
1055,5,4.910129
1055,6,4.8770323
1055,7,4.8513865
1055,8,4.843875
1055,9,4.8413463
1055,10,4.8253007
1055,11,4.854247
1055,12,4.880718
1056,1,4.841201
1056,2,4.8892064
1056,3,4.8737836
1056,4,4.9417887
1056,5,4.9090977
1056,6,4.8868937
1056,7,4.8529096
1056,8,4.840024
1056,9,4.8437147
1056,10,4.821191
1056,11,4.80938
1056,12,4.847754
1057,1,4.8124056
1057,2,4.806535
1057,3,4.825839
1057,4,4.9084544
1057,5,4.8932176
1057,6,4.858377
1057,7,4.8188043
1057,8,4.81872
1057,9,4.81756
1057,10,4.783594
1057,11,4.7702975
1057,12,4.784668
1058,1,4.7272124
1058,2,4.73448
1058,3,4.785694
1058,4,4.862471
1058,5,4.847629
1058,6,4.866088
1058,7,4.8203387
1058,8,4.818425
1058,9,4.8211017
1058,10,4.815305
1058,11,4.7651997
1058,12,4.7749195
1059,1,4.7557945
1059,2,4.763686
1059,3,4.8048253
1059,4,4.8656206
1059,5,4.868746
1059,6,4.859453
1059,7,4.8317966
1059,8,4.8259926
1059,9,4.8186564
1059,10,4.809635
1059,11,4.768937
1059,12,4.777723
1060,1,4.7522407
1060,2,4.7505713
1060,3,4.8290663
1060,4,4.8625126
1060,5,4.879967
1060,6,4.867292
1060,7,4.8378077
1060,8,4.828229
1060,9,4.847303
1060,10,4.808688
1060,11,4.7739534
1060,12,4.753356
1061,1,4.861843
1061,2,4.8848147
1061,3,4.8910213
1061,4,4.9510517
1061,5,4.8897204
1061,6,4.8522224
1061,7,4.828613
1061,8,4.814895
1061,9,4.807104
1061,10,4.7887797
1061,11,4.8316064
1061,12,4.8662868
1062,1,4.757788
1062,2,4.7608237
1062,3,4.8140883
1062,4,4.8810973
1062,5,4.8791094
1062,6,4.864403
1062,7,4.8268275
1062,8,4.830429
1062,9,4.830368
1062,10,4.81177
1062,11,4.7649875
1062,12,4.7630334
1063,1,4.818027
1063,2,4.8015447
1063,3,4.863039
1063,4,4.9025626
1063,5,4.8860097
1063,6,4.8796144
1063,7,4.827933
1063,8,4.825549
1063,9,4.833274
1063,10,4.8131967
1063,11,4.790836
1063,12,4.794265
1064,1,4.8796096
1064,2,4.893496
1064,3,4.8686275
1064,4,4.9398017
1064,5,4.9118595
1064,6,4.875424
1064,7,4.8475337
1064,8,4.833446
1064,9,4.842651
1064,10,4.8190074
1064,11,4.8193984
1064,12,4.848004
1065,1,4.7785225
1065,2,4.7631254
1065,3,4.8405323
1065,4,4.885676
1065,5,4.8774805
1065,6,4.8648133
1065,7,4.8411336
1065,8,4.819419
1065,9,4.840457
1065,10,4.818647
1065,11,4.822804
1065,12,4.8298564
1066,1,4.715074
1066,2,4.74999
1066,3,4.7596936
1066,4,4.831264
1066,5,4.8378325
1066,6,4.8403573
1066,7,4.8328853
1066,8,4.8184905
1066,9,4.833102
1066,10,4.8206353
1066,11,4.7877927
1066,12,4.7453866
1067,1,4.8224664
1067,2,4.785487
1067,3,4.833085
1067,4,4.894967
1067,5,4.891576
1067,6,4.870235
1067,7,4.8314657
1067,8,4.826272
1067,9,4.826266
1067,10,4.811096
1067,11,4.7827253
1067,12,4.781635
1068,1,4.8271728
1068,2,4.8365283
1068,3,4.8379984
1068,4,4.9031825
1068,5,4.8924494
1068,6,4.872131
1068,7,4.826082
1068,8,4.825533
1068,9,4.8278112
1068,10,4.815409
1068,11,4.787717
1068,12,4.801968
1069,1,4.8660526
1069,2,4.905659
1069,3,4.844381
1069,4,4.962971
1069,5,4.8789997
1069,6,4.8577065
1069,7,4.8087726
1069,8,4.8027506
1069,9,4.806503
1069,10,4.792949
1069,11,4.801828
1069,12,4.8606606
1070,1,4.7353816
1070,2,4.734732
1070,3,4.804729
1070,4,4.858468
1070,5,4.8635435
1070,6,4.8575444
1070,7,4.838063
1070,8,4.8248205
1070,9,4.827883
1070,10,4.814693
1070,11,4.7741404
1070,12,4.763207
1071,1,4.740662
1071,2,4.7736053
1071,3,4.824871
1071,4,4.8740983
1071,5,4.8717113
1071,6,4.8726277
1071,7,4.8331313
1071,8,4.82029
1071,9,4.834792
1071,10,4.8192496
1071,11,4.8114824
1071,12,4.8196263
1072,1,4.783366
1072,2,4.813466
1072,3,4.8243575
1072,4,4.8717694
1072,5,4.8966637
1072,6,4.881059
1072,7,4.8512993
1072,8,4.8387713
1072,9,4.84494
1072,10,4.8037386
1072,11,4.784055
1072,12,4.770365
1073,1,4.796494
1073,2,4.788621
1073,3,4.8415823
1073,4,4.9008894
1073,5,4.888718
1073,6,4.8486276
1073,7,4.8397336
1073,8,4.8148975
1073,9,4.8290796
1073,10,4.816399
1073,11,4.825767
1073,12,4.8511376
1074,1,4.702964
1074,2,4.734247
1074,3,4.790358
1074,4,4.8471437
1074,5,4.8388815
1074,6,4.8491673
1074,7,4.8265142
1074,8,4.81644
1074,9,4.810695
1074,10,4.796193
1074,11,4.7482185
1074,12,4.7557697
1075,1,4.7344084
1075,2,4.7468467
1075,3,4.787996
1075,4,4.850018
1075,5,4.8604784
1075,6,4.8632464
1075,7,4.8316684
1075,8,4.8302608
1075,9,4.831777
1075,10,4.82077
1075,11,4.7790284
1075,12,4.7589703
1076,1,4.763452
1076,2,4.792191
1076,3,4.852651
1076,4,4.887229
1076,5,4.870702
1076,6,4.8691497
1076,7,4.8298683
1076,8,4.820569
1076,9,4.8319817
1076,10,4.8211904
1076,11,4.792232
1076,12,4.8019133
1077,1,4.8894467
1077,2,4.879882
1077,3,4.9029655
1077,4,4.962267
1077,5,4.920131
1077,6,4.8749776
1077,7,4.8384423
1077,8,4.8281264
1077,9,4.8246226
1077,10,4.8027873
1077,11,4.8193154
1077,12,4.8747177
1078,1,4.790282
1078,2,4.7878156
1078,3,4.838045
1078,4,4.8939905
1078,5,4.888453
1078,6,4.8787503
1078,7,4.84471
1078,8,4.8369484
1078,9,4.8363953
1078,10,4.807974
1078,11,4.790781
1078,12,4.7647176
1079,1,4.7918196
1079,2,4.8123207
1079,3,4.847048
1079,4,4.882223
1079,5,4.8833375
1079,6,4.8650775
1079,7,4.828915
1079,8,4.8232446
1079,9,4.831524
1079,10,4.8164153
1079,11,4.780926
1079,12,4.79433
1080,1,4.695434
1080,2,4.7236085
1080,3,4.7397504
1080,4,4.8014917
1080,5,4.830407
1080,6,4.826783
1080,7,4.822355
1080,8,4.8268723
1080,9,4.837837
1080,10,4.8171916
1080,11,4.7851934
1080,12,4.7397127
1081,1,4.7651544
1081,2,4.784185
1081,3,4.8351197
1081,4,4.8990555
1081,5,4.8720994
1081,6,4.871495
1081,7,4.840143
1081,8,4.8243985
1081,9,4.832178
1081,10,4.8248386
1081,11,4.835251
1081,12,4.8659325
1082,1,4.81005
1082,2,4.8241134
1082,3,4.8645835
1082,4,4.9038606
1082,5,4.898354
1082,6,4.869852
1082,7,4.832487
1082,8,4.818396
1082,9,4.8276057
1082,10,4.8131638
1082,11,4.8070636
1082,12,4.810693
1083,1,4.8145313
1083,2,4.814357
1083,3,4.829469
1083,4,4.891984
1083,5,4.891644
1083,6,4.877562
1083,7,4.8417573
1083,8,4.850733
1083,9,4.8386
1083,10,4.810529
1083,11,4.789613
1083,12,4.7660894
1084,1,4.782273
1084,2,4.7865057
1084,3,4.8202586
1084,4,4.8721538
1084,5,4.8863497
1084,6,4.879956
1084,7,4.843237
1084,8,4.8350854
1084,9,4.8404393
1084,10,4.8122015
1084,11,4.779851
1084,12,4.7651157
1085,1,4.7100735
1085,2,4.7433405
1085,3,4.773279
1085,4,4.829372
1085,5,4.8449807
1085,6,4.8456244
1085,7,4.8334064
1085,8,4.8298483
1085,9,4.842376
1085,10,4.8114243
1085,11,4.7893305
1085,12,4.735506
1086,1,4.757402
1086,2,4.755945
1086,3,4.8154206
1086,4,4.871786
1086,5,4.8719034
1086,6,4.866159
1086,7,4.8293247
1086,8,4.8174763
1086,9,4.816673
1086,10,4.8129296
1086,11,4.7603455
1086,12,4.764859
1087,1,4.6963625
1087,2,4.721044
1087,3,4.761595
1087,4,4.8060203
1087,5,4.828578
1087,6,4.8365726
1087,7,4.8330445
1087,8,4.8194265
1087,9,4.8376446
1087,10,4.8166194
1087,11,4.7648296
1087,12,4.735187
1088,1,4.7731757
1088,2,4.7953286
1088,3,4.837232
1088,4,4.894007
1088,5,4.8941283
1088,6,4.871362
1088,7,4.8330626
1088,8,4.830185
1088,9,4.824585
1088,10,4.81103
1088,11,4.7823076
1088,12,4.801065
1089,1,4.756722
1089,2,4.760363
1089,3,4.8271756
1089,4,4.8667607
1089,5,4.8701525
1089,6,4.8618183
1089,7,4.830656
1089,8,4.825165
1089,9,4.827643
1089,10,4.819179
1089,11,4.76349
1089,12,4.7682023
1090,1,4.7894635
1090,2,4.8001385
1090,3,4.8258395
1090,4,4.889175
1090,5,4.88713
1090,6,4.8841805
1090,7,4.8431854
1090,8,4.832655
1090,9,4.8403344
1090,10,4.794196
1090,11,4.8054247
1090,12,4.7682877
1091,1,4.766071
1091,2,4.8431883
1091,3,4.8800745
1091,4,4.900575
1091,5,4.890528
1091,6,4.8702364
1091,7,4.8321548
1091,8,4.8247323
1091,9,4.8269863
1091,10,4.813352
1091,11,4.797255
1091,12,4.8019648
1092,1,4.723081
1092,2,4.7827744
1092,3,4.796344
1092,4,4.866202
1092,5,4.853746
1092,6,4.848164
1092,7,4.8229938
1092,8,4.8115807
1092,9,4.8105435
1092,10,4.8042707
1092,11,4.7670536
1092,12,4.7971416
1093,1,4.730504
1093,2,4.743017
1093,3,4.772516
1093,4,4.834402
1093,5,4.8545656
1093,6,4.8445525
1093,7,4.831327
1093,8,4.829924
1093,9,4.83321
1093,10,4.817804
1093,11,4.7839885
1093,12,4.744422
1094,1,4.70565
1094,2,4.730955
1094,3,4.7533336
1094,4,4.817466
1094,5,4.8284945
1094,6,4.833656
1094,7,4.8311515
1094,8,4.8198414
1094,9,4.8332615
1094,10,4.811904
1094,11,4.7822
1094,12,4.7404957
1095,1,4.760737
1095,2,4.7607737
1095,3,4.8274064
1095,4,4.8733945
1095,5,4.873837
1095,6,4.865502
1095,7,4.8273
1095,8,4.8283477
1095,9,4.8309608
1095,10,4.816016
1095,11,4.7641106
1095,12,4.7722917
1096,1,4.7857184
1096,2,4.7747183
1096,3,4.8124256
1096,4,4.890643
1096,5,4.890262
1096,6,4.8751254
1096,7,4.853987
1096,8,4.8268204
1096,9,4.844626
1096,10,4.810033
1096,11,4.7944965
1096,12,4.7613826
1097,1,4.7460814
1097,2,4.779154
1097,3,4.8052197
1097,4,4.867271
1097,5,4.883559
1097,6,4.8586097
1097,7,4.829788
1097,8,4.824757
1097,9,4.82071
1097,10,4.8158717
1097,11,4.7690115
1097,12,4.7513514
1098,1,4.732296
1098,2,4.7393274
1098,3,4.776545
1098,4,4.8432927
1098,5,4.8643775
1098,6,4.853185
1098,7,4.8340645
1098,8,4.8289905
1098,9,4.8297687
1098,10,4.813374
1098,11,4.7671165
1098,12,4.7493753
1099,1,4.717354
1099,2,4.750736
1099,3,4.7762527
1099,4,4.837035
1099,5,4.855422
1099,6,4.8501678
1099,7,4.8337054
1099,8,4.8251276
1099,9,4.8280134
1099,10,4.8145895
1099,11,4.7733674
1099,12,4.73811
1100,1,4.8191986
1100,2,4.814506
1100,3,4.849873
1100,4,4.8945866
1100,5,4.8865104
1100,6,4.8728166
1100,7,4.8229656
1100,8,4.822442
1100,9,4.8213277
1100,10,4.801565
1100,11,4.776638
1100,12,4.7830896
1101,1,4.7395153
1101,2,4.768178
1101,3,4.8278904
1101,4,4.8742256
1101,5,4.880593
1101,6,4.8605676
1101,7,4.830583
1101,8,4.826095
1101,9,4.8249135
1101,10,4.8110404
1101,11,4.775167
1101,12,4.766328
1102,1,4.753681
1102,2,4.7592254
1102,3,4.8118706
1102,4,4.878064
1102,5,4.8965344
1102,6,4.86948
1102,7,4.84937
1102,8,4.8348494
1102,9,4.8465014
1102,10,4.8240886
1102,11,4.787447
1102,12,4.7663617
1103,1,4.7441893
1103,2,4.744277
1103,3,4.7861915
1103,4,4.831655
1103,5,4.8610415
1103,6,4.8499465
1103,7,4.830313
1103,8,4.82327
1103,9,4.8284802
1103,10,4.8167405
1103,11,4.7836504
1103,12,4.752798
1104,1,4.736214
1104,2,4.743051
1104,3,4.8023357
1104,4,4.8573337
1104,5,4.876388
1104,6,4.868779
1104,7,4.835783
1104,8,4.829812
1104,9,4.8318977
1104,10,4.8157372
1104,11,4.7796903
1104,12,4.7594194
1105,1,4.7635083
1105,2,4.752727
1105,3,4.826069
1105,4,4.879951
1105,5,4.874149
1105,6,4.8656664
1105,7,4.83039
1105,8,4.8231554
1105,9,4.828378
1105,10,4.813704
1105,11,4.775132
1105,12,4.771536
1106,1,4.7990136
1106,2,4.816611
1106,3,4.850796
1106,4,4.903922
1106,5,4.8873067
1106,6,4.8618455
1106,7,4.835921
1106,8,4.8222537
1106,9,4.8333955
1106,10,4.8116417
1106,11,4.834272
1106,12,4.843447
1107,1,4.7127066
1107,2,4.728683
1107,3,4.7577
1107,4,4.828492
1107,5,4.838798
1107,6,4.8387475
1107,7,4.833929
1107,8,4.8259773
1107,9,4.8291383
1107,10,4.8118634
1107,11,4.7785134
1107,12,4.7448564
1108,1,4.7015266
1108,2,4.7243237
1108,3,4.7425365
1108,4,4.810161
1108,5,4.824994
1108,6,4.8263593
1108,7,4.8329153
1108,8,4.818262
1108,9,4.832652
1108,10,4.8085237
1108,11,4.7715745
1108,12,4.736193
1109,1,4.887057
1109,2,4.811759
1109,3,4.8559656
1109,4,4.9379454
1109,5,4.9069753
1109,6,4.8959727
1109,7,4.8622475
1109,8,4.853757
1109,9,4.842894
1109,10,4.83183
1109,11,4.8697844
1109,12,4.8783774
1110,1,4.775614
1110,2,4.764452
1110,3,4.839366
1110,4,4.8772902
1110,5,4.8766484
1110,6,4.867989
1110,7,4.829987
1110,8,4.8244205
1110,9,4.820991
1110,10,4.8112183
1110,11,4.763939
1110,12,4.773142
1111,1,4.915276
1111,2,4.9240165
1111,3,4.9146695
1111,4,5.002978
1111,5,4.935628
1111,6,4.892075
1111,7,4.8604207
1111,8,4.8562655
1111,9,4.8496366
1111,10,4.824798
1111,11,4.8337665
1111,12,4.890531
1112,1,4.7721148
1112,2,4.7789183
1112,3,4.826531
1112,4,4.8903837
1112,5,4.865819
1112,6,4.8311
1112,7,4.788294
1112,8,4.7931814
1112,9,4.795335
1112,10,4.781279
1112,11,4.8181067
1112,12,4.8341537
1113,1,4.6977
1113,2,4.7254906
1113,3,4.7485704
1113,4,4.8119626
1113,5,4.8323402
1113,6,4.83447
1113,7,4.8269715
1113,8,4.8174973
1113,9,4.8306484
1113,10,4.812937
1113,11,4.7865195
1113,12,4.7321396
1114,1,4.799354
1114,2,4.810346
1114,3,4.8473454
1114,4,4.8983235
1114,5,4.8913546
1114,6,4.857743
1114,7,4.826171
1114,8,4.8262663
1114,9,4.8237853
1114,10,4.808688
1114,11,4.777609
1114,12,4.815357
1115,1,4.722996
1115,2,4.737721
1115,3,4.769134
1115,4,4.8272247
1115,5,4.8276367
1115,6,4.838458
1115,7,4.819806
1115,8,4.824118
1115,9,4.820387
1115,10,4.7998447
1115,11,4.7726903
1115,12,4.730808
1116,1,4.796117
1116,2,4.812035
1116,3,4.842577
1116,4,4.9112782
1116,5,4.8828406
1116,6,4.8659663
1116,7,4.831602
1116,8,4.8191085
1116,9,4.825879
1116,10,4.796765
1116,11,4.782291
1116,12,4.795038
1117,1,4.748449
1117,2,4.755939
1117,3,4.792226
1117,4,4.8614426
1117,5,4.863992
1117,6,4.8624983
1117,7,4.8203073
1117,8,4.8222895
1117,9,4.824334
1117,10,4.8107314
1117,11,4.7632747
1117,12,4.7631764
1118,1,4.7643056
1118,2,4.758506
1118,3,4.819989
1118,4,4.870769
1118,5,4.883348
1118,6,4.8608937
1118,7,4.8383746
1118,8,4.8376083
1118,9,4.839688
1118,10,4.816632
1118,11,4.7892194
1118,12,4.756346
1119,1,4.6930423
1119,2,4.7173595
1119,3,4.7378435
1119,4,4.811602
1119,5,4.8281193
1119,6,4.82942
1119,7,4.819225
1119,8,4.8129935
1119,9,4.8340626
1119,10,4.8168917
1119,11,4.766489
1119,12,4.724102
1120,1,4.797015
1120,2,4.7621493
1120,3,4.849675
1120,4,4.9054418
1120,5,4.8853335
1120,6,4.872389
1120,7,4.834767
1120,8,4.8285036
1120,9,4.8458548
1120,10,4.8351436
1120,11,4.8426294
1120,12,4.854978
1121,1,4.730408
1121,2,4.738947
1121,3,4.7894106
1121,4,4.8481407
1121,5,4.8538647
1121,6,4.854428
1121,7,4.8401756
1121,8,4.820388
1121,9,4.8221135
1121,10,4.812126
1121,11,4.770677
1121,12,4.743701
1122,1,4.8159447
1122,2,4.8330617
1122,3,4.854231
1122,4,4.920121
1122,5,4.9136367
1122,6,4.8922944
1122,7,4.8572097
1122,8,4.8409786
1122,9,4.83594
1122,10,4.827705
1122,11,4.869468
1122,12,4.8691745
1123,1,4.8595715
1123,2,4.9180503
1123,3,4.856373
1123,4,4.921145
1123,5,4.9050407
1123,6,4.8908916
1123,7,4.8378086
1123,8,4.8313622
1123,9,4.836745
1123,10,4.8102217
1123,11,4.8290825
1123,12,4.867484
1124,1,4.718225
1124,2,4.7455053
1124,3,4.7726407
1124,4,4.8403916
1124,5,4.848176
1124,6,4.849105
1124,7,4.828492
1124,8,4.822027
1124,9,4.827978
1124,10,4.815297
1124,11,4.7775984
1124,12,4.7573304
1125,1,4.715314
1125,2,4.7330084
1125,3,4.814166
1125,4,4.858294
1125,5,4.8265767
1125,6,4.83033
1125,7,4.8070292
1125,8,4.795013
1125,9,4.8053503
1125,10,4.784474
1125,11,4.786745
1125,12,4.814589
1126,1,4.7605195
1126,2,4.7700405
1126,3,4.822038
1126,4,4.8795967
1126,5,4.866195
1126,6,4.8681684
1126,7,4.8303804
1126,8,4.824837
1126,9,4.8273573
1126,10,4.815591
1126,11,4.76987
1126,12,4.7651486
1127,1,4.75195
1127,2,4.767378
1127,3,4.812824
1127,4,4.8551126
1127,5,4.866347
1127,6,4.865422
1127,7,4.8384643
1127,8,4.8280644
1127,9,4.828387
1127,10,4.8197823
1127,11,4.7675934
1127,12,4.753941
1128,1,4.7969427
1128,2,4.791465
1128,3,4.845595
1128,4,4.892153
1128,5,4.8819156
1128,6,4.8600745
1128,7,4.830174
1128,8,4.828353
1128,9,4.8318934
1128,10,4.8109503
1128,11,4.783263
1128,12,4.774402
1129,1,4.7540507
1129,2,4.771523
1129,3,4.8462367
1129,4,4.8830953
1129,5,4.8643937
1129,6,4.866682
1129,7,4.8398147
1129,8,4.822518
1129,9,4.8286414
1129,10,4.828622
1129,11,4.8111405
1129,12,4.823625
1130,1,4.7593822
1130,2,4.74696
1130,3,4.815149
1130,4,4.8659925
1130,5,4.878296
1130,6,4.8717065
1130,7,4.844544
1130,8,4.83055
1130,9,4.8424406
1130,10,4.8132243
1130,11,4.780095
1130,12,4.748734
1131,1,4.7937684
1131,2,4.7710752
1131,3,4.829796
1131,4,4.890299
1131,5,4.8904643
1131,6,4.8689914
1131,7,4.8301992
1131,8,4.8289065
1131,9,4.833223
1131,10,4.815354
1131,11,4.7783017
1131,12,4.7922106
1132,1,4.727891
1132,2,4.7327485
1132,3,4.791896
1132,4,4.840705
1132,5,4.861961
1132,6,4.855233
1132,7,4.836515
1132,8,4.8273277
1132,9,4.832298
1132,10,4.8082767
1132,11,4.7677813
1132,12,4.7409534
1133,1,4.77452
1133,2,4.7702055
1133,3,4.83048
1133,4,4.880075
1133,5,4.883651
1133,6,4.870046
1133,7,4.844486
1133,8,4.8387303
1133,9,4.850514
1133,10,4.811198
1133,11,4.7856164
1133,12,4.764481
1134,1,4.8607526
1134,2,4.8426795
1134,3,4.871322
1134,4,4.94539
1134,5,4.911083
1134,6,4.8877597
1134,7,4.8475785
1134,8,4.850981
1134,9,4.8442736
1134,10,4.829352
1134,11,4.8438835
1134,12,4.864442
1135,1,4.7078133
1135,2,4.7289515
1135,3,4.7842393
1135,4,4.8347263
1135,5,4.862152
1135,6,4.8476987
1135,7,4.8337803
1135,8,4.817965
1135,9,4.8338532
1135,10,4.804019
1135,11,4.77787
1135,12,4.7479978
1136,1,4.731481
1136,2,4.754203
1136,3,4.8013325
1136,4,4.8845506
1136,5,4.8688774
1136,6,4.864037
1136,7,4.822804
1136,8,4.825564
1136,9,4.8269596
1136,10,4.807934
1136,11,4.76966
1136,12,4.8022494
1137,1,4.75377
1137,2,4.7625737
1137,3,4.8247604
1137,4,4.886028
1137,5,4.87096
1137,6,4.862431
1137,7,4.8395004
1137,8,4.8210382
1137,9,4.841125
1137,10,4.816869
1137,11,4.8051176
1137,12,4.8412213
1138,1,4.768039
1138,2,4.791239
1138,3,4.854619
1138,4,4.909167
1138,5,4.869304
1138,6,4.8865266
1138,7,4.8352566
1138,8,4.830875
1138,9,4.8356905
1138,10,4.835145
1138,11,4.84159
1138,12,4.85209
1139,1,4.747106
1139,2,4.7469535
1139,3,4.816768
1139,4,4.849918
1139,5,4.8486176
1139,6,4.8583717
1139,7,4.832482
1139,8,4.826469
1139,9,4.82529
1139,10,4.8186345
1139,11,4.7699046
1139,12,4.7604737
1140,1,4.7100253
1140,2,4.7390304
1140,3,4.7645354
1140,4,4.8213553
1140,5,4.847542
1140,6,4.8392525
1140,7,4.8362813
1140,8,4.8252964
1140,9,4.8368835
1140,10,4.8067875
1140,11,4.7626414
1140,12,4.7389956
1141,1,4.730341
1141,2,4.760903
1141,3,4.7627525
1141,4,4.8326874
1141,5,4.852419
1141,6,4.846055
1141,7,4.8276806
1141,8,4.8239326
1141,9,4.827321
1141,10,4.8171644
1141,11,4.783521
1141,12,4.752693
1142,1,4.776132
1142,2,4.781384
1142,3,4.842075
1142,4,4.8758307
1142,5,4.891356
1142,6,4.870459
1142,7,4.82831
1142,8,4.8309426
1142,9,4.823476
1142,10,4.8190947
1142,11,4.773795
1142,12,4.772874
1143,1,4.7295766
1143,2,4.7291107
1143,3,4.775241
1143,4,4.836209
1143,5,4.864363
1143,6,4.850272
1143,7,4.835579
1143,8,4.818771
1143,9,4.838223
1143,10,4.8179154
1143,11,4.772825
1143,12,4.747639
1144,1,4.8516245
1144,2,4.9056044
1144,3,4.88692
1144,4,4.9525623
1144,5,4.921762
1144,6,4.8839574
1144,7,4.8593636
1144,8,4.83731
1144,9,4.854305
1144,10,4.8250594
1144,11,4.828987
1144,12,4.857422
1145,1,4.719439
1145,2,4.759566
1145,3,4.7847586
1145,4,4.851192
1145,5,4.86375
1145,6,4.8551784
1145,7,4.8319535
1145,8,4.8216543
1145,9,4.8300333
1145,10,4.817621
1145,11,4.799828
1145,12,4.751268
1146,1,4.8257093
1146,2,4.824289
1146,3,4.8306303
1146,4,4.9180064
1146,5,4.873985
1146,6,4.8667107
1146,7,4.836572
1146,8,4.8236475
1146,9,4.825198
1146,10,4.8077526
1146,11,4.7777066
1146,12,4.778228
1147,1,4.7768636
1147,2,4.767785
1147,3,4.819358
1147,4,4.8979077
1147,5,4.9040833
1147,6,4.8709292
1147,7,4.8451085
1147,8,4.8359113
1147,9,4.8403077
1147,10,4.8106813
1147,11,4.8035665
1147,12,4.7681737
1148,1,4.7866163
1148,2,4.75463
1148,3,4.8102536
1148,4,4.870975
1148,5,4.8778625
1148,6,4.8607635
1148,7,4.829621
1148,8,4.8275795
1148,9,4.819304
1148,10,4.81464
1148,11,4.7739706
1148,12,4.7683153
1149,1,4.718613
1149,2,4.73973
1149,3,4.764606
1149,4,4.828088
1149,5,4.856328
1149,6,4.848384
1149,7,4.8395486
1149,8,4.8222055
1149,9,4.838231
1149,10,4.8082705
1149,11,4.769632
1149,12,4.7421203
1150,1,4.7687416
1150,2,4.762818
1150,3,4.830552
1150,4,4.867439
1150,5,4.8926287
1150,6,4.866324
1150,7,4.8382235
1150,8,4.834108
1150,9,4.8367887
1150,10,4.814765
1150,11,4.7747083
1150,12,4.7614307
1151,1,4.8299327
1151,2,4.841794
1151,3,4.8645663
1151,4,4.9239182
1151,5,4.9117794
1151,6,4.8825316
1151,7,4.849657
1151,8,4.849276
1151,9,4.842261
1151,10,4.838807
1151,11,4.8334537
1151,12,4.8582473
1152,1,4.741018
1152,2,4.7649693
1152,3,4.8220563
1152,4,4.8800526
1152,5,4.848132
1152,6,4.8545794
1152,7,4.823821
1152,8,4.814275
1152,9,4.832932
1152,10,4.8127146
1152,11,4.7805767
1152,12,4.793821
1153,1,4.7926426
1153,2,4.8098416
1153,3,4.839231
1153,4,4.8989096
1153,5,4.897204
1153,6,4.8669677
1153,7,4.8370247
1153,8,4.824147
1153,9,4.828263
1153,10,4.801612
1153,11,4.7846017
1153,12,4.790837
1154,1,4.8440547
1154,2,4.864331
1154,3,4.8799577
1154,4,4.946673
1154,5,4.9088607
1154,6,4.8897176
1154,7,4.848105
1154,8,4.8467646
1154,9,4.8425126
1154,10,4.820764
1154,11,4.8217053
1154,12,4.833283
1155,1,4.704241
1155,2,4.7249093
1155,3,4.7632375
1155,4,4.811645
1155,5,4.838322
1155,6,4.832379
1155,7,4.8342624
1155,8,4.8251023
1155,9,4.8387346
1155,10,4.812106
1155,11,4.7668
1155,12,4.731436
1156,1,4.7704864
1156,2,4.790253
1156,3,4.8435993
1156,4,4.875644
1156,5,4.882134
1156,6,4.8671937
1156,7,4.839278
1156,8,4.828547
1156,9,4.822873
1156,10,4.8111978
1156,11,4.774117
1156,12,4.782825
1157,1,4.7896132
1157,2,4.809347
1157,3,4.82882
1157,4,4.8937535
1157,5,4.8921924
1157,6,4.87003
1157,7,4.8264027
1157,8,4.8280134
1157,9,4.836795
1157,10,4.808592
1157,11,4.7778454
1157,12,4.7939043
1158,1,4.8753233
1158,2,4.8824973
1158,3,4.8905835
1158,4,4.956752
1158,5,4.9078875
1158,6,4.8892875
1158,7,4.858077
1158,8,4.838347
1158,9,4.8415565
1158,10,4.828752
1158,11,4.824143
1158,12,4.8746495
1159,1,4.7409387
1159,2,4.7583485
1159,3,4.7979097
1159,4,4.8534102
1159,5,4.860546
1159,6,4.8667464
1159,7,4.83445
1159,8,4.8247113
1159,9,4.8283086
1159,10,4.809617
1159,11,4.775962
1159,12,4.7559104
1160,1,4.7083654
1160,2,4.7420745
1160,3,4.7784815
1160,4,4.85595
1160,5,4.853725
1160,6,4.850994
1160,7,4.8217845
1160,8,4.8171806
1160,9,4.8081813
1160,10,4.797075
1160,11,4.7616663
1160,12,4.7542505
1161,1,4.7109547
1161,2,4.7387156
1161,3,4.7597528
1161,4,4.8332615
1161,5,4.8353295
1161,6,4.837572
1161,7,4.8346777
1161,8,4.8266773
1161,9,4.8327503
1161,10,4.8147182
1161,11,4.7770114
1161,12,4.741623
1162,1,4.8174825
1162,2,4.7920647
1162,3,4.8342953
1162,4,4.907187
1162,5,4.888943
1162,6,4.85994
1162,7,4.824348
1162,8,4.8206644
1162,9,4.81799
1162,10,4.8014336
1162,11,4.77053
1162,12,4.7809987
1163,1,4.74145
1163,2,4.7465267
1163,3,4.830818
1163,4,4.862484
1163,5,4.8677554
1163,6,4.86661
1163,7,4.8323607
1163,8,4.8209767
1163,9,4.8358297
1163,10,4.8177223
1163,11,4.80703
1163,12,4.827378
1164,1,4.765894
1164,2,4.7723002
1164,3,4.8183537
1164,4,4.8749084
1164,5,4.8742194
1164,6,4.8612385
1164,7,4.827057
1164,8,4.8233085
1164,9,4.828798
1164,10,4.811296
1164,11,4.757373
1164,12,4.763187
1165,1,4.7755504
1165,2,4.7990613
1165,3,4.8399158
1165,4,4.890656
1165,5,4.870427
1165,6,4.8724346
1165,7,4.8275895
1165,8,4.8137045
1165,9,4.832002
1165,10,4.839251
1165,11,4.834466
1165,12,4.854864
1166,1,4.7456365
1166,2,4.744725
1166,3,4.804028
1166,4,4.8701506
1166,5,4.8568716
1166,6,4.8556995
1166,7,4.832611
1166,8,4.8209605
1166,9,4.8348894
1166,10,4.8258514
1166,11,4.7912335
1166,12,4.8125024
1167,1,4.727731
1167,2,4.7309012
1167,3,4.8071523
1167,4,4.856558
1167,5,4.842722
1167,6,4.8483987
1167,7,4.816974
1167,8,4.8111835
1167,9,4.819548
1167,10,4.8018904
1167,11,4.794682
1167,12,4.7830377
1168,1,4.748174
1168,2,4.765139
1168,3,4.8183546
1168,4,4.8729725
1168,5,4.8744345
1168,6,4.8621817
1168,7,4.8332934
1168,8,4.82485
1168,9,4.8354588
1168,10,4.817688
1168,11,4.8116283
1168,12,4.8023896
1169,1,4.7709556
1169,2,4.7680736
1169,3,4.8547945
1169,4,4.881378
1169,5,4.880906
1169,6,4.86356
1169,7,4.8215346
1169,8,4.825592
1169,9,4.825912
1169,10,4.818948
1169,11,4.7758927
1169,12,4.7743645
1170,1,4.8726254
1170,2,4.812341
1170,3,4.8808875
1170,4,4.9322133
1170,5,4.919623
1170,6,4.8794703
1170,7,4.8562465
1170,8,4.8500223
1170,9,4.844888
1170,10,4.853448
1170,11,4.8759475
1170,12,4.898124
1171,1,4.7316194
1171,2,4.7233686
1171,3,4.7993946
1171,4,4.862787
1171,5,4.8512416
1171,6,4.8598876
1171,7,4.827744
1171,8,4.8147097
1171,9,4.814926
1171,10,4.819326
1171,11,4.7688384
1171,12,4.7799606
1172,1,4.7214875
1172,2,4.7396507
1172,3,4.76595
1172,4,4.8344827
1172,5,4.861227
1172,6,4.8380094
1172,7,4.830306
1172,8,4.820227
1172,9,4.8278427
1172,10,4.8127193
1172,11,4.785825
1172,12,4.74812
1173,1,4.721574
1173,2,4.7349443
1173,3,4.790189
1173,4,4.8546205
1173,5,4.872465
1173,6,4.862213
1173,7,4.8367443
1173,8,4.828098
1173,9,4.828162
1173,10,4.821659
1173,11,4.7759356
1173,12,4.762644
1174,1,4.755537
1174,2,4.7553096
1174,3,4.833965
1174,4,4.8679857
1174,5,4.880827
1174,6,4.8591776
1174,7,4.8333607
1174,8,4.8238816
1174,9,4.8189883
1174,10,4.8122478
1174,11,4.771271
1174,12,4.7635508
1175,1,4.804079
1175,2,4.8044996
1175,3,4.817663
1175,4,4.8985767
1175,5,4.889911
1175,6,4.867848
1175,7,4.833501
1175,8,4.8255057
1175,9,4.8235846
1175,10,4.81474
1175,11,4.794068
1175,12,4.7903714
1176,1,4.740225
1176,2,4.7314043
1176,3,4.795308
1176,4,4.851939
1176,5,4.8745418
1176,6,4.856855
1176,7,4.833216
1176,8,4.8230433
1176,9,4.8293967
1176,10,4.8115125
1176,11,4.776408
1176,12,4.7549787
1177,1,4.7739534
1177,2,4.743897
1177,3,4.829315
1177,4,4.8453193
1177,5,4.8739657
1177,6,4.8573246
1177,7,4.832962
1177,8,4.817903
1177,9,4.8218126
1177,10,4.8210297
1177,11,4.775797
1177,12,4.771634
1178,1,4.720321
1178,2,4.732356
1178,3,4.7921996
1178,4,4.84548
1178,5,4.849674
1178,6,4.857749
1178,7,4.8374815
1178,8,4.8205485
1178,9,4.8258486
1178,10,4.8167486
1178,11,4.769946
1178,12,4.7496786
1179,1,4.769878
1179,2,4.7616754
1179,3,4.8175564
1179,4,4.876493
1179,5,4.883095
1179,6,4.8685136
1179,7,4.844898
1179,8,4.8380475
1179,9,4.8462286
1179,10,4.810822
1179,11,4.7930913
1179,12,4.7607903
1180,1,4.8173532
1180,2,4.809514
1180,3,4.8457065
1180,4,4.9087806
1180,5,4.8821235
1180,6,4.863191
1180,7,4.821925
1180,8,4.82131
1180,9,4.8313823
1180,10,4.8027864
1180,11,4.7839675
1180,12,4.7891726
1181,1,4.725799
1181,2,4.753289
1181,3,4.816016
1181,4,4.8702645
1181,5,4.871932
1181,6,4.8587556
1181,7,4.829035
1181,8,4.8283877
1181,9,4.837321
1181,10,4.8125215
1181,11,4.7728977
1181,12,4.7648373
1182,1,4.714564
1182,2,4.7366734
1182,3,4.7573853
1182,4,4.8205075
1182,5,4.8444147
1182,6,4.83446
1182,7,4.819506
1182,8,4.8241267
1182,9,4.8336606
1182,10,4.822319
1182,11,4.7501616
1182,12,4.7433934
1183,1,4.8060355
1183,2,4.8277273
1183,3,4.8415923
1183,4,4.9002237
1183,5,4.906492
1183,6,4.8760233
1183,7,4.8324633
1183,8,4.8223433
1183,9,4.837198
1183,10,4.8122964
1183,11,4.7935634
1183,12,4.795732
1184,1,4.817773
1184,2,4.8211527
1184,3,4.829222
1184,4,4.9222784
1184,5,4.8925414
1184,6,4.866774
1184,7,4.8258696
1184,8,4.8194523
1184,9,4.8169928
1184,10,4.793645
1184,11,4.765923
1184,12,4.7954516
1185,1,4.7909718
1185,2,4.773697
1185,3,4.8098307
1185,4,4.873052
1185,5,4.8749223
1185,6,4.86164
1185,7,4.822491
1185,8,4.8224735
1185,9,4.8112426
1185,10,4.798528
1185,11,4.755658
1185,12,4.7473083
1186,1,4.7450433
1186,2,4.7603164
1186,3,4.782505
1186,4,4.8509817
1186,5,4.8782463
1186,6,4.84445
1186,7,4.8345194
1186,8,4.8192477
1186,9,4.823488
1186,10,4.8095603
1186,11,4.795755
1186,12,4.754541
1187,1,4.8266783
1187,2,4.862171
1187,3,4.873822
1187,4,4.9310355
1187,5,4.908248
1187,6,4.8853936
1187,7,4.8571424
1187,8,4.8530235
1187,9,4.8467574
1187,10,4.831714
1187,11,4.862121
1187,12,4.88338
1188,1,4.731184
1188,2,4.7379227
1188,3,4.795774
1188,4,4.8386645
1188,5,4.850334
1188,6,4.8425894
1188,7,4.841039
1188,8,4.8222914
1188,9,4.8348684
1188,10,4.8177886
1188,11,4.7831907
1188,12,4.7352595
1189,1,4.764878
1189,2,4.789151
1189,3,4.8196464
1189,4,4.8726034
1189,5,4.881021
1189,6,4.8679767
1189,7,4.8269143
1189,8,4.8254943
1189,9,4.818382
1189,10,4.8126564
1189,11,4.764135
1189,12,4.783245
1190,1,4.7053432
1190,2,4.7317524
1190,3,4.7602644
1190,4,4.820259
1190,5,4.814313
1190,6,4.8339767
1190,7,4.836463
1190,8,4.823828
1190,9,4.8339596
1190,10,4.821623
1190,11,4.8002872
1190,12,4.73094
1191,1,4.829194
1191,2,4.8379793
1191,3,4.842975
1191,4,4.920437
1191,5,4.89731
1191,6,4.869551
1191,7,4.8267555
1191,8,4.8260875
1191,9,4.823995
1191,10,4.806924
1191,11,4.7735224
1191,12,4.8036904
1192,1,4.733516
1192,2,4.751196
1192,3,4.8031445
1192,4,4.8614225
1192,5,4.8714414
1192,6,4.859672
1192,7,4.8297486
1192,8,4.828315
1192,9,4.825134
1192,10,4.8212996
1192,11,4.775483
1192,12,4.7532115
1193,1,4.7458773
1193,2,4.777626
1193,3,4.8442016
1193,4,4.903445
1193,5,4.8828754
1193,6,4.8738317
1193,7,4.8259535
1193,8,4.808558
1193,9,4.830171
1193,10,4.8198123
1193,11,4.8225336
1193,12,4.8263965
1194,1,4.814514
1194,2,4.804781
1194,3,4.8351936
1194,4,4.9247575
1194,5,4.8909655
1194,6,4.8644495
1194,7,4.832019
1194,8,4.835132
1194,9,4.8336773
1194,10,4.8189034
1194,11,4.8499455
1194,12,4.8526583
1195,1,4.798279
1195,2,4.785689
1195,3,4.824855
1195,4,4.878872
1195,5,4.877879
1195,6,4.879744
1195,7,4.8345942
1195,8,4.8348737
1195,9,4.8379164
1195,10,4.810195
1195,11,4.7889175
1195,12,4.7686687
1196,1,4.734979
1196,2,4.775917
1196,3,4.8334703
1196,4,4.888768
1196,5,4.869343
1196,6,4.8696723
1196,7,4.8317327
1196,8,4.823391
1196,9,4.8377175
1196,10,4.8219585
1196,11,4.818807
1196,12,4.82531
1197,1,4.837821
1197,2,4.7834806
1197,3,4.866754
1197,4,4.910428
1197,5,4.8926544
1197,6,4.880348
1197,7,4.8324757
1197,8,4.827279
1197,9,4.834374
1197,10,4.8017507
1197,11,4.7809
1197,12,4.7887297
1198,1,4.860594
1198,2,4.8448763
1198,3,4.865956
1198,4,4.932923
1198,5,4.8970985
1198,6,4.8865376
1198,7,4.8481536
1198,8,4.841962
1198,9,4.844157
1198,10,4.822816
1198,11,4.826604
1198,12,4.8571644
1199,1,4.8600025
1199,2,4.8842206
1199,3,4.875581
1199,4,4.9337783
1199,5,4.8916974
1199,6,4.8359103
1199,7,4.8112483
1199,8,4.795174
1199,9,4.7933927
1199,10,4.7734184
1199,11,4.772664
1199,12,4.8398027
1200,1,4.8181825
1200,2,4.8205113
1200,3,4.854746
1200,4,4.933643
1200,5,4.90452
1200,6,4.873595
1200,7,4.858435
1200,8,4.846654
1200,9,4.835749
1200,10,4.834697
1200,11,4.8590474
1200,12,4.874145
1201,1,4.7412877
1201,2,4.7602096
1201,3,4.8052483
1201,4,4.8669653
1201,5,4.869672
1201,6,4.8612485
1201,7,4.829896
1201,8,4.823885
1201,9,4.8265796
1201,10,4.8131447
1201,11,4.77538
1201,12,4.768757
1202,1,4.753546
1202,2,4.7580433
1202,3,4.8248906
1202,4,4.895499
1202,5,4.870828
1202,6,4.8653655
1202,7,4.8259106
1202,8,4.812844
1202,9,4.8322062
1202,10,4.829277
1202,11,4.8243756
1202,12,4.82642
1203,1,4.8029366
1203,2,4.7909355
1203,3,4.8097515
1203,4,4.8839893
1203,5,4.8927155
1203,6,4.879955
1203,7,4.842639
1203,8,4.836117
1203,9,4.837682
1203,10,4.8075013
1203,11,4.786386
1203,12,4.7639537
1204,1,4.7715845
1204,2,4.8229566
1204,3,4.8449774
1204,4,4.9055567
1204,5,4.89515
1204,6,4.8636255
1204,7,4.820089
1204,8,4.826506
1204,9,4.839109
1204,10,4.825823
1204,11,4.8310843
1204,12,4.8605604
1205,1,4.7241697
1205,2,4.7415757
1205,3,4.7817154
1205,4,4.8554506
1205,5,4.849232
1205,6,4.844633
1205,7,4.8218584
1205,8,4.8114223
1205,9,4.8092127
1205,10,4.7973895
1205,11,4.763996
1205,12,4.78332
1206,1,4.7521367
1206,2,4.7530327
1206,3,4.7850504
1206,4,4.8459845
1206,5,4.883738
1206,6,4.8571754
1206,7,4.8355217
1206,8,4.824144
1206,9,4.824877
1206,10,4.817675
1206,11,4.7655516
1206,12,4.7485185
1207,1,4.9046106
1207,2,4.8902636
1207,3,4.9015956
1207,4,4.971449
1207,5,4.9041615
1207,6,4.861945
1207,7,4.827458
1207,8,4.8196054
1207,9,4.813295
1207,10,4.803199
1207,11,4.829114
1207,12,4.8878956
1208,1,4.8297133
1208,2,4.882219
1208,3,4.843278
1208,4,4.9378095
1208,5,4.88785
1208,6,4.8667088
1208,7,4.8446016
1208,8,4.833032
1208,9,4.8344088
1208,10,4.8170333
1208,11,4.82701
1208,12,4.8205404
1209,1,4.7914996
1209,2,4.795032
1209,3,4.810252
1209,4,4.885049
1209,5,4.876477
1209,6,4.8672953
1209,7,4.8303323
1209,8,4.823433
1209,9,4.8291936
1209,10,4.8192744
1209,11,4.783078
1209,12,4.787039
1210,1,4.75835
1210,2,4.7668085
1210,3,4.823565
1210,4,4.855657
1210,5,4.8823333
1210,6,4.8539863
1210,7,4.8358135
1210,8,4.82234
1210,9,4.830398
1210,10,4.8160653
1210,11,4.7756515
1210,12,4.7679586
1211,1,4.7261343
1211,2,4.7541475
1211,3,4.7531505
1211,4,4.8296213
1211,5,4.85183
1211,6,4.840982
1211,7,4.832673
1211,8,4.8224993
1211,9,4.8310075
1211,10,4.814834
1211,11,4.77537
1211,12,4.7514224
1212,1,4.805634
1212,2,4.8100424
1212,3,4.8235435
1212,4,4.9050746
1212,5,4.889568
1212,6,4.8849306
1212,7,4.8512683
1212,8,4.8263197
1212,9,4.840415
1212,10,4.802228
1212,11,4.795404
1212,12,4.776448
1213,1,4.7282295
1213,2,4.734872
1213,3,4.788062
1213,4,4.836265
1213,5,4.852947
1213,6,4.8572483
1213,7,4.835008
1213,8,4.8264174
1213,9,4.8233185
1213,10,4.8124623
1213,11,4.7597837
1213,12,4.745
1214,1,4.792789
1214,2,4.7955394
1214,3,4.811257
1214,4,4.8987393
1214,5,4.88968
1214,6,4.878098
1214,7,4.832282
1214,8,4.825001
1214,9,4.838427
1214,10,4.82123
1214,11,4.822263
1214,12,4.8498316
1215,1,4.734336
1215,2,4.7379646
1215,3,4.772414
1215,4,4.829748
1215,5,4.8479614
1215,6,4.8477736
1215,7,4.8386936
1215,8,4.8288174
1215,9,4.822934
1215,10,4.8121963
1215,11,4.7856255
1215,12,4.7370524
1216,1,4.747711
1216,2,4.774209
1216,3,4.8035517
1216,4,4.9073567
1216,5,4.864749
1216,6,4.842311
1216,7,4.80262
1216,8,4.796221
1216,9,4.800745
1216,10,4.788704
1216,11,4.824688
1216,12,4.836513
1217,1,4.8692713
1217,2,4.899563
1217,3,4.876964
1217,4,4.956702
1217,5,4.907827
1217,6,4.8858476
1217,7,4.8602204
1217,8,4.8465652
1217,9,4.8358436
1217,10,4.825677
1217,11,4.8265824
1217,12,4.8558044
1218,1,4.738633
1218,2,4.734335
1218,3,4.794365
1218,4,4.845279
1218,5,4.870586
1218,6,4.8512926
1218,7,4.8382607
1218,8,4.8232737
1218,9,4.8256207
1218,10,4.8200045
1218,11,4.7752028
1218,12,4.7624674
1219,1,4.712071
1219,2,4.76516
1219,3,4.7619267
1219,4,4.8486204
1219,5,4.819366
1219,6,4.817077
1219,7,4.796274
1219,8,4.778177
1219,9,4.7963963
1219,10,4.769548
1219,11,4.7775636
1219,12,4.7650423
1220,1,4.764331
1220,2,4.7493486
1220,3,4.815518
1220,4,4.863786
1220,5,4.8718567
1220,6,4.8563375
1220,7,4.827128
1220,8,4.823504
1220,9,4.825182
1220,10,4.812314
1220,11,4.769898
1220,12,4.774012
1221,1,4.813211
1221,2,4.826869
1221,3,4.840775
1221,4,4.9192705
1221,5,4.8810744
1221,6,4.8693695
1221,7,4.818596
1221,8,4.8243947
1221,9,4.820203
1221,10,4.7976313
1221,11,4.7762275
1221,12,4.8004556
1222,1,4.756366
1222,2,4.7698407
1222,3,4.8363414
1222,4,4.903286
1222,5,4.8902817
1222,6,4.894691
1222,7,4.837401
1222,8,4.8179483
1222,9,4.835755
1222,10,4.830054
1222,11,4.8212104
1222,12,4.83125
1223,1,4.7880483
1223,2,4.7774873
1223,3,4.824846
1223,4,4.8751326
1223,5,4.868812
1223,6,4.8809257
1223,7,4.840162
1223,8,4.838206
1223,9,4.842878
1223,10,4.804714
1223,11,4.7918606
1223,12,4.763387
1224,1,4.74557
1224,2,4.758009
1224,3,4.77598
1224,4,4.830088
1224,5,4.8306956
1224,6,4.8353925
1224,7,4.821968
1224,8,4.8279867
1224,9,4.815982
1224,10,4.7888856
1224,11,4.764966
1224,12,4.7230477
1225,1,4.842746
1225,2,4.8376336
1225,3,4.8347354
1225,4,4.924963
1225,5,4.8780327
1225,6,4.868251
1225,7,4.829594
1225,8,4.8263083
1225,9,4.818675
1225,10,4.7970104
1225,11,4.77457
1225,12,4.7985497
1226,1,4.744757
1226,2,4.742635
1226,3,4.7768974
1226,4,4.85406
1226,5,4.8725095
1226,6,4.848223
1226,7,4.840484
1226,8,4.830316
1226,9,4.8304653
1226,10,4.812263
1226,11,4.7495885
1226,12,4.7551947
1227,1,4.719906
1227,2,4.734042
1227,3,4.752414
1227,4,4.820956
1227,5,4.8373413
1227,6,4.832269
1227,7,4.830931
1227,8,4.822784
1227,9,4.832866
1227,10,4.818316
1227,11,4.7682953
1227,12,4.7252984
1228,1,4.8257446
1228,2,4.8072233
1228,3,4.8543506
1228,4,4.9083705
1228,5,4.883962
1228,6,4.874809
1228,7,4.8241024
1228,8,4.82651
1228,9,4.8234577
1228,10,4.8066235
1228,11,4.7803802
1228,12,4.8151526
1229,1,4.76881
1229,2,4.779595
1229,3,4.833861
1229,4,4.900059
1229,5,4.875552
1229,6,4.866815
1229,7,4.83989
1229,8,4.823121
1229,9,4.839022
1229,10,4.8201227
1229,11,4.832829
1229,12,4.8157487
1230,1,4.7658105
1230,2,4.76644
1230,3,4.8169813
1230,4,4.879435
1230,5,4.8555655
1230,6,4.8536153
1230,7,4.8194914
1230,8,4.814388
1230,9,4.811062
1230,10,4.8059025
1230,11,4.7847834
1230,12,4.7871776
1231,1,4.799944
1231,2,4.804166
1231,3,4.856398
1231,4,4.896548
1231,5,4.8947563
1231,6,4.879424
1231,7,4.834936
1231,8,4.823355
1231,9,4.82407
1231,10,4.8091226
1231,11,4.7848554
1231,12,4.801012
1232,1,4.866208
1232,2,4.922551
1232,3,4.866273
1232,4,4.9585643
1232,5,4.8660336
1232,6,4.828067
1232,7,4.8140783
1232,8,4.7976203
1232,9,4.805793
1232,10,4.7870703
1232,11,4.802941
1232,12,4.85141
1233,1,4.6998796
1233,2,4.7224317
1233,3,4.741304
1233,4,4.8057613
1233,5,4.827591
1233,6,4.829401
1233,7,4.8248525
1233,8,4.820035
1233,9,4.8325176
1233,10,4.812708
1233,11,4.773887
1233,12,4.7349353
1234,1,4.7665105
1234,2,4.7920084
1234,3,4.85529
1234,4,4.8836226
1234,5,4.868008
1234,6,4.8612914
1234,7,4.8331814
1234,8,4.831495
1234,9,4.837897
1234,10,4.8208947
1234,11,4.839561
1234,12,4.829405
1235,1,4.7063823
1235,2,4.7264094
1235,3,4.750532
1235,4,4.820048
1235,5,4.8368707
1235,6,4.837176
1235,7,4.8321066
1235,8,4.8221507
1235,9,4.8294578
1235,10,4.8086796
1235,11,4.765289
1235,12,4.737102
1236,1,4.7595954
1236,2,4.7878466
1236,3,4.8019776
1236,4,4.9005685
1236,5,4.867879
1236,6,4.873732
1236,7,4.8300714
1236,8,4.8181357
1236,9,4.8368115
1236,10,4.8309517
1236,11,4.8295445
1236,12,4.84136
1237,1,4.7658653
1237,2,4.7498097
1237,3,4.81813
1237,4,4.8789353
1237,5,4.87795
1237,6,4.8622513
1237,7,4.8286953
1237,8,4.82059
1237,9,4.819582
1237,10,4.8102555
1237,11,4.772152
1237,12,4.754984
1238,1,4.788284
1238,2,4.7690644
1238,3,4.8196826
1238,4,4.876768
1238,5,4.8607116
1238,6,4.8202925
1238,7,4.803073
1238,8,4.7932
1238,9,4.8036995
1238,10,4.7905555
1238,11,4.8112826
1238,12,4.850065
1239,1,4.8412046
1239,2,4.8288946
1239,3,4.853624
1239,4,4.9144936
1239,5,4.885375
1239,6,4.8695254
1239,7,4.8339434
1239,8,4.8216662
1239,9,4.8246636
1239,10,4.811468
1239,11,4.8096123
1239,12,4.8065343
1240,1,4.7719035
1240,2,4.750636
1240,3,4.805449
1240,4,4.8544345
1240,5,4.880699
1240,6,4.8671727
1240,7,4.838264
1240,8,4.833399
1240,9,4.8503423
1240,10,4.8226967
1240,11,4.7952
1240,12,4.7734866
1241,1,4.699907
1241,2,4.7238526
1241,3,4.741825
1241,4,4.801053
1241,5,4.828982
1241,6,4.8351817
1241,7,4.82886
1241,8,4.823603
1241,9,4.8345027
1241,10,4.819153
1241,11,4.7770853
1241,12,4.7390723
1242,1,4.8075976
1242,2,4.7871356
1242,3,4.8280587
1242,4,4.9024386
1242,5,4.8935966
1242,6,4.86372
1242,7,4.835204
1242,8,4.832406
1242,9,4.8271084
1242,10,4.809039
1242,11,4.7830276
1242,12,4.7827964
1243,1,4.79632
1243,2,4.786273
1243,3,4.8337903
1243,4,4.8960037
1243,5,4.8811836
1243,6,4.8694587
1243,7,4.833028
1243,8,4.81889
1243,9,4.8245616
1243,10,4.816659
1243,11,4.818797
1243,12,4.831744
1244,1,4.7893467
1244,2,4.790254
1244,3,4.838159
1244,4,4.9099913
1244,5,4.881627
1244,6,4.8663726
1244,7,4.833466
1244,8,4.838415
1244,9,4.829814
1244,10,4.8289523
1244,11,4.8396125
1244,12,4.8434653
1245,1,4.7908063
1245,2,4.801934
1245,3,4.811957
1245,4,4.870344
1245,5,4.8840976
1245,6,4.865364
1245,7,4.8364773
1245,8,4.8237658
1245,9,4.82527
1245,10,4.810131
1245,11,4.775722
1245,12,4.7542796
1246,1,4.7548547
1246,2,4.7507668
1246,3,4.791606
1246,4,4.8609314
1246,5,4.872257
1246,6,4.8672333
1246,7,4.828142
1246,8,4.830424
1246,9,4.821204
1246,10,4.8116527
1246,11,4.7742677
1246,12,4.748858
1247,1,4.771653
1247,2,4.757352
1247,3,4.8472333
1247,4,4.8821898
1247,5,4.87868
1247,6,4.8695364
1247,7,4.8291063
1247,8,4.826619
1247,9,4.8247695
1247,10,4.8118253
1247,11,4.7728167
1247,12,4.7703648
1248,1,4.789007
1248,2,4.8064127
1248,3,4.8487315
1248,4,4.911999
1248,5,4.887528
1248,6,4.854417
1248,7,4.8360205
1248,8,4.832349
1248,9,4.83446
1248,10,4.817823
1248,11,4.8484993
1248,12,4.863368
1249,1,4.8843346
1249,2,4.9274535
1249,3,4.875584
1249,4,4.9595404
1249,5,4.88932
1249,6,4.848892
1249,7,4.8221292
1249,8,4.8087635
1249,9,4.801768
1249,10,4.7768426
1249,11,4.7902007
1249,12,4.8502965
1250,1,4.843644
1250,2,4.8887873
1250,3,4.864587
1250,4,4.9447937
1250,5,4.8979597
1250,6,4.875586
1250,7,4.8427196
1250,8,4.831661
1250,9,4.824488
1250,10,4.808174
1250,11,4.8291135
1250,12,4.856379
1251,1,4.7456603
1251,2,4.743891
1251,3,4.802361
1251,4,4.844843
1251,5,4.869524
1251,6,4.8445144
1251,7,4.8327723
1251,8,4.821344
1251,9,4.834341
1251,10,4.814262
1251,11,4.7828164
1251,12,4.7436404
1252,1,4.7179728
1252,2,4.7313676
1252,3,4.7685513
1252,4,4.8293543
1252,5,4.83941
1252,6,4.8381977
1252,7,4.8257957
1252,8,4.822589
1252,9,4.8355055
1252,10,4.814154
1252,11,4.7734013
1252,12,4.7467923
1253,1,4.714458
1253,2,4.7478766
1253,3,4.7812233
1253,4,4.8265457
1253,5,4.8626556
1253,6,4.8391533
1253,7,4.8317323
1253,8,4.8287053
1253,9,4.8312435
1253,10,4.821855
1253,11,4.787408
1253,12,4.7394447
1254,1,4.780539
1254,2,4.784357
1254,3,4.81561
1254,4,4.888628
1254,5,4.884666
1254,6,4.873437
1254,7,4.8402886
1254,8,4.838143
1254,9,4.839987
1254,10,4.8150063
1254,11,4.79434
1254,12,4.7615256
1255,1,4.834789
1255,2,4.791284
1255,3,4.850259
1255,4,4.901277
1255,5,4.8816504
1255,6,4.863765
1255,7,4.8347135
1255,8,4.827194
1255,9,4.8184905
1255,10,4.7995243
1255,11,4.7759976
1255,12,4.7930536
1256,1,4.8276596
1256,2,4.807632
1256,3,4.8540072
1256,4,4.9313803
1256,5,4.8932395
1256,6,4.865458
1256,7,4.8461914
1256,8,4.838504
1256,9,4.8386536
1256,10,4.8340173
1256,11,4.854051
1256,12,4.8728104
1257,1,4.8226414
1257,2,4.8255377
1257,3,4.850717
1257,4,4.9138575
1257,5,4.8768363
1257,6,4.866934
1257,7,4.8227763
1257,8,4.8271127
1257,9,4.8219767
1257,10,4.785901
1257,11,4.7730637
1257,12,4.800281
1258,1,4.735307
1258,2,4.7382073
1258,3,4.787054
1258,4,4.8466325
1258,5,4.863795
1258,6,4.843912
1258,7,4.825794
1258,8,4.823506
1258,9,4.830343
1258,10,4.8178945
1258,11,4.779741
1258,12,4.7559767
1259,1,4.748152
1259,2,4.745052
1259,3,4.845941
1259,4,4.8773694
1259,5,4.8701715
1259,6,4.8717604
1259,7,4.837334
1259,8,4.8282123
1259,9,4.833877
1259,10,4.8216023
1259,11,4.799825
1259,12,4.806054
1260,1,4.780834
1260,2,4.7831964
1260,3,4.854928
1260,4,4.907174
1260,5,4.8818336
1260,6,4.8390656
1260,7,4.812641
1260,8,4.8016605
1260,9,4.812601
1260,10,4.7960987
1260,11,4.826542
1260,12,4.849133
1261,1,4.7501674
1261,2,4.740961
1261,3,4.8054543
1261,4,4.849801
1261,5,4.8762145
1261,6,4.853408
1261,7,4.831871
1261,8,4.821987
1261,9,4.833128
1261,10,4.8221116
1261,11,4.7744255
1261,12,4.742897
1262,1,4.7046943
1262,2,4.729842
1262,3,4.7485847
1262,4,4.8211575
1262,5,4.839315
1262,6,4.8342366
1262,7,4.828852
1262,8,4.8262053
1262,9,4.835556
1262,10,4.817211
1262,11,4.7847376
1262,12,4.732618
1263,1,4.8026075
1263,2,4.830876
1263,3,4.846871
1263,4,4.937144
1263,5,4.9043074
1263,6,4.8760943
1263,7,4.8428
1263,8,4.824157
1263,9,4.8380165
1263,10,4.8345823
1263,11,4.876925
1263,12,4.86812
1264,1,4.711448
1264,2,4.727882
1264,3,4.753531
1264,4,4.816575
1264,5,4.835265
1264,6,4.8379817
1264,7,4.829409
1264,8,4.8155284
1264,9,4.8353653
1264,10,4.8230257
1264,11,4.778564
1264,12,4.738548
1265,1,4.7119994
1265,2,4.7407784
1265,3,4.7547727
1265,4,4.8221664
1265,5,4.8265905
1265,6,4.8349986
1265,7,4.82706
1265,8,4.822359
1265,9,4.835943
1265,10,4.824994
1265,11,4.779797
1265,12,4.7399287
1266,1,4.7511477
1266,2,4.756618
1266,3,4.8205085
1266,4,4.8829703
1266,5,4.8701253
1266,6,4.860832
1266,7,4.8292556
1266,8,4.824353
1266,9,4.8416805
1266,10,4.825452
1266,11,4.805631
1266,12,4.812898
1267,1,4.792762
1267,2,4.7916117
1267,3,4.8240952
1267,4,4.9417357
1267,5,4.8851695
1267,6,4.8579903
1267,7,4.826703
1267,8,4.8151865
1267,9,4.8250065
1267,10,4.8022304
1267,11,4.8493648
1267,12,4.8411856
1268,1,4.7518163
1268,2,4.7707458
1268,3,4.8088827
1268,4,4.8824797
1268,5,4.862554
1268,6,4.8708262
1268,7,4.8280067
1268,8,4.812518
1268,9,4.828854
1268,10,4.822127
1268,11,4.8140492
1268,12,4.8070593
1269,1,4.761899
1269,2,4.7784433
1269,3,4.8149137
1269,4,4.875501
1269,5,4.880881
1269,6,4.86854
1269,7,4.830273
1269,8,4.829659
1269,9,4.822838
1269,10,4.8169656
1269,11,4.7720494
1269,12,4.7668557
1270,1,4.741233
1270,2,4.7397857
1270,3,4.7983136
1270,4,4.843353
1270,5,4.8670945
1270,6,4.8620276
1270,7,4.836237
1270,8,4.8259754
1270,9,4.823793
1270,10,4.81649
1270,11,4.7740674
1270,12,4.7533
1271,1,4.8480353
1271,2,4.844657
1271,3,4.8602104
1271,4,4.9305315
1271,5,4.8980517
1271,6,4.8748574
1271,7,4.850197
1271,8,4.829333
1271,9,4.8407373
1271,10,4.8228464
1271,11,4.8359313
1271,12,4.8202777
1272,1,4.7895594
1272,2,4.75599
1272,3,4.8229704
1272,4,4.896385
1272,5,4.885996
1272,6,4.8730845
1272,7,4.8247
1272,8,4.8301816
1272,9,4.8275614
1272,10,4.8094053
1272,11,4.7832093
1272,12,4.804536
1273,1,4.8705225
1273,2,4.91656
1273,3,4.8899026
1273,4,4.947265
1273,5,4.9179473
1273,6,4.890604
1273,7,4.860107
1273,8,4.847587
1273,9,4.8394194
1273,10,4.82732
1273,11,4.833031
1273,12,4.868898
1274,1,4.775506
1274,2,4.7688565
1274,3,4.810619
1274,4,4.879123
1274,5,4.8893857
1274,6,4.868655
1274,7,4.8352966
1274,8,4.83341
1274,9,4.843659
1274,10,4.812693
1274,11,4.774026
1274,12,4.765198
1275,1,4.8323126
1275,2,4.816511
1275,3,4.8355393
1275,4,4.9186745
1275,5,4.896223
1275,6,4.8604035
1275,7,4.8241854
1275,8,4.8195653
1275,9,4.8217425
1275,10,4.7970047
1275,11,4.772581
1275,12,4.8009834
1276,1,4.7728763
1276,2,4.745782
1276,3,4.812328
1276,4,4.856379
1276,5,4.867058
1276,6,4.863998
1276,7,4.836161
1276,8,4.8122215
1276,9,4.8236504
1276,10,4.8081985
1276,11,4.7616267
1276,12,4.750134
1277,1,4.7492685
1277,2,4.734193
1277,3,4.8045306
1277,4,4.8483415
1277,5,4.868161
1277,6,4.8633003
1277,7,4.8355994
1277,8,4.8225126
1277,9,4.8291154
1277,10,4.816792
1277,11,4.770799
1277,12,4.7569156
1278,1,4.709609
1278,2,4.7392106
1278,3,4.7862444
1278,4,4.830911
1278,5,4.8361726
1278,6,4.835702
1278,7,4.8385262
1278,8,4.823425
1278,9,4.840471
1278,10,4.812149
1278,11,4.7867985
1278,12,4.7318006
1279,1,4.7077236
1279,2,4.7353888
1279,3,4.7625165
1279,4,4.827186
1279,5,4.8402033
1279,6,4.829465
1279,7,4.833688
1279,8,4.8237453
1279,9,4.828613
1279,10,4.8176064
1279,11,4.7740483
1279,12,4.7436104
1280,1,4.710263
1280,2,4.7375646
1280,3,4.749187
1280,4,4.825295
1280,5,4.8561096
1280,6,4.8405385
1280,7,4.8279166
1280,8,4.823424
1280,9,4.834663
1280,10,4.7988424
1280,11,4.780011
1280,12,4.7465935
1281,1,4.742568
1281,2,4.7479115
1281,3,4.790832
1281,4,4.86147
1281,5,4.8617077
1281,6,4.859237
1281,7,4.832542
1281,8,4.8238206
1281,9,4.8268213
1281,10,4.8156867
1281,11,4.7747016
1281,12,4.759448
1282,1,4.8087873
1282,2,4.827843
1282,3,4.8554883
1282,4,4.920602
1282,5,4.9061246
1282,6,4.873818
1282,7,4.824194
1282,8,4.8193073
1282,9,4.8190517
1282,10,4.7968917
1282,11,4.785577
1282,12,4.7881317
1283,1,4.7779
1283,2,4.8013706
1283,3,4.8044124
1283,4,4.919963
1283,5,4.8956175
1283,6,4.8638306
1283,7,4.8484554
1283,8,4.8376017
1283,9,4.843557
1283,10,4.827501
1283,11,4.8546996
1283,12,4.8654895
1284,1,4.6976433
1284,2,4.7313266
1284,3,4.7509065
1284,4,4.8046293
1284,5,4.82686
1284,6,4.824489
1284,7,4.827471
1284,8,4.824346
1284,9,4.8374057
1284,10,4.8235784
1284,11,4.783078
1284,12,4.7318745
1285,1,4.7387047
1285,2,4.7406735
1285,3,4.810776
1285,4,4.8752704
1285,5,4.874434
1285,6,4.8657427
1285,7,4.831889
1285,8,4.820537
1285,9,4.83549
1285,10,4.81438
1285,11,4.810378
1285,12,4.813427
1286,1,4.7440476
1286,2,4.758197
1286,3,4.7775707
1286,4,4.8495364
1286,5,4.876218
1286,6,4.8508215
1286,7,4.830923
1286,8,4.8262434
1286,9,4.8428035
1286,10,4.818064
1286,11,4.7812877
1286,12,4.7579236
1287,1,4.7470813
1287,2,4.7572775
1287,3,4.7867384
1287,4,4.8261285
1287,5,4.824833
1287,6,4.8332677
1287,7,4.8160806
1287,8,4.823229
1287,9,4.8123407
1287,10,4.7832704
1287,11,4.7623653
1287,12,4.7213483
1288,1,4.7583365
1288,2,4.82075
1288,3,4.837313
1288,4,4.9192805
1288,5,4.8638077
1288,6,4.8464375
1288,7,4.8088384
1288,8,4.8187337
1288,9,4.811052
1288,10,4.7831335
1288,11,4.7672544
1288,12,4.777916
1289,1,4.7705007
1289,2,4.788561
1289,3,4.7985306
1289,4,4.8811607
1289,5,4.8498745
1289,6,4.8161077
1289,7,4.7961946
1289,8,4.7862816
1289,9,4.7917624
1289,10,4.7752447
1289,11,4.7919445
1289,12,4.8377824
1290,1,4.808151
1290,2,4.807507
1290,3,4.8319774
1290,4,4.892339
1290,5,4.879177
1290,6,4.8694563
1290,7,4.831058
1290,8,4.830932
1290,9,4.82756
1290,10,4.8147078
1290,11,4.794672
1290,12,4.783296
1291,1,4.7208486
1291,2,4.734401
1291,3,4.750645
1291,4,4.8245764
1291,5,4.8413873
1291,6,4.8367515
1291,7,4.8376703
1291,8,4.8220897
1291,9,4.840629
1291,10,4.807435
1291,11,4.772796
1291,12,4.7462716
1292,1,4.7157755
1292,2,4.737947
1292,3,4.760146
1292,4,4.8287573
1292,5,4.848054
1292,6,4.8467474
1292,7,4.8306236
1292,8,4.8177958
1292,9,4.838312
1292,10,4.8116674
1292,11,4.7936954
1292,12,4.7406406
1293,1,4.845704
1293,2,4.822079
1293,3,4.8569374
1293,4,4.9338675
1293,5,4.909706
1293,6,4.871777
1293,7,4.855464
1293,8,4.8434553
1293,9,4.8436117
1293,10,4.8297286
1293,11,4.854856
1293,12,4.894959
1294,1,4.779412
1294,2,4.7662387
1294,3,4.837973
1294,4,4.8873405
1294,5,4.88035
1294,6,4.860899
1294,7,4.8307304
1294,8,4.82615
1294,9,4.824047
1294,10,4.8124604
1294,11,4.777368
1294,12,4.783791
1295,1,4.7757597
1295,2,4.7703395
1295,3,4.800576
1295,4,4.8947783
1295,5,4.877541
1295,6,4.8715754
1295,7,4.838917
1295,8,4.8375697
1295,9,4.8496222
1295,10,4.8000345
1295,11,4.796753
1295,12,4.7690806
1296,1,4.883932
1296,2,4.8659935
1296,3,4.8653564
1296,4,4.92454
1296,5,4.8759365
1296,6,4.8206954
1296,7,4.7987456
1296,8,4.7996225
1296,9,4.795261
1296,10,4.7894573
1296,11,4.788501
1296,12,4.8633676
1297,1,4.819659
1297,2,4.8461113
1297,3,4.8582735
1297,4,4.9130464
1297,5,4.9050226
1297,6,4.872592
1297,7,4.848719
1297,8,4.8443894
1297,9,4.846709
1297,10,4.846051
1297,11,4.8652015
1297,12,4.8808684
1298,1,4.723677
1298,2,4.7505403
1298,3,4.794592
1298,4,4.844586
1298,5,4.86396
1298,6,4.859767
1298,7,4.8300133
1298,8,4.8296294
1298,9,4.8208685
1298,10,4.8115416
1298,11,4.770307
1298,12,4.749935
1299,1,4.7073474
1299,2,4.7256103
1299,3,4.754358
1299,4,4.818109
1299,5,4.82539
1299,6,4.8311777
1299,7,4.8329287
1299,8,4.8252726
1299,9,4.831277
1299,10,4.818818
1299,11,4.7906704
1299,12,4.731774
1300,1,4.7653646
1300,2,4.784628
1300,3,4.8242803
1300,4,4.8925934
1300,5,4.872515
1300,6,4.8603706
1300,7,4.8389015
1300,8,4.823695
1300,9,4.8354273
1300,10,4.8227196
1300,11,4.8226333
1300,12,4.8287935
1301,1,4.7670913
1301,2,4.7523313
1301,3,4.8110557
1301,4,4.870666
1301,5,4.8702593
1301,6,4.8707294
1301,7,4.8298607
1301,8,4.815662
1301,9,4.834859
1301,10,4.8189335
1301,11,4.810468
1301,12,4.794441
1302,1,4.725064
1302,2,4.729354
1302,3,4.786219
1302,4,4.847794
1302,5,4.854737
1302,6,4.8516374
1302,7,4.839033
1302,8,4.823185
1302,9,4.82301
1302,10,4.810757
1302,11,4.766185
1302,12,4.750827
1303,1,4.735863
1303,2,4.764553
1303,3,4.827391
1303,4,4.871861
1303,5,4.870134
1303,6,4.8625655
1303,7,4.8317957
1303,8,4.8228254
1303,9,4.8295283
1303,10,4.8124228
1303,11,4.7783394
1303,12,4.792692
1304,1,4.7960396
1304,2,4.823767
1304,3,4.843884
1304,4,4.8993683
1304,5,4.886047
1304,6,4.8742585
1304,7,4.828739
1304,8,4.8239665
1304,9,4.8220305
1304,10,4.796078
1304,11,4.7787876
1304,12,4.7912135
1305,1,4.8172183
1305,2,4.7755833
1305,3,4.8197923
1305,4,4.879874
1305,5,4.8788147
1305,6,4.8634996
1305,7,4.8229694
1305,8,4.8179936
1305,9,4.812212
1305,10,4.797433
1305,11,4.7794967
1305,12,4.777132
1306,1,4.760112
1306,2,4.7574124
1306,3,4.7866693
1306,4,4.8742595
1306,5,4.858132
1306,6,4.857296
1306,7,4.827184
1306,8,4.8236837
1306,9,4.8245435
1306,10,4.8177056
1306,11,4.7758923
1306,12,4.773869
1307,1,4.7656035
1307,2,4.7452803
1307,3,4.8333397
1307,4,4.895616
1307,5,4.870296
1307,6,4.86139
1307,7,4.833602
1307,8,4.8280497
1307,9,4.8379054
1307,10,4.8294687
1307,11,4.827751
1307,12,4.8329945
1308,1,4.7162375
1308,2,4.7459984
1308,3,4.773568
1308,4,4.83431
1308,5,4.847343
1308,6,4.84423
1308,7,4.830189
1308,8,4.8164725
1308,9,4.8315015
1308,10,4.817757
1308,11,4.773387
1308,12,4.7439685
1309,1,4.767776
1309,2,4.766646
1309,3,4.816274
1309,4,4.889695
1309,5,4.840341
1309,6,4.866569
1309,7,4.8392296
1309,8,4.8255496
1309,9,4.8425446
1309,10,4.8211207
1309,11,4.822038
1309,12,4.81291
1310,1,4.7716403
1310,2,4.763217
1310,3,4.809709
1310,4,4.8679266
1310,5,4.8818445
1310,6,4.8598986
1310,7,4.8411903
1310,8,4.8336153
1310,9,4.8457613
1310,10,4.822411
1310,11,4.78097
1310,12,4.754616
1311,1,4.7239733
1311,2,4.765449
1311,3,4.784618
1311,4,4.880686
1311,5,4.8676095
1311,6,4.8568954
1311,7,4.8293767
1311,8,4.819094
1311,9,4.825394
1311,10,4.8090034
1311,11,4.787613
1311,12,4.820574
1312,1,4.7192645
1312,2,4.728321
1312,3,4.788033
1312,4,4.8480577
1312,5,4.8303022
1312,6,4.8419566
1312,7,4.8159647
1312,8,4.8041625
1312,9,4.803831
1312,10,4.784306
1312,11,4.7699304
1312,12,4.7737246
1313,1,4.8008833
1313,2,4.8086143
1313,3,4.8550415
1313,4,4.9128814
1313,5,4.8838015
1313,6,4.8648896
1313,7,4.8262906
1313,8,4.8255625
1313,9,4.825957
1313,10,4.7940273
1313,11,4.774559
1313,12,4.8012867
1314,1,4.7366962
1314,2,4.739412
1314,3,4.769206
1314,4,4.8362474
1314,5,4.872169
1314,6,4.851847
1314,7,4.844959
1314,8,4.8259687
1314,9,4.842118
1314,10,4.814239
1314,11,4.7726383
1314,12,4.763886
1315,1,4.781583
1315,2,4.7705646
1315,3,4.8102593
1315,4,4.881042
1315,5,4.8931394
1315,6,4.8715487
1315,7,4.842253
1315,8,4.8373184
1315,9,4.841376
1315,10,4.8118663
1315,11,4.7869263
1315,12,4.7659326
1316,1,4.74886
1316,2,4.7465086
1316,3,4.786893
1316,4,4.8426614
1316,5,4.8700333
1316,6,4.8476033
1316,7,4.835647
1316,8,4.824066
1316,9,4.836549
1316,10,4.815916
1316,11,4.770351
1316,12,4.7671156
1317,1,4.806846
1317,2,4.8433747
1317,3,4.8585215
1317,4,4.9262805
1317,5,4.893469
1317,6,4.8561425
1317,7,4.847088
1317,8,4.8259706
1317,9,4.83876
1317,10,4.8296795
1317,11,4.8377967
1317,12,4.8491154
1318,1,4.8195944
1318,2,4.830134
1318,3,4.8801646
1318,4,4.932205
1318,5,4.9250164
1318,6,4.8685737
1318,7,4.8510365
1318,8,4.8428226
1318,9,4.8401356
1318,10,4.836381
1318,11,4.8349676
1318,12,4.874541
1319,1,4.7616963
1319,2,4.7806845
1319,3,4.815012
1319,4,4.8847833
1319,5,4.8656616
1319,6,4.8717856
1319,7,4.8339148
1319,8,4.829888
1319,9,4.8337326
1319,10,4.8205395
1319,11,4.823026
1319,12,4.8291397
1320,1,4.72985
1320,2,4.7481914
1320,3,4.792811
1320,4,4.8544936
1320,5,4.853775
1320,6,4.8508725
1320,7,4.835983
1320,8,4.8327255
1320,9,4.8296885
1320,10,4.8182015
1320,11,4.7705116
1320,12,4.7534704
1321,1,4.718739
1321,2,4.7318525
1321,3,4.787789
1321,4,4.8350487
1321,5,4.8547344
1321,6,4.8438067
1321,7,4.8234663
1321,8,4.8125396
1321,9,4.827542
1321,10,4.8148484
1321,11,4.7809005
1321,12,4.745297
1322,1,4.775209
1322,2,4.778101
1322,3,4.77081
1322,4,4.8834653
1322,5,4.884576
1322,6,4.881568
1322,7,4.8381248
1322,8,4.8304677
1322,9,4.8447847
1322,10,4.805178
1322,11,4.774247
1322,12,4.7670226
1323,1,4.7511854
1323,2,4.768316
1323,3,4.7931423
1323,4,4.8610535
1323,5,4.8724513
1323,6,4.8705072
1323,7,4.8339834
1323,8,4.829616
1323,9,4.8179893
1323,10,4.8159595
1323,11,4.774097
1323,12,4.7607074
1324,1,4.780938
1324,2,4.7781277
1324,3,4.818389
1324,4,4.8840556
1324,5,4.8860817
1324,6,4.871518
1324,7,4.8293552
1324,8,4.8231153
1324,9,4.8247614
1324,10,4.8104753
1324,11,4.785865
1324,12,4.7810464
1325,1,4.8258963
1325,2,4.822314
1325,3,4.8572965
1325,4,4.9347057
1325,5,4.8908143
1325,6,4.884928
1325,7,4.8536415
1325,8,4.841274
1325,9,4.835736
1325,10,4.8201723
1325,11,4.8154335
1325,12,4.8335752
1326,1,4.77663
1326,2,4.8031673
1326,3,4.8393145
1326,4,4.90088
1326,5,4.884717
1326,6,4.8671904
1326,7,4.826875
1326,8,4.821678
1326,9,4.8400726
1326,10,4.8250833
1326,11,4.845132
1326,12,4.844623
1327,1,4.708551
1327,2,4.7381625
1327,3,4.7583866
1327,4,4.8196893
1327,5,4.8257966
1327,6,4.8298936
1327,7,4.8308315
1327,8,4.8230305
1327,9,4.838012
1327,10,4.8088765
1327,11,4.774408
1327,12,4.7267237
1328,1,4.831103
1328,2,4.840804
1328,3,4.8298965
1328,4,4.910279
1328,5,4.8939166
1328,6,4.879629
1328,7,4.8358145
1328,8,4.8261156
1328,9,4.8241315
1328,10,4.8125896
1328,11,4.7975183
1328,12,4.805371
1329,1,4.717102
1329,2,4.7210684
1329,3,4.7521996
1329,4,4.8162417
1329,5,4.8374667
1329,6,4.8360295
1329,7,4.831274
1329,8,4.826768
1329,9,4.8317704
1329,10,4.8156466
1329,11,4.785313
1329,12,4.7359705
1330,1,4.7714643
1330,2,4.7662835
1330,3,4.830101
1330,4,4.9029036
1330,5,4.8722434
1330,6,4.8601503
1330,7,4.8354135
1330,8,4.8122387
1330,9,4.836848
1330,10,4.8212857
1330,11,4.8156033
1330,12,4.827143
1331,1,4.7141275
1331,2,4.7377267
1331,3,4.789214
1331,4,4.85909
1331,5,4.842228
1331,6,4.858534
1331,7,4.8220572
1331,8,4.813741
1331,9,4.8072777
1331,10,4.810715
1331,11,4.7828856
1331,12,4.7879977
1332,1,4.8106365
1332,2,4.792513
1332,3,4.8476973
1332,4,4.923116
1332,5,4.8703628
1332,6,4.8649135
1332,7,4.8214674
1332,8,4.8183036
1332,9,4.8241997
1332,10,4.8028774
1332,11,4.780321
1332,12,4.7946625
1333,1,4.77368
1333,2,4.757058
1333,3,4.8386345
1333,4,4.898957
1333,5,4.878655
1333,6,4.861204
1333,7,4.8289266
1333,8,4.819265
1333,9,4.8348713
1333,10,4.824948
1333,11,4.8183236
1333,12,4.8186665
1334,1,4.7025166
1334,2,4.721108
1334,3,4.753173
1334,4,4.820625
1334,5,4.8372116
1334,6,4.8373203
1334,7,4.831423
1334,8,4.8286505
1334,9,4.841507
1334,10,4.8149056
1334,11,4.775621
1334,12,4.739679
1335,1,4.7150545
1335,2,4.730283
1335,3,4.766666
1335,4,4.8342457
1335,5,4.855573
1335,6,4.8404627
1335,7,4.830539
1335,8,4.8230357
1335,9,4.8328695
1335,10,4.8114214
1335,11,4.7647376
1335,12,4.746002
1336,1,4.7896867
1336,2,4.7977686
1336,3,4.8398824
1336,4,4.9177623
1336,5,4.892803
1336,6,4.874378
1336,7,4.8217745
1336,8,4.8269715
1336,9,4.8212414
1336,10,4.7983637
1336,11,4.781571
1336,12,4.7874947
1337,1,4.777916
1337,2,4.7945013
1337,3,4.81613
1337,4,4.906661
1337,5,4.8847384
1337,6,4.873227
1337,7,4.8305016
1337,8,4.8266387
1337,9,4.836841
1337,10,4.8269386
1337,11,4.828813
1337,12,4.8572373
1338,1,4.8287773
1338,2,4.844109
1338,3,4.8605433
1338,4,4.930456
1338,5,4.8968678
1338,6,4.8727546
1338,7,4.839322
1338,8,4.834616
1338,9,4.839478
1338,10,4.815968
1338,11,4.8311667
1338,12,4.83176
1339,1,4.723769
1339,2,4.733051
1339,3,4.7993093
1339,4,4.84272
1339,5,4.863805
1339,6,4.8545327
1339,7,4.8351803
1339,8,4.823997
1339,9,4.830042
1339,10,4.811859
1339,11,4.7812505
1339,12,4.753777
1340,1,4.771326
1340,2,4.7547507
1340,3,4.81075
1340,4,4.8668914
1340,5,4.866131
1340,6,4.8599434
1340,7,4.83993
1340,8,4.828269
1340,9,4.8180466
1340,10,4.819684
1340,11,4.7683372
1340,12,4.7759542
1341,1,4.75222
1341,2,4.752905
1341,3,4.7946405
1341,4,4.8559394
1341,5,4.8587027
1341,6,4.859221
1341,7,4.832422
1341,8,4.824998
1341,9,4.8324337
1341,10,4.81665
1341,11,4.77594
1341,12,4.759229
1342,1,4.7636204
1342,2,4.760762
1342,3,4.825704
1342,4,4.8599806
1342,5,4.88152
1342,6,4.8672357
1342,7,4.8397346
1342,8,4.8369412
1342,9,4.8361955
1342,10,4.8109293
1342,11,4.781015
1342,12,4.759824
1343,1,4.734992
1343,2,4.7463903
1343,3,4.8104243
1343,4,4.8546624
1343,5,4.8729835
1343,6,4.867835
1343,7,4.834056
1343,8,4.828787
1343,9,4.828504
1343,10,4.814105
1343,11,4.7792044
1343,12,4.7472744
1344,1,4.70798
1344,2,4.728016
1344,3,4.7673388
1344,4,4.8211613
1344,5,4.8332434
1344,6,4.8394265
1344,7,4.8341107
1344,8,4.8219175
1344,9,4.837092
1344,10,4.8189425
1344,11,4.7726474
1344,12,4.7430763
1345,1,4.7158628
1345,2,4.729434
1345,3,4.7685986
1345,4,4.841057
1345,5,4.8624988
1345,6,4.8364253
1345,7,4.8340693
1345,8,4.81916
1345,9,4.828474
1345,10,4.8170295
1345,11,4.7846694
1345,12,4.745148
1346,1,4.7257023
1346,2,4.7550125
1346,3,4.7781005
1346,4,4.8622303
1346,5,4.8497314
1346,6,4.856527
1346,7,4.8292513
1346,8,4.8196797
1346,9,4.820662
1346,10,4.80215
1346,11,4.761414
1346,12,4.766707
1347,1,4.7361
1347,2,4.7779737
1347,3,4.811593
1347,4,4.8699718
1347,5,4.874702
1347,6,4.86813
1347,7,4.8343344
1347,8,4.8310246
1347,9,4.8250155
1347,10,4.8229194
1347,11,4.7759733
1347,12,4.76687
1348,1,4.7398524
1348,2,4.7514834
1348,3,4.8166075
1348,4,4.858433
1348,5,4.870965
1348,6,4.8717313
1348,7,4.834277
1348,8,4.8193417
1348,9,4.829591
1348,10,4.8191257
1348,11,4.7812514
1348,12,4.752343
1349,1,4.763045
1349,2,4.791791
1349,3,4.835854
1349,4,4.8886304
1349,5,4.882748
1349,6,4.8473744
1349,7,4.832003
1349,8,4.827151
1349,9,4.8393326
1349,10,4.8349466
1349,11,4.8330984
1349,12,4.8487186
1350,1,4.744365
1350,2,4.7508955
1350,3,4.782543
1350,4,4.8406544
1350,5,4.843057
1350,6,4.8412766
1350,7,4.8325105
1350,8,4.825338
1350,9,4.8417187
1350,10,4.8188095
1350,11,4.7885785
1350,12,4.7525716
1351,1,4.8104687
1351,2,4.8391743
1351,3,4.8458624
1351,4,4.924125
1351,5,4.8812914
1351,6,4.86488
1351,7,4.8422375
1351,8,4.8396187
1351,9,4.8419785
1351,10,4.826706
1351,11,4.8836703
1351,12,4.8705816
1352,1,4.8407946
1352,2,4.930288
1352,3,4.868719
1352,4,4.963594
1352,5,4.8918743
1352,6,4.846741
1352,7,4.8077674
1352,8,4.796613
1352,9,4.791426
1352,10,4.791083
1352,11,4.8125873
1352,12,4.872357
1353,1,4.7326775
1353,2,4.7226496
1353,3,4.789413
1353,4,4.864272
1353,5,4.857017
1353,6,4.860047
1353,7,4.827649
1353,8,4.818776
1353,9,4.8185706
1353,10,4.818551
1353,11,4.7764053
1353,12,4.7790613
1354,1,4.7586436
1354,2,4.7591944
1354,3,4.823808
1354,4,4.8801603
1354,5,4.861585
1354,6,4.8720765
1354,7,4.826124
1354,8,4.819461
1354,9,4.834274
1354,10,4.8139396
1354,11,4.806166
1354,12,4.8165765
1355,1,4.822441
1355,2,4.7891707
1355,3,4.8580737
1355,4,4.9135537
1355,5,4.883351
1355,6,4.869758
1355,7,4.832098
1355,8,4.826364
1355,9,4.8302217
1355,10,4.807529
1355,11,4.775941
1355,12,4.798478
1356,1,4.7834415
1356,2,4.773871
1356,3,4.7999315
1356,4,4.8689733
1356,5,4.8934784
1356,6,4.870389
1356,7,4.8453774
1356,8,4.831892
1356,9,4.8476334
1356,10,4.8137126
1356,11,4.7864013
1356,12,4.7583265
1357,1,4.8912277
1357,2,4.934288
1357,3,4.8811665
1357,4,4.90399
1357,5,4.901226
1357,6,4.8620853
1357,7,4.803046
1357,8,4.8054323
1357,9,4.804806
1357,10,4.7861204
1357,11,4.807712
1357,12,4.8494153
1358,1,4.746254
1358,2,4.74789
1358,3,4.784578
1358,4,4.824066
1358,5,4.838701
1358,6,4.840212
1358,7,4.8236747
1358,8,4.826542
1358,9,4.8149815
1358,10,4.7930512
1358,11,4.7629933
1358,12,4.730088
1359,1,4.719704
1359,2,4.744813
1359,3,4.778463
1359,4,4.835063
1359,5,4.8479433
1359,6,4.8421626
1359,7,4.8291874
1359,8,4.8197894
1359,9,4.8351216
1359,10,4.8201118
1359,11,4.782479
1359,12,4.749735
1360,1,4.7084785
1360,2,4.704807
1360,3,4.765461
1360,4,4.8321915
1360,5,4.8173237
1360,6,4.818854
1360,7,4.779229
1360,8,4.7808537
1360,9,4.770234
1360,10,4.763075
1360,11,4.791054
1360,12,4.7620273
1361,1,4.723683
1361,2,4.7425485
1361,3,4.7847934
1361,4,4.8426895
1361,5,4.8672814
1361,6,4.850974
1361,7,4.8270016
1361,8,4.8191986
1361,9,4.8353295
1361,10,4.821007
1361,11,4.758128
1361,12,4.7619624
1362,1,4.73478
1362,2,4.7701535
1362,3,4.838044
1362,4,4.8744535
1362,5,4.8500695
1362,6,4.854789
1362,7,4.824264
1362,8,4.8076925
1362,9,4.8192177
1362,10,4.80103
1362,11,4.7895417
1362,12,4.802738
1363,1,4.7331285
1363,2,4.737531
1363,3,4.79929
1363,4,4.8482423
1363,5,4.8809667
1363,6,4.8463426
1363,7,4.8298087
1363,8,4.8292813
1363,9,4.83015
1363,10,4.8056293
1363,11,4.7775755
1363,12,4.7557883
1364,1,4.765588
1364,2,4.7517214
1364,3,4.8240075
1364,4,4.8659925
1364,5,4.8774614
1364,6,4.870724
1364,7,4.8308125
1364,8,4.828738
1364,9,4.817666
1364,10,4.816142
1364,11,4.779683
1364,12,4.7650294
1365,1,4.7313585
1365,2,4.7498684
1365,3,4.8205166
1365,4,4.87616
1365,5,4.880736
1365,6,4.8630695
1365,7,4.8359046
1365,8,4.821454
1365,9,4.8428187
1365,10,4.82549
1365,11,4.799279
1365,12,4.8061175
1366,1,4.8775563
1366,2,4.888068
1366,3,4.87739
1366,4,4.937931
1366,5,4.8953876
1366,6,4.841946
1366,7,4.815975
1366,8,4.800876
1366,9,4.8063254
1366,10,4.788454
1366,11,4.825737
1366,12,4.857624
1367,1,4.777715
1367,2,4.780414
1367,3,4.8153634
1367,4,4.875414
1367,5,4.878449
1367,6,4.8597617
1367,7,4.828915
1367,8,4.833447
1367,9,4.823277
1367,10,4.811155
1367,11,4.7723207
1367,12,4.76447
1368,1,4.7871056
1368,2,4.78579
1368,3,4.804304
1368,4,4.879491
1368,5,4.873481
1368,6,4.873348
1368,7,4.8416724
1368,8,4.8370004
1368,9,4.842233
1368,10,4.806013
1368,11,4.788448
1368,12,4.7587457
1369,1,4.7290316
1369,2,4.7540274
1369,3,4.7783113
1369,4,4.829277
1369,5,4.86196
1369,6,4.8503532
1369,7,4.831707
1369,8,4.8201632
1369,9,4.831401
1369,10,4.8148217
1369,11,4.7832026
1369,12,4.7555847
1370,1,4.720341
1370,2,4.7380943
1370,3,4.772115
1370,4,4.831444
1370,5,4.8340044
1370,6,4.8439584
1370,7,4.8244915
1370,8,4.8226857
1370,9,4.8313556
1370,10,4.81683
1370,11,4.777813
1370,12,4.7272935
1371,1,4.710029
1371,2,4.725129
1371,3,4.749713
1371,4,4.8025303
1371,5,4.8186016
1371,6,4.827366
1371,7,4.824824
1371,8,4.8230143
1371,9,4.836125
1371,10,4.812622
1371,11,4.7668085
1371,12,4.7336464
1372,1,4.815756
1372,2,4.798458
1372,3,4.8183923
1372,4,4.881501
1372,5,4.8735642
1372,6,4.8337584
1372,7,4.805043
1372,8,4.7917233
1372,9,4.806902
1372,10,4.7861547
1372,11,4.832757
1372,12,4.850274
1373,1,4.7390356
1373,2,4.754037
1373,3,4.8285155
1373,4,4.8794045
1373,5,4.8578987
1373,6,4.863066
1373,7,4.8349733
1373,8,4.8148427
1373,9,4.8309965
1373,10,4.821223
1373,11,4.7970214
1373,12,4.7889485
1374,1,4.763827
1374,2,4.7667217
1374,3,4.8120866
1374,4,4.865304
1374,5,4.888764
1374,6,4.865388
1374,7,4.8434105
1374,8,4.8385262
1374,9,4.8487015
1374,10,4.811294
1374,11,4.792889
1374,12,4.7580404
1375,1,4.7097063
1375,2,4.73006
1375,3,4.7504845
1375,4,4.820515
1375,5,4.8308325
1375,6,4.8308063
1375,7,4.8298106
1375,8,4.817405
1375,9,4.83039
1375,10,4.8186693
1375,11,4.770793
1375,12,4.7291455
1376,1,4.7400985
1376,2,4.7501397
1376,3,4.8128595
1376,4,4.869777
1376,5,4.8599625
1376,6,4.852617
1376,7,4.824384
1376,8,4.819644
1376,9,4.8266816
1376,10,4.812906
1376,11,4.772633
1376,12,4.7740483
1377,1,4.7546897
1377,2,4.7561045
1377,3,4.8278775
1377,4,4.8759894
1377,5,4.8817644
1377,6,4.859024
1377,7,4.8263836
1377,8,4.8284426
1377,9,4.82654
1377,10,4.81359
1377,11,4.7724004
1377,12,4.7658825
1378,1,4.7761507
1378,2,4.749147
1378,3,4.790176
1378,4,4.865511
1378,5,4.8873777
1378,6,4.8706365
1378,7,4.8402176
1378,8,4.839785
1378,9,4.84023
1378,10,4.8031516
1378,11,4.7733035
1378,12,4.757822
1379,1,4.839071
1379,2,4.8178163
1379,3,4.842596
1379,4,4.9248285
1379,5,4.8958244
1379,6,4.8776097
1379,7,4.8310823
1379,8,4.8208957
1379,9,4.838422
1379,10,4.8089867
1379,11,4.7929926
1379,12,4.8005896
1380,1,4.8913593
1380,2,4.9077687
1380,3,4.8562202
1380,4,4.933863
1380,5,4.8980517
1380,6,4.869905
1380,7,4.8429356
1380,8,4.82624
1380,9,4.816398
1380,10,4.7940216
1380,11,4.8232636
1380,12,4.850296
1381,1,4.737685
1381,2,4.745414
1381,3,4.7903724
1381,4,4.844168
1381,5,4.8590484
1381,6,4.8447895
1381,7,4.8377914
1381,8,4.828205
1381,9,4.839996
1381,10,4.8119836
1381,11,4.768426
1381,12,4.7517676
1382,1,4.8264685
1382,2,4.810265
1382,3,4.881985
1382,4,4.923205
1382,5,4.900168
1382,6,4.8862853
1382,7,4.8558273
1382,8,4.840412
1382,9,4.8384986
1382,10,4.8279724
1382,11,4.8592153
1382,12,4.8695083
1383,1,4.712478
1383,2,4.724275
1383,3,4.792634
1383,4,4.8476686
1383,5,4.845634
1383,6,4.8542285
1383,7,4.827317
1383,8,4.8094134
1383,9,4.8204145
1383,10,4.7947416
1383,11,4.7565126
1383,12,4.760835
1384,1,4.7736816
1384,2,4.7722845
1384,3,4.8194346
1384,4,4.8801804
1384,5,4.8771033
1384,6,4.868466
1384,7,4.8254933
1384,8,4.8252926
1384,9,4.825435
1384,10,4.8171697
1384,11,4.768779
1384,12,4.781153
1385,1,4.729136
1385,2,4.758759
1385,3,4.7912736
1385,4,4.839146
1385,5,4.86504
1385,6,4.847182
1385,7,4.829024
1385,8,4.819392
1385,9,4.8319554
1385,10,4.8108745
1385,11,4.763183
1385,12,4.7458982
1386,1,4.7930355
1386,2,4.8008537
1386,3,4.8457994
1386,4,4.9124956
1386,5,4.8955164
1386,6,4.8518357
1386,7,4.827148
1386,8,4.8237343
1386,9,4.8263497
1386,10,4.818128
1386,11,4.8496733
1386,12,4.872262
1387,1,4.8532534
1387,2,4.8326488
1387,3,4.856564
1387,4,4.9316163
1387,5,4.9148407
1387,6,4.8736916
1387,7,4.8532295
1387,8,4.8569584
1387,9,4.846769
1387,10,4.8361382
1387,11,4.865429
1387,12,4.887464
1388,1,4.725581
1388,2,4.7514663
1388,3,4.779034
1388,4,4.830949
1388,5,4.852318
1388,6,4.8453364
1388,7,4.8364253
1388,8,4.820603
1388,9,4.8248186
1388,10,4.8097076
1388,11,4.787668
1388,12,4.758869
1389,1,4.7044215
1389,2,4.738811
1389,3,4.7496743
1389,4,4.828428
1389,5,4.847879
1389,6,4.8365126
1389,7,4.8347535
1389,8,4.8215714
1389,9,4.8312216
1389,10,4.80756
1389,11,4.783644
1389,12,4.7394958
1390,1,4.7000575
1390,2,4.73744
1390,3,4.75907
1390,4,4.8106794
1390,5,4.8316746
1390,6,4.8287168
1390,7,4.8320174
1390,8,4.81802
1390,9,4.8308244
1390,10,4.8192277
1390,11,4.797043
1390,12,4.739553
1391,1,4.7405357
1391,2,4.743331
1391,3,4.770265
1391,4,4.8300257
1391,5,4.853807
1391,6,4.836318
1391,7,4.8109508
1391,8,4.825436
1391,9,4.8224516
1391,10,4.8012004
1391,11,4.7701015
1391,12,4.72506
1392,1,4.787538
1392,2,4.7803187
1392,3,4.832041
1392,4,4.8902283
1392,5,4.871834
1392,6,4.8684616
1392,7,4.8268375
1392,8,4.8277745
1392,9,4.824586
1392,10,4.814489
1392,11,4.7853627
1392,12,4.784887
1393,1,4.7805862
1393,2,4.7931895
1393,3,4.8170567
1393,4,4.881698
1393,5,4.898383
1393,6,4.8776135
1393,7,4.845591
1393,8,4.84148
1393,9,4.8502445
1393,10,4.8134475
1393,11,4.786003
1393,12,4.7617173
1394,1,4.7886577
1394,2,4.773854
1394,3,4.8464274
1394,4,4.8701696
1394,5,4.882089
1394,6,4.8698688
1394,7,4.8386273
1394,8,4.831251
1394,9,4.843079
1394,10,4.8095756
1394,11,4.7928863
1394,12,4.772842
1395,1,4.7232227
1395,2,4.734741
1395,3,4.757869
1395,4,4.831871
1395,5,4.8592496
1395,6,4.839584
1395,7,4.828486
1395,8,4.821765
1395,9,4.830135
1395,10,4.8150663
1395,11,4.771723
1395,12,4.7461104
1396,1,4.7112913
1396,2,4.7414823
1396,3,4.796895
1396,4,4.8623557
1396,5,4.850959
1396,6,4.841216
1396,7,4.8212924
1396,8,4.808221
1396,9,4.8130994
1396,10,4.792498
1396,11,4.7810946
1396,12,4.793596
1397,1,4.7779326
1397,2,4.832978
1397,3,4.8246913
1397,4,4.8997955
1397,5,4.88207
1397,6,4.8639135
1397,7,4.8310013
1397,8,4.8343573
1397,9,4.8278623
1397,10,4.8156123
1397,11,4.7878065
1397,12,4.790628
1398,1,4.817122
1398,2,4.825211
1398,3,4.8606505
1398,4,4.926158
1398,5,4.9122114
1398,6,4.8722315
1398,7,4.8411164
1398,8,4.843742
1398,9,4.8389764
1398,10,4.8233676
1398,11,4.851759
1398,12,4.8829427
1399,1,4.7063837
1399,2,4.7282295
1399,3,4.787255
1399,4,4.859106
1399,5,4.825352
1399,6,4.8480434
1399,7,4.8158736
1399,8,4.80662
1399,9,4.8081393
1399,10,4.7987986
1399,11,4.769663
1399,12,4.7763734
1400,1,4.6963687
1400,2,4.726545
1400,3,4.7500563
1400,4,4.8100467
1400,5,4.8315377
1400,6,4.826491
1400,7,4.828734
1400,8,4.816126
1400,9,4.8246856
1400,10,4.8160567
1400,11,4.783341
1400,12,4.7324414
1401,1,4.874834
1401,2,4.8298683
1401,3,4.8714294
1401,4,4.938586
1401,5,4.9137144
1401,6,4.87111
1401,7,4.8502073
1401,8,4.8437896
1401,9,4.8466797
1401,10,4.8301635
1401,11,4.8831487
1401,12,4.899003
1402,1,4.7922826
1402,2,4.7963324
1402,3,4.845766
1402,4,4.919181
1402,5,4.898112
1402,6,4.8630314
1402,7,4.8322587
1402,8,4.833696
1402,9,4.8301063
1402,10,4.8229895
1402,11,4.823564
1402,12,4.8647656
1403,1,4.718189
1403,2,4.7212605
1403,3,4.7800875
1403,4,4.8284774
1403,5,4.841836
1403,6,4.852798
1403,7,4.826808
1403,8,4.820473
1403,9,4.825431
1403,10,4.8108664
1403,11,4.7504997
1403,12,4.7478604
1404,1,4.774145
1404,2,4.769522
1404,3,4.8022413
1404,4,4.893174
1404,5,4.8789682
1404,6,4.8648276
1404,7,4.835521
1404,8,4.822648
1404,9,4.828923
1404,10,4.8238525
1404,11,4.824974
1404,12,4.8306856
1405,1,4.8025575
1405,2,4.7877703
1405,3,4.835368
1405,4,4.899762
1405,5,4.881539
1405,6,4.8754973
1405,7,4.828741
1405,8,4.8178587
1405,9,4.8431864
1405,10,4.824759
1405,11,4.830312
1405,12,4.839365
1406,1,4.775712
1406,2,4.8025904
1406,3,4.8518496
1406,4,4.908082
1406,5,4.893665
1406,6,4.8807173
1406,7,4.8325996
1406,8,4.826833
1406,9,4.8446393
1406,10,4.8326044
1406,11,4.8254848
1406,12,4.859962
1407,1,4.7227607
1407,2,4.726689
1407,3,4.750222
1407,4,4.8333163
1407,5,4.8406224
1407,6,4.851736
1407,7,4.827092
1407,8,4.80984
1407,9,4.815267
1407,10,4.8095703
1407,11,4.780769
1407,12,4.72624
1408,1,4.7471395
1408,2,4.755217
1408,3,4.809786
1408,4,4.8718805
1408,5,4.8694673
1408,6,4.8610406
1408,7,4.834842
1408,8,4.829111
1408,9,4.8254695
1408,10,4.8145986
1408,11,4.7716937
1408,12,4.767934
1409,1,4.893495
1409,2,4.8866653
1409,3,4.8997855
1409,4,4.9916005
1409,5,4.927446
1409,6,4.8823414
1409,7,4.8579164
1409,8,4.849768
1409,9,4.8520327
1409,10,4.8240867
1409,11,4.859052
1409,12,4.8899145
1410,1,4.7153277
1410,2,4.734107
1410,3,4.7588434
1410,4,4.8192515
1410,5,4.828788
1410,6,4.83289
1410,7,4.8328295
1410,8,4.824513
1410,9,4.842416
1410,10,4.81438
1410,11,4.791214
1410,12,4.726867
1411,1,4.804931
1411,2,4.806635
1411,3,4.8515983
1411,4,4.9101186
1411,5,4.8862243
1411,6,4.8465767
1411,7,4.8137116
1411,8,4.8236623
1411,9,4.823628
1411,10,4.812817
1411,11,4.772233
1411,12,4.780072
1412,1,4.8609867
1412,2,4.855289
1412,3,4.8565383
1412,4,4.9375796
1412,5,4.9211164
1412,6,4.890254
1412,7,4.853179
1412,8,4.847774
1412,9,4.8458242
1412,10,4.8345866
1412,11,4.8643937
1412,12,4.8865423
1413,1,4.851123
1413,2,4.844043
1413,3,4.880511
1413,4,4.9405174
1413,5,4.903461
1413,6,4.871874
1413,7,4.854392
1413,8,4.841262
1413,9,4.842855
1413,10,4.81793
1413,11,4.8370767
1413,12,4.8596015
1414,1,4.780378
1414,2,4.744752
1414,3,4.8210535
1414,4,4.8655996
1414,5,4.8757086
1414,6,4.871409
1414,7,4.84088
1414,8,4.8304005
1414,9,4.84435
1414,10,4.810017
1414,11,4.7889714
1414,12,4.7577977
1415,1,4.7904325
1415,2,4.776112
1415,3,4.834809
1415,4,4.8842072
1415,5,4.8828907
1415,6,4.8625703
1415,7,4.8234196
1415,8,4.8163667
1415,9,4.8210998
1415,10,4.801505
1415,11,4.773437
1415,12,4.788318
1416,1,4.7024846
1416,2,4.727041
1416,3,4.7748814
1416,4,4.852189
1416,5,4.8570805
1416,6,4.8551917
1416,7,4.822078
1416,8,4.8213005
1416,9,4.8137927
1416,10,4.7914042
1416,11,4.7584066
1416,12,4.767175
1417,1,4.788332
1417,2,4.792149
1417,3,4.8235006
1417,4,4.8858523
1417,5,4.889408
1417,6,4.874633
1417,7,4.850545
1417,8,4.8391514
1417,9,4.842735
1417,10,4.81237
1417,11,4.7955275
1417,12,4.7747035
1418,1,4.7716675
1418,2,4.778251
1418,3,4.8266215
1418,4,4.89189
1418,5,4.8831363
1418,6,4.863212
1418,7,4.8274846
1418,8,4.82189
1418,9,4.836973
1418,10,4.8267303
1418,11,4.8327045
1418,12,4.82179
1419,1,4.7404785
1419,2,4.745109
1419,3,4.7607913
1419,4,4.8224473
1419,5,4.8291044
1419,6,4.833989
1419,7,4.8300114
1419,8,4.8321705
1419,9,4.8192325
1419,10,4.798387
1419,11,4.768904
1419,12,4.7193794
1420,1,4.7111635
1420,2,4.7239256
1420,3,4.7588325
1420,4,4.8134365
1420,5,4.8413672
1420,6,4.8331795
1420,7,4.834885
1420,8,4.8258862
1420,9,4.835205
1420,10,4.808295
1420,11,4.7792244
1420,12,4.7465568
1421,1,4.72214
1421,2,4.739029
1421,3,4.8084
1421,4,4.8527303
1421,5,4.846591
1421,6,4.8607883
1421,7,4.825399
1421,8,4.8237624
1421,9,4.822684
1421,10,4.8046274
1421,11,4.777141
1421,12,4.776168
1422,1,4.783161
1422,2,4.7849703
1422,3,4.8364077
1422,4,4.8999467
1422,5,4.894443
1422,6,4.869936
1422,7,4.8382616
1422,8,4.8341064
1422,9,4.8239098
1422,10,4.8142385
1422,11,4.7867484
1422,12,4.794839
1423,1,4.7927585
1423,2,4.7924967
1423,3,4.807863
1423,4,4.8714314
1423,5,4.881643
1423,6,4.87732
1423,7,4.8429594
1423,8,4.83393
1423,9,4.844378
1423,10,4.793913
1423,11,4.790604
1423,12,4.7602887
1424,1,4.697012
1424,2,4.7216687
1424,3,4.737033
1424,4,4.8083367
1424,5,4.81174
1424,6,4.8286815
1424,7,4.827841
1424,8,4.8257627
1424,9,4.837069
1424,10,4.811491
1424,11,4.768172
1424,12,4.7371335
1425,1,4.761191
1425,2,4.7792144
1425,3,4.8158584
1425,4,4.8707724
1425,5,4.8974385
1425,6,4.869273
1425,7,4.84393
1425,8,4.839642
1425,9,4.8408017
1425,10,4.809738
1425,11,4.7751026
1425,12,4.7649693
1426,1,4.708151
1426,2,4.731893
1426,3,4.7436075
1426,4,4.848187
1426,5,4.821721
1426,6,4.826177
1426,7,4.794673
1426,8,4.792779
1426,9,4.80402
1426,10,4.775937
1426,11,4.777718
1426,12,4.786153
1427,1,4.7690225
1427,2,4.76332
1427,3,4.808694
1427,4,4.8613195
1427,5,4.8751683
1427,6,4.8625574
1427,7,4.832712
1427,8,4.8285785
1427,9,4.8247585
1427,10,4.8117023
1427,11,4.773208
1427,12,4.7581716
1428,1,4.7140446
1428,2,4.7460113
1428,3,4.7906065
1428,4,4.849098
1428,5,4.847582
1428,6,4.854404
1428,7,4.822602
1428,8,4.815152
1428,9,4.8124843
1428,10,4.7872715
1428,11,4.762916
1428,12,4.754574
1429,1,4.8444924
1429,2,4.8691587
1429,3,4.867152
1429,4,4.922922
1429,5,4.8865924
1429,6,4.849489
1429,7,4.817873
1429,8,4.807114
1429,9,4.8073945
1429,10,4.7876086
1429,11,4.7972326
1429,12,4.840786
1430,1,4.7579765
1430,2,4.7416677
1430,3,4.7914686
1430,4,4.857317
1430,5,4.8734274
1430,6,4.865104
1430,7,4.840782
1430,8,4.828554
1430,9,4.8197
1430,10,4.812984
1430,11,4.7573977
1430,12,4.7636313
1431,1,4.7285695
1431,2,4.7399063
1431,3,4.7715116
1431,4,4.8422184
1431,5,4.853058
1431,6,4.8532724
1431,7,4.8347216
1431,8,4.823174
1431,9,4.8234005
1431,10,4.81764
1431,11,4.77519
1431,12,4.7424307
1432,1,4.925731
1432,2,4.917166
1432,3,4.894941
1432,4,4.9611287
1432,5,4.9363756
1432,6,4.8792152
1432,7,4.8587837
1432,8,4.8402653
1432,9,4.8377786
1432,10,4.8150997
1432,11,4.8479676
1432,12,4.888918
1433,1,4.7022715
1433,2,4.724
1433,3,4.7534986
1433,4,4.817379
1433,5,4.830171
1433,6,4.8361325
1433,7,4.8360415
1433,8,4.8256974
1433,9,4.8322062
1433,10,4.8188396
1433,11,4.761902
1433,12,4.7465982
1434,1,4.769955
1434,2,4.774488
1434,3,4.834371
1434,4,4.8933287
1434,5,4.8851757
1434,6,4.864631
1434,7,4.8349857
1434,8,4.828268
1434,9,4.827717
1434,10,4.8091655
1434,11,4.780274
1434,12,4.787473
1435,1,4.789173
1435,2,4.770392
1435,3,4.8406234
1435,4,4.891081
1435,5,4.8759375
1435,6,4.855396
1435,7,4.829717
1435,8,4.824659
1435,9,4.827305
1435,10,4.816653
1435,11,4.776905
1435,12,4.7802706
1436,1,4.84397
1436,2,4.8751583
1436,3,4.852414
1436,4,4.9514318
1436,5,4.8753223
1436,6,4.830313
1436,7,4.8134856
1436,8,4.7973967
1436,9,4.7880306
1436,10,4.79483
1436,11,4.7995973
1436,12,4.849039
1437,1,4.791522
1437,2,4.788271
1437,3,4.8584485
1437,4,4.894924
1437,5,4.880065
1437,6,4.879202
1437,7,4.837463
1437,8,4.827945
1437,9,4.829065
1437,10,4.811345
1437,11,4.7884445
1437,12,4.804354
1438,1,4.758159
1438,2,4.747766
1438,3,4.836023
1438,4,4.877736
1438,5,4.863875
1438,6,4.86126
1438,7,4.822639
1438,8,4.81911
1438,9,4.8366823
1438,10,4.821725
1438,11,4.824085
1438,12,4.822757
1439,1,4.7124825
1439,2,4.7476687
1439,3,4.7598233
1439,4,4.817415
1439,5,4.8527737
1439,6,4.8441043
1439,7,4.821691
1439,8,4.8226767
1439,9,4.838666
1439,10,4.813241
1439,11,4.7824864
1439,12,4.732024
1440,1,4.750905
1440,2,4.738842
1440,3,4.816981
1440,4,4.8674455
1440,5,4.8640723
1440,6,4.865587
1440,7,4.835504
1440,8,4.8319216
1440,9,4.830384
1440,10,4.8142257
1440,11,4.775456
1440,12,4.769433
1441,1,4.768704
1441,2,4.778703
1441,3,4.8510528
1441,4,4.900929
1441,5,4.8747244
1441,6,4.8806114
1441,7,4.834929
1441,8,4.8171983
1441,9,4.842207
1441,10,4.830849
1441,11,4.8570914
1441,12,4.835799
1442,1,4.7735376
1442,2,4.7812085
1442,3,4.8325453
1442,4,4.9011297
1442,5,4.9003396
1442,6,4.8648224
1442,7,4.8239465
1442,8,4.836822
1442,9,4.824525
1442,10,4.828166
1442,11,4.829565
1442,12,4.8646307
1443,1,4.7434444
1443,2,4.740319
1443,3,4.78308
1443,4,4.821602
1443,5,4.8293834
1443,6,4.844532
1443,7,4.8160257
1443,8,4.818568
1443,9,4.814234
1443,10,4.782669
1443,11,4.7546554
1443,12,4.7159905
1444,1,4.8018765
1444,2,4.814418
1444,3,4.8413935
1444,4,4.903374
1444,5,4.8922195
1444,6,4.8734527
1444,7,4.8294787
1444,8,4.8316917
1444,9,4.835584
1444,10,4.8165035
1444,11,4.7939205
1444,12,4.7859383
1445,1,4.7885695
1445,2,4.7659707
1445,3,4.8168073
1445,4,4.8882813
1445,5,4.886835
1445,6,4.873933
1445,7,4.8419437
1445,8,4.835496
1445,9,4.8416834
1445,10,4.806691
1445,11,4.7915516
1445,12,4.7665815
1446,1,4.7590966
1446,2,4.767101
1446,3,4.827411
1446,4,4.858714
1446,5,4.870885
1446,6,4.8606844
1446,7,4.8446403
1446,8,4.827964
1446,9,4.8467216
1446,10,4.8121486
1446,11,4.7724977
1446,12,4.7574224
1447,1,4.7650366
1447,2,4.7951517
1447,3,4.820508
1447,4,4.8882327
1447,5,4.8951225
1447,6,4.8671107
1447,7,4.8430557
1447,8,4.831518
1447,9,4.8397264
1447,10,4.8141136
1447,11,4.7796793
1447,12,4.7735868
1448,1,4.741318
1448,2,4.755778
1448,3,4.823261
1448,4,4.863934
1448,5,4.878027
1448,6,4.860615
1448,7,4.830092
1448,8,4.824762
1448,9,4.819836
1448,10,4.808738
1448,11,4.767137
1448,12,4.7656527
1449,1,4.787004
1449,2,4.8041096
1449,3,4.834256
1449,4,4.9078493
1449,5,4.885728
1449,6,4.865741
1449,7,4.8307
1449,8,4.820335
1449,9,4.8226676
1449,10,4.8039136
1449,11,4.775152
1449,12,4.7860346
1450,1,4.7996984
1450,2,4.755901
1450,3,4.8429794
1450,4,4.8967276
1450,5,4.8874755
1450,6,4.8695254
1450,7,4.830826
1450,8,4.829911
1450,9,4.82107
1450,10,4.819743
1450,11,4.7919908
1450,12,4.7702403
1451,1,4.8701353
1451,2,4.892261
1451,3,4.8652873
1451,4,4.95296
1451,5,4.933384
1451,6,4.8882413
1451,7,4.8626943
1451,8,4.845001
1451,9,4.8432035
1451,10,4.829643
1451,11,4.842565
1451,12,4.90457
1452,1,4.7918572
1452,2,4.7686396
1452,3,4.839222
1452,4,4.892069
1452,5,4.880777
1452,6,4.8696523
1452,7,4.830046
1452,8,4.8313327
1452,9,4.826175
1452,10,4.8096175
1452,11,4.7894998
1452,12,4.781764
1453,1,4.7663856
1453,2,4.7604704
1453,3,4.8157983
1453,4,4.8656063
1453,5,4.889957
1453,6,4.862284
1453,7,4.843777
1453,8,4.831709
1453,9,4.838265
1453,10,4.802315
1453,11,4.7940273
1453,12,4.766767
1454,1,4.810931
1454,2,4.7685485
1454,3,4.8123007
1454,4,4.888908
1454,5,4.8842406
1454,6,4.862093
1454,7,4.833813
1454,8,4.8270617
1454,9,4.8280134
1454,10,4.8143206
1454,11,4.77088
1454,12,4.7808294
1455,1,4.755604
1455,2,4.764222
1455,3,4.799218
1455,4,4.849483
1455,5,4.8757224
1455,6,4.8635144
1455,7,4.84093
1455,8,4.821655
1455,9,4.830445
1455,10,4.821956
1455,11,4.7759237
1455,12,4.7562957
1456,1,4.822736
1456,2,4.8493204
1456,3,4.8311543
1456,4,4.908331
1456,5,4.9008656
1456,6,4.8739934
1456,7,4.8310604
1456,8,4.8295527
1456,9,4.8301263
1456,10,4.8055587
1456,11,4.7770824
1456,12,4.8080087
1457,1,4.7134266
1457,2,4.7343125
1457,3,4.7734885
1457,4,4.815199
1457,5,4.8402185
1457,6,4.838197
1457,7,4.8370585
1457,8,4.817923
1457,9,4.8403974
1457,10,4.8128805
1457,11,4.76954
1457,12,4.7458005
1458,1,4.773465
1458,2,4.8155417
1458,3,4.8271866
1458,4,4.9034996
1458,5,4.85678
1458,6,4.854141
1458,7,4.8118463
1458,8,4.814808
1458,9,4.8045583
1458,10,4.7761855
1458,11,4.770255
1458,12,4.7812414
1459,1,4.7545815
1459,2,4.7563214
1459,3,4.816389
1459,4,4.8667216
1459,5,4.8926253
1459,6,4.8578725
1459,7,4.831928
1459,8,4.82974
1459,9,4.825492
1459,10,4.8057218
1459,11,4.7738805
1459,12,4.7744102
1460,1,4.726474
1460,2,4.731423
1460,3,4.7829213
1460,4,4.854166
1460,5,4.85358
1460,6,4.85441
1460,7,4.83622
1460,8,4.821215
1460,9,4.8284698
1460,10,4.8172774
1460,11,4.771274
1460,12,4.745582
1461,1,4.736737
1461,2,4.7619534
1461,3,4.815943
1461,4,4.898643
1461,5,4.8512564
1461,6,4.8501825
1461,7,4.8236823
1461,8,4.8199897
1461,9,4.8408065
1461,10,4.8183985
1461,11,4.8082695
1461,12,4.796605
1462,1,4.878561
1462,2,4.8436413
1462,3,4.9234776
1462,4,4.918715
1462,5,4.899543
1462,6,4.8868937
1462,7,4.856628
1462,8,4.8417826
1462,9,4.8438163
1462,10,4.8218393
1462,11,4.8225446
1462,12,4.84815
1463,1,4.732304
1463,2,4.7395554
1463,3,4.7969155
1463,4,4.830548
1463,5,4.8577423
1463,6,4.8546476
1463,7,4.838094
1463,8,4.8276925
1463,9,4.8261385
1463,10,4.8161297
1463,11,4.7788105
1463,12,4.7514286
1464,1,4.777078
1464,2,4.791461
1464,3,4.82158
1464,4,4.8852286
1464,5,4.885471
1464,6,4.8674226
1464,7,4.83556
1464,8,4.8244815
1464,9,4.8260446
1464,10,4.813165
1464,11,4.78076
1464,12,4.784324
1465,1,4.7400327
1465,2,4.7737455
1465,3,4.802452
1465,4,4.8762665
1465,5,4.8752666
1465,6,4.860967
1465,7,4.839219
1465,8,4.8201194
1465,9,4.833587
1465,10,4.8136787
1465,11,4.7734585
1465,12,4.7744794
1466,1,4.7338004
1466,2,4.740716
1466,3,4.7884636
1466,4,4.8463287
1466,5,4.8666816
1466,6,4.857312
1466,7,4.8393564
1466,8,4.8293858
1466,9,4.826962
1466,10,4.816441
1466,11,4.7773395
1466,12,4.7654552
1467,1,4.804395
1467,2,4.869506
1467,3,4.877541
1467,4,4.9498906
1467,5,4.89806
1467,6,4.8796067
1467,7,4.8548565
1467,8,4.837025
1467,9,4.8430157
1467,10,4.823362
1467,11,4.8129473
1467,12,4.830231
1468,1,4.7853055
1468,2,4.769001
1468,3,4.7942815
1468,4,4.8689885
1468,5,4.8485384
1468,6,4.817041
1468,7,4.7979918
1468,8,4.7774262
1468,9,4.7852197
1468,10,4.7779775
1468,11,4.787107
1468,12,4.8177547
1469,1,4.7322373
1469,2,4.74442
1469,3,4.758357
1469,4,4.8404694
1469,5,4.8578672
1469,6,4.8375707
1469,7,4.832961
1469,8,4.813734
1469,9,4.8307242
1469,10,4.8134513
1469,11,4.7854967
1469,12,4.7538323
1470,1,4.7355084
1470,2,4.737206
1470,3,4.7983756
1470,4,4.845226
1470,5,4.850661
1470,6,4.855539
1470,7,4.8377147
1470,8,4.8289495
1470,9,4.826013
1470,10,4.808062
1470,11,4.779488
1470,12,4.7590065
1471,1,4.729334
1471,2,4.751875
1471,3,4.8152122
1471,4,4.878064
1471,5,4.8419795
1471,6,4.8517113
1471,7,4.8169103
1471,8,4.802808
1471,9,4.8206997
1471,10,4.794773
1471,11,4.772207
1471,12,4.7725587
1472,1,4.722782
1472,2,4.7463064
1472,3,4.815723
1472,4,4.8615165
1472,5,4.842216
1472,6,4.849411
1472,7,4.8125033
1472,8,4.798131
1472,9,4.812148
1472,10,4.7825828
1472,11,4.793811
1472,12,4.842271
1473,1,4.773357
1473,2,4.7743564
1473,3,4.8710217
1473,4,4.901961
1473,5,4.875678
1473,6,4.855508
1473,7,4.8317957
1473,8,4.8240767
1473,9,4.83602
1473,10,4.816015
1473,11,4.830223
1473,12,4.8375764
1474,1,4.7802134
1474,2,4.8157163
1474,3,4.827864
1474,4,4.8961186
1474,5,4.882929
1474,6,4.862562
1474,7,4.8266425
1474,8,4.824917
1474,9,4.8335505
1474,10,4.812495
1474,11,4.786029
1474,12,4.801384
1475,1,4.869899
1475,2,4.847945
1475,3,4.8519444
1475,4,4.9337926
1475,5,4.9136004
1475,6,4.8748336
1475,7,4.8561015
1475,8,4.8494134
1475,9,4.8474708
1475,10,4.8302402
1475,11,4.8458323
1475,12,4.8762465
1476,1,4.7059813
1476,2,4.735098
1476,3,4.7596927
1476,4,4.8064413
1476,5,4.827186
1476,6,4.8261786
1476,7,4.824667
1476,8,4.8200603
1476,9,4.8236146
1476,10,4.7963614
1476,11,4.763138
1476,12,4.7268867
1477,1,4.772599
1477,2,4.7605233
1477,3,4.7946954
1477,4,4.870362
1477,5,4.866469
1477,6,4.8761826
1477,7,4.8413525
1477,8,4.834578
1477,9,4.8454037
1477,10,4.814413
1477,11,4.7862167
1477,12,4.762495
1478,1,4.8604813
1478,2,4.864938
1478,3,4.843586
1478,4,4.9809694
1478,5,4.8882294
1478,6,4.8433237
1478,7,4.814311
1478,8,4.7953305
1478,9,4.7997856
1478,10,4.783034
1478,11,4.7998066
1478,12,4.85714
1479,1,4.771639
1479,2,4.8183
1479,3,4.8045373
1479,4,4.908947
1479,5,4.887638
1479,6,4.8551555
1479,7,4.8293157
1479,8,4.817355
1479,9,4.82278
1479,10,4.807947
1479,11,4.8127093
1479,12,4.8524313
1480,1,4.7854896
1480,2,4.7893744
1480,3,4.851091
1480,4,4.903994
1480,5,4.8782134
1480,6,4.872022
1480,7,4.838642
1480,8,4.828859
1480,9,4.830091
1480,10,4.8119316
1480,11,4.78339
1480,12,4.791213
1481,1,4.716521
1481,2,4.7333302
1481,3,4.8028216
1481,4,4.826616
1481,5,4.8550653
1481,6,4.8420486
1481,7,4.8298573
1481,8,4.8178864
1481,9,4.838958
1481,10,4.808553
1481,11,4.788441
1481,12,4.743821
1482,1,4.8775992
1482,2,4.8966403
1482,3,4.8740373
1482,4,4.962451
1482,5,4.8991356
1482,6,4.880007
1482,7,4.8444996
1482,8,4.8376737
1482,9,4.8297014
1482,10,4.8157067
1482,11,4.8106427
1482,12,4.8515916
1483,1,4.7746115
1483,2,4.7630258
1483,3,4.81194
1483,4,4.87649
1483,5,4.8793035
1483,6,4.856441
1483,7,4.8309064
1483,8,4.8275466
1483,9,4.827798
1483,10,4.8195906
1483,11,4.7742167
1483,12,4.776045
1484,1,4.74189
1484,2,4.752941
1484,3,4.813348
1484,4,4.865601
1484,5,4.8703666
1484,6,4.859995
1484,7,4.828028
1484,8,4.8254356
1484,9,4.814088
1484,10,4.8152146
1484,11,4.772744
1484,12,4.7645707
1485,1,4.7894993
1485,2,4.7935724
1485,3,4.819013
1485,4,4.884653
1485,5,4.8896246
1485,6,4.879539
1485,7,4.8505526
1485,8,4.834707
1485,9,4.841466
1485,10,4.8161597
1485,11,4.7891083
1485,12,4.7664714
1486,1,4.8587146
1486,2,4.9270477
1486,3,4.8439264
1486,4,4.893126
1486,5,4.8992605
1486,6,4.848357
1486,7,4.80454
1486,8,4.8027706
1486,9,4.800445
1486,10,4.7728076
1486,11,4.815435
1486,12,4.8500137
1487,1,4.7485104
1487,2,4.7598844
1487,3,4.7839923
1487,4,4.8289094
1487,5,4.8219104
1487,6,4.8329973
1487,7,4.8181834
1487,8,4.823196
1487,9,4.8195214
1487,10,4.7974987
1487,11,4.7628083
1487,12,4.7354794
1488,1,4.883942
1488,2,4.868822
1488,3,4.8501716
1488,4,4.946208
1488,5,4.896801
1488,6,4.8398857
1488,7,4.8266015
1488,8,4.811874
1488,9,4.8148
1488,10,4.7762723
1488,11,4.7932067
1488,12,4.8423166
1489,1,4.8512816
1489,2,4.8667164
1489,3,4.878503
1489,4,4.9407926
1489,5,4.9012637
1489,6,4.8839846
1489,7,4.8550963
1489,8,4.841976
1489,9,4.847043
1489,10,4.8308034
1489,11,4.8246374
1489,12,4.8603773
1490,1,4.811517
1490,2,4.789052
1490,3,4.8387065
1490,4,4.8961062
1490,5,4.871633
1490,6,4.8771687
1490,7,4.8342013
1490,8,4.8262405
1490,9,4.831658
1490,10,4.81355
1490,11,4.7832456
1490,12,4.788272
1491,1,4.759528
1491,2,4.75395
1491,3,4.830614
1491,4,4.8887734
1491,5,4.8904
1491,6,4.8770013
1491,7,4.837092
1491,8,4.8217363
1491,9,4.832763
1491,10,4.806574
1491,11,4.8196664
1491,12,4.8289976
1492,1,4.7442927
1492,2,4.759062
1492,3,4.774045
1492,4,4.8381753
1492,5,4.831279
1492,6,4.8496003
1492,7,4.8134403
1492,8,4.822311
1492,9,4.825633
1492,10,4.7999396
1492,11,4.76517
1492,12,4.735984
1493,1,4.773747
1493,2,4.7513337
1493,3,4.8317857
1493,4,4.877005
1493,5,4.8737
1493,6,4.865001
1493,7,4.8248343
1493,8,4.8249383
1493,9,4.826029
1493,10,4.812617
1493,11,4.775063
1493,12,4.779769
1494,1,4.710453
1494,2,4.747588
1494,3,4.7594132
1494,4,4.8275146
1494,5,4.851991
1494,6,4.8352714
1494,7,4.8336535
1494,8,4.8223863
1494,9,4.8331695
1494,10,4.813488
1494,11,4.7834764
1494,12,4.7488437
1495,1,4.8280063
1495,2,4.863473
1495,3,4.8713064
1495,4,4.935118
1495,5,4.898866
1495,6,4.87701
1495,7,4.847613
1495,8,4.836641
1495,9,4.835042
1495,10,4.8206635
1495,11,4.8312507
1495,12,4.823275
1496,1,4.846761
1496,2,4.892464
1496,3,4.8338885
1496,4,4.9009395
1496,5,4.8808527
1496,6,4.8496456
1496,7,4.8072433
1496,8,4.799081
1496,9,4.803285
1496,10,4.7788916
1496,11,4.7991047
1496,12,4.826143
1497,1,4.827883
1497,2,4.797444
1497,3,4.8551235
1497,4,4.910499
1497,5,4.8894944
1497,6,4.8796644
1497,7,4.8306904
1497,8,4.8272915
1497,9,4.8331304
1497,10,4.8094544
1497,11,4.8007107
1497,12,4.827755
1498,1,4.7195096
1498,2,4.737724
1498,3,4.765676
1498,4,4.83229
1498,5,4.839912
1498,6,4.8451943
1498,7,4.846284
1498,8,4.8181076
1498,9,4.838182
1498,10,4.821776
1498,11,4.8047915
1498,12,4.7505345
1499,1,4.814611
1499,2,4.8284526
1499,3,4.8283806
1499,4,4.8995275
1499,5,4.8889527
1499,6,4.874066
1499,7,4.8327813
1499,8,4.831176
1499,9,4.8333945
1499,10,4.815603
1499,11,4.791393
1499,12,4.795197
1500,1,4.7584496
1500,2,4.7495446
1500,3,4.8318253
1500,4,4.8736353
1500,5,4.8686275
1500,6,4.860744
1500,7,4.829889
1500,8,4.826847
1500,9,4.834353
1500,10,4.810443
1500,11,4.77635
1500,12,4.760983
1501,1,4.7080646
1501,2,4.71749
1501,3,4.7444897
1501,4,4.8096404
1501,5,4.8240576
1501,6,4.827423
1501,7,4.8259797
1501,8,4.817149
1501,9,4.826846
1501,10,4.8117313
1501,11,4.772877
1501,12,4.729996
1502,1,4.7858453
1502,2,4.8132896
1502,3,4.83499
1502,4,4.89816
1502,5,4.872389
1502,6,4.860466
1502,7,4.8213344
1502,8,4.8249006
1502,9,4.813886
1502,10,4.7995715
1502,11,4.7698975
1502,12,4.7847056
1503,1,4.712559
1503,2,4.7329183
1503,3,4.78548
1503,4,4.8321996
1503,5,4.8519206
1503,6,4.8373103
1503,7,4.8394747
1503,8,4.823341
1503,9,4.8365965
1503,10,4.8123755
1503,11,4.783759
1503,12,4.752237
1504,1,4.767
1504,2,4.7406983
1504,3,4.805987
1504,4,4.869201
1504,5,4.8751135
1504,6,4.8632436
1504,7,4.8304505
1504,8,4.822054
1504,9,4.818358
1504,10,4.8113084
1504,11,4.7671914
1504,12,4.76419
1505,1,4.7479014
1505,2,4.754432
1505,3,4.7862616
1505,4,4.8305287
1505,5,4.835417
1505,6,4.8400292
1505,7,4.8185415
1505,8,4.825103
1505,9,4.8177924
1505,10,4.791864
1505,11,4.773174
1505,12,4.737646
1506,1,4.709947
1506,2,4.7418933
1506,3,4.8091135
1506,4,4.86636
1506,5,4.844154
1506,6,4.849174
1506,7,4.8221254
1506,8,4.805295
1506,9,4.8142753
1506,10,4.788317
1506,11,4.7648726
1506,12,4.792478
1507,1,4.7009487
1507,2,4.719734
1507,3,4.7525697
1507,4,4.8130083
1507,5,4.820149
1507,6,4.8344893
1507,7,4.8363156
1507,8,4.822425
1507,9,4.834464
1507,10,4.828182
1507,11,4.7832665
1507,12,4.731796
1508,1,4.711561
1508,2,4.7260437
1508,3,4.785057
1508,4,4.831069
1508,5,4.858022
1508,6,4.8393755
1508,7,4.8252416
1508,8,4.8209267
1508,9,4.829317
1508,10,4.812732
1508,11,4.7819834
1508,12,4.754594
1509,1,4.717829
1509,2,4.754721
1509,3,4.7829823
1509,4,4.8294806
1509,5,4.862801
1509,6,4.8323407
1509,7,4.8316846
1509,8,4.8112392
1509,9,4.8393373
1509,10,4.820848
1509,11,4.7934237
1509,12,4.744893
1510,1,4.7965198
1510,2,4.799169
1510,3,4.831533
1510,4,4.9247637
1510,5,4.9046636
1510,6,4.8683276
1510,7,4.832452
1510,8,4.8320346
1510,9,4.840656
1510,10,4.828541
1510,11,4.8561797
1510,12,4.8777823
1511,1,4.7371144
1511,2,4.7724624
1511,3,4.798975
1511,4,4.8720345
1511,5,4.8715377
1511,6,4.8605423
1511,7,4.8215756
1511,8,4.812622
1511,9,4.817542
1511,10,4.794478
1511,11,4.7793036
1511,12,4.779841
1512,1,4.7491837
1512,2,4.754392
1512,3,4.8031845
1512,4,4.876525
1512,5,4.870219
1512,6,4.8565865
1512,7,4.83725
1512,8,4.8259797
1512,9,4.827877
1512,10,4.816383
1512,11,4.7789054
1512,12,4.7694707
1513,1,4.7284203
1513,2,4.738511
1513,3,4.7787695
1513,4,4.850219
1513,5,4.853498
1513,6,4.850687
1513,7,4.839517
1513,8,4.828159
1513,9,4.822735
1513,10,4.812467
1513,11,4.776503
1513,12,4.7488422
1514,1,4.757953
1514,2,4.776229
1514,3,4.8513556
1514,4,4.90298
1514,5,4.8818774
1514,6,4.8636656
1514,7,4.8443675
1514,8,4.824377
1514,9,4.8398967
1514,10,4.824578
1514,11,4.8340774
1514,12,4.8278637
1515,1,4.822768
1515,2,4.806035
1515,3,4.861009
1515,4,4.9258914
1515,5,4.9136996
1515,6,4.892341
1515,7,4.852243
1515,8,4.83968
1515,9,4.84485
1515,10,4.8297143
1515,11,4.8409925
1515,12,4.8878865
1516,1,4.7897053
1516,2,4.7781463
1516,3,4.8348584
1516,4,4.876461
1516,5,4.873683
1516,6,4.8652024
1516,7,4.8289275
1516,8,4.822733
1516,9,4.8237514
1516,10,4.8119693
1516,11,4.776893
1516,12,4.776383
1517,1,4.7100234
1517,2,4.7336683
1517,3,4.7642303
1517,4,4.827863
1517,5,4.8539505
1517,6,4.8331833
1517,7,4.834779
1517,8,4.820246
1517,9,4.8414197
1517,10,4.808759
1517,11,4.7756734
1517,12,4.74668
1518,1,4.7402334
1518,2,4.740333
1518,3,4.794638
1518,4,4.852167
1518,5,4.849141
1518,6,4.843698
1518,7,4.832895
1518,8,4.8233376
1518,9,4.821696
1518,10,4.8216743
1518,11,4.799963
1518,12,4.762667
1519,1,4.787081
1519,2,4.816032
1519,3,4.8625164
1519,4,4.903565
1519,5,4.882869
1519,6,4.8710246
1519,7,4.8435807
1519,8,4.8359833
1519,9,4.8367963
1519,10,4.8403993
1519,11,4.848798
1519,12,4.869598
1520,1,4.779976
1520,2,4.7963905
1520,3,4.855837
1520,4,4.905549
1520,5,4.888865
1520,6,4.853196
1520,7,4.827243
1520,8,4.821502
1520,9,4.8348923
1520,10,4.826156
1520,11,4.83095
1520,12,4.8363338
1521,1,4.7747936
1521,2,4.8317475
1521,3,4.888612
1521,4,4.9172373
1521,5,4.881403
1521,6,4.869361
1521,7,4.8430796
1521,8,4.825838
1521,9,4.8386455
1521,10,4.820168
1521,11,4.840993
1521,12,4.844608
1522,1,4.791276
1522,2,4.83994
1522,3,4.842526
1522,4,4.9078746
1522,5,4.8658805
1522,6,4.8599057
1522,7,4.817142
1522,8,4.8218327
1522,9,4.8146157
1522,10,4.7925167
1522,11,4.77486
1522,12,4.7817726
1523,1,4.708128
1523,2,4.7320004
1523,3,4.75269
1523,4,4.816195
1523,5,4.836289
1523,6,4.8259535
1523,7,4.8380127
1523,8,4.8165283
1523,9,4.8348155
1523,10,4.808612
1523,11,4.7926936
1523,12,4.745531
1524,1,4.7746387
1524,2,4.7762218
1524,3,4.8322616
1524,4,4.898846
1524,5,4.9010477
1524,6,4.8667936
1524,7,4.8430533
1524,8,4.841109
1524,9,4.843486
1524,10,4.81612
1524,11,4.788705
1524,12,4.78048
1525,1,4.818382
1525,2,4.8089905
1525,3,4.8742003
1525,4,4.9135137
1525,5,4.903491
1525,6,4.8741355
1525,7,4.8318486
1525,8,4.826196
1525,9,4.8272448
1525,10,4.805223
1525,11,4.7803206
1525,12,4.7868786
1526,1,4.8121395
1526,2,4.813463
1526,3,4.8492284
1526,4,4.9013643
1526,5,4.889139
1526,6,4.871268
1526,7,4.8327193
1526,8,4.826331
1526,9,4.8309474
1526,10,4.808482
1526,11,4.7919173
1526,12,4.794219
1527,1,4.726128
1527,2,4.748662
1527,3,4.772741
1527,4,4.8358703
1527,5,4.850392
1527,6,4.843536
1527,7,4.822354
1527,8,4.8237357
1527,9,4.825247
1527,10,4.810799
1527,11,4.777259
1527,12,4.758976
1528,1,4.728084
1528,2,4.741615
1528,3,4.796126
1528,4,4.848501
1528,5,4.868932
1528,6,4.863366
1528,7,4.8358097
1528,8,4.8260818
1528,9,4.8262653
1528,10,4.812813
1528,11,4.779739
1528,12,4.7633405
1529,1,4.7777147
1529,2,4.8058953
1529,3,4.8704534
1529,4,4.9007683
1529,5,4.893557
1529,6,4.86529
1529,7,4.8318663
1529,8,4.8280787
1529,9,4.8272605
1529,10,4.8019323
1529,11,4.78137
1529,12,4.7962503
1530,1,4.8765607
1530,2,4.858019
1530,3,4.860287
1530,4,4.9387374
1530,5,4.9109755
1530,6,4.886959
1530,7,4.85712
1530,8,4.8362327
1530,9,4.842348
1530,10,4.8269067
1530,11,4.830956
1530,12,4.8515463
1531,1,4.765578
1531,2,4.793266
1531,3,4.839091
1531,4,4.900842
1531,5,4.8892217
1531,6,4.86161
1531,7,4.8318796
1531,8,4.8285446
1531,9,4.8426213
1531,10,4.8207526
1531,11,4.8391943
1531,12,4.8319283
1532,1,4.7962384
1532,2,4.799582
1532,3,4.884247
1532,4,4.9078665
1532,5,4.8877325
1532,6,4.8718767
1532,7,4.8298497
1532,8,4.818622
1532,9,4.819628
1532,10,4.795454
1532,11,4.776799
1532,12,4.7790194
1533,1,4.7168746
1533,2,4.7305083
1533,3,4.764923
1533,4,4.826906
1533,5,4.8487034
1533,6,4.837365
1533,7,4.8243175
1533,8,4.8242702
1533,9,4.830778
1533,10,4.816396
1533,11,4.766381
1533,12,4.7536173
1534,1,4.8464847
1534,2,4.846565
1534,3,4.874602
1534,4,4.9107537
1534,5,4.892649
1534,6,4.872585
1534,7,4.834005
1534,8,4.8245935
1534,9,4.8234324
1534,10,4.7957754
1534,11,4.7810082
1534,12,4.7928467
1535,1,4.718968
1535,2,4.733807
1535,3,4.7827163
1535,4,4.8307915
1535,5,4.847085
1535,6,4.8403287
1535,7,4.8309636
1535,8,4.817683
1535,9,4.832575
1535,10,4.81992
1535,11,4.7813444
1535,12,4.7379436
1536,1,4.751738
1536,2,4.7682495
1536,3,4.8042603
1536,4,4.8738337
1536,5,4.8826556
1536,6,4.8697214
1536,7,4.844177
1536,8,4.8313756
1536,9,4.8444667
1536,10,4.80993
1536,11,4.804305
1536,12,4.7661157
1537,1,4.7085147
1537,2,4.743606
1537,3,4.770258
1537,4,4.8105903
1537,5,4.838252
1537,6,4.836734
1537,7,4.8264093
1537,8,4.8269386
1537,9,4.8321986
1537,10,4.8316717
1537,11,4.7947845
1537,12,4.721865
1538,1,4.7244744
1538,2,4.7488317
1538,3,4.8000913
1538,4,4.8365545
1538,5,4.852048
1538,6,4.839849
1538,7,4.827927
1538,8,4.825048
1538,9,4.8307405
1538,10,4.822543
1538,11,4.791806
1538,12,4.7465863
1539,1,4.737953
1539,2,4.772188
1539,3,4.83409
1539,4,4.881627
1539,5,4.874439
1539,6,4.8605204
1539,7,4.8354907
1539,8,4.8156376
1539,9,4.8324156
1539,10,4.8130436
1539,11,4.821876
1539,12,4.8167233
1540,1,4.782287
1540,2,4.820478
1540,3,4.850533
1540,4,4.88701
1540,5,4.890628
1540,6,4.8613625
1540,7,4.8242593
1540,8,4.8207235
1540,9,4.8208294
1540,10,4.7878532
1540,11,4.7644887
1540,12,4.800263
1541,1,4.8016877
1541,2,4.843443
1541,3,4.8513813
1541,4,4.9046273
1541,5,4.889888
1541,6,4.873656
1541,7,4.8275614
1541,8,4.822541
1541,9,4.8229055
1541,10,4.799779
1541,11,4.7790284
1541,12,4.775804
1542,1,4.752898
1542,2,4.75634
1542,3,4.7860928
1542,4,4.8377905
1542,5,4.837053
1542,6,4.835093
1542,7,4.821388
1542,8,4.8231
1542,9,4.8150225
1542,10,4.7837334
1542,11,4.76416
1542,12,4.728157
1543,1,4.7318096
1543,2,4.745427
1543,3,4.7675734
1543,4,4.834304
1543,5,4.851642
1543,6,4.8527884
1543,7,4.830439
1543,8,4.81887
1543,9,4.826721
1543,10,4.8075323
1543,11,4.783675
1543,12,4.7432647
1544,1,4.7495384
1544,2,4.767061
1544,3,4.8208537
1544,4,4.8826585
1544,5,4.899969
1544,6,4.8549123
1544,7,4.8208523
1544,8,4.8155823
1544,9,4.808554
1544,10,4.801668
1544,11,4.767644
1544,12,4.7675414
1545,1,4.719555
1545,2,4.725192
1545,3,4.7714143
1545,4,4.832604
1545,5,4.843573
1545,6,4.8322635
1545,7,4.8295846
1545,8,4.822754
1545,9,4.8335915
1545,10,4.8186116
1545,11,4.7822504
1545,12,4.754687
1546,1,4.798329
1546,2,4.8175244
1546,3,4.8780293
1546,4,4.9279613
1546,5,4.876096
1546,6,4.877575
1546,7,4.8189917
1546,8,4.828809
1546,9,4.822079
1546,10,4.803321
1546,11,4.781871
1546,12,4.795744
1547,1,4.752994
1547,2,4.7490473
1547,3,4.8379803
1547,4,4.895163
1547,5,4.882006
1547,6,4.8658595
1547,7,4.831095
1547,8,4.8158307
1547,9,4.836953
1547,10,4.822262
1547,11,4.8201923
1547,12,4.8213477
1548,1,4.746447
1548,2,4.758027
1548,3,4.7916594
1548,4,4.832297
1548,5,4.8375683
1548,6,4.8364244
1548,7,4.8246813
1548,8,4.8215237
1548,9,4.818159
1548,10,4.7892714
1548,11,4.75948
1548,12,4.730773
1549,1,4.711873
1549,2,4.7370386
1549,3,4.760978
1549,4,4.8238626
1549,5,4.837598
1549,6,4.834409
1549,7,4.8330345
1549,8,4.8241773
1549,9,4.827574
1549,10,4.8134
1549,11,4.777499
1549,12,4.7516184
1550,1,4.7959623
1550,2,4.8248134
1550,3,4.853679
1550,4,4.9179792
1550,5,4.8898077
1550,6,4.8736444
1550,7,4.8228135
1550,8,4.81833
1550,9,4.8253317
1550,10,4.8080215
1550,11,4.7947044
1550,12,4.7839513
1551,1,4.738013
1551,2,4.7434044
1551,3,4.7862477
1551,4,4.8353076
1551,5,4.8575754
1551,6,4.857015
1551,7,4.835882
1551,8,4.8271494
1551,9,4.831677
1551,10,4.813984
1551,11,4.7870755
1551,12,4.755791
1552,1,4.7649426
1552,2,4.794359
1552,3,4.8303714
1552,4,4.8947563
1552,5,4.8693357
1552,6,4.8662553
1552,7,4.841014
1552,8,4.825124
1552,9,4.8419294
1552,10,4.8315644
1552,11,4.829512
1552,12,4.83589
1553,1,4.7236414
1553,2,4.7524576
1553,3,4.7862997
1553,4,4.842768
1553,5,4.8740196
1553,6,4.8529687
1553,7,4.834794
1553,8,4.822531
1553,9,4.835841
1553,10,4.815626
1553,11,4.772694
1553,12,4.7484055
1554,1,4.706754
1554,2,4.7336493
1554,3,4.751529
1554,4,4.8204613
1554,5,4.847258
1554,6,4.8361177
1554,7,4.826175
1554,8,4.8279185
1554,9,4.8362656
1554,10,4.832429
1554,11,4.7849793
1554,12,4.7397866
1555,1,4.7497153
1555,2,4.7556767
1555,3,4.81599
1555,4,4.8727016
1555,5,4.8759065
1555,6,4.858223
1555,7,4.843115
1555,8,4.8272734
1555,9,4.836388
1555,10,4.8073096
1555,11,4.779852
1555,12,4.7523103
1556,1,4.7417617
1556,2,4.7389407
1556,3,4.7837415
1556,4,4.8374267
1556,5,4.8520484
1556,6,4.846407
1556,7,4.8259234
1556,8,4.8229413
1556,9,4.833225
1556,10,4.82221
1556,11,4.77719
1556,12,4.747418
1557,1,4.7793636
1557,2,4.786034
1557,3,4.8103385
1557,4,4.886626
1557,5,4.8920503
1557,6,4.8727293
1557,7,4.831765
1557,8,4.8312483
1557,9,4.839666
1557,10,4.8030686
1557,11,4.792228
1557,12,4.7736425
1558,1,4.834135
1558,2,4.8377566
1558,3,4.838808
1558,4,4.9289203
1558,5,4.8933663
1558,6,4.874329
1558,7,4.8328366
1558,8,4.825237
1558,9,4.8248014
1558,10,4.81396
1558,11,4.792322
1558,12,4.811171
1559,1,4.7602935
1559,2,4.768681
1559,3,4.840684
1559,4,4.8846536
1559,5,4.8781786
1559,6,4.8631153
1559,7,4.842974
1559,8,4.8174477
1559,9,4.8239894
1559,10,4.8190165
1559,11,4.825534
1559,12,4.8387346
1560,1,4.698156
1560,2,4.7307115
1560,3,4.7469225
1560,4,4.821134
1560,5,4.8307605
1560,6,4.832988
1560,7,4.8358207
1560,8,4.8254
1560,9,4.838601
1560,10,4.8162065
1560,11,4.7736964
1560,12,4.733792
1561,1,4.810665
1561,2,4.809946
1561,3,4.846114
1561,4,4.904181
1561,5,4.8918986
1561,6,4.8886423
1561,7,4.831754
1561,8,4.828712
1561,9,4.831742
1561,10,4.8110843
1561,11,4.7924457
1561,12,4.79595
1562,1,4.7178717
1562,2,4.733808
1562,3,4.78873
1562,4,4.863719
1562,5,4.837822
1562,6,4.854706
1562,7,4.810777
1562,8,4.80365
1562,9,4.8216906
1562,10,4.7823744
1562,11,4.757954
1562,12,4.7890544
1563,1,4.7297807
1563,2,4.749464
1563,3,4.769553
1563,4,4.8238754
1563,5,4.8308635
1563,6,4.834809
1563,7,4.8248453
1563,8,4.818882
1563,9,4.8245354
1563,10,4.799698
1563,11,4.775189
1563,12,4.7388577
1564,1,4.8029494
1564,2,4.7858086
1564,3,4.83162
1564,4,4.9039598
1564,5,4.888356
1564,6,4.861652
1564,7,4.819343
1564,8,4.8223143
1564,9,4.8246474
1564,10,4.812977
1564,11,4.7769074
1564,12,4.776382
1565,1,4.8193235
1565,2,4.824408
1565,3,4.869408
1565,4,4.913426
1565,5,4.8851895
1565,6,4.8582745
1565,7,4.819545
1565,8,4.8228464
1565,9,4.8120246
1565,10,4.782901
1565,11,4.7755632
1565,12,4.8116703
1566,1,4.708966
1566,2,4.72878
1566,3,4.752244
1566,4,4.819465
1566,5,4.8285317
1566,6,4.836405
1566,7,4.83866
1566,8,4.8238587
1566,9,4.8297443
1566,10,4.8163357
1566,11,4.8370714
1566,12,4.732274
1567,1,4.736944
1567,2,4.747608
1567,3,4.7847767
1567,4,4.838245
1567,5,4.857401
1567,6,4.8423295
1567,7,4.828352
1567,8,4.822035
1567,9,4.8302937
1567,10,4.8102226
1567,11,4.757654
1567,12,4.7454953
1568,1,4.748693
1568,2,4.7424197
1568,3,4.778254
1568,4,4.8514013
1568,5,4.8672366
1568,6,4.854793
1568,7,4.828616
1568,8,4.8217907
1568,9,4.836131
1568,10,4.810592
1568,11,4.7870727
1568,12,4.7536855
1569,1,4.718688
1569,2,4.7372193
1569,3,4.7658043
1569,4,4.8327904
1569,5,4.8470654
1569,6,4.842842
1569,7,4.830287
1569,8,4.8227134
1569,9,4.8357553
1569,10,4.8145413
1569,11,4.764131
1569,12,4.755997
1570,1,4.7538176
1570,2,4.753337
1570,3,4.8204145
1570,4,4.8520956
1570,5,4.8719983
1570,6,4.8630004
1570,7,4.833891
1570,8,4.8277183
1570,9,4.827027
1570,10,4.8212576
1570,11,4.7786565
1570,12,4.758563
1571,1,4.7134953
1571,2,4.709065
1571,3,4.7412496
1571,4,4.8240223
1571,5,4.8529716
1571,6,4.8398423
1571,7,4.8315244
1571,8,4.817037
1571,9,4.8308163
1571,10,4.8191967
1571,11,4.7682233
1571,12,4.7450867
1572,1,4.8482175
1572,2,4.8110085
1572,3,4.8397636
1572,4,4.9160705
1572,5,4.8858876
1572,6,4.8780394
1572,7,4.8309317
1572,8,4.82832
1572,9,4.830857
1572,10,4.811882
1572,11,4.7830787
1572,12,4.8185725
1573,1,4.8196673
1573,2,4.7989163
1573,3,4.8310556
1573,4,4.8872824
1573,5,4.882488
1573,6,4.8631988
1573,7,4.8163905
1573,8,4.814242
1573,9,4.817228
1573,10,4.799286
1573,11,4.765344
1573,12,4.789655
1574,1,4.824495
1574,2,4.7827992
1574,3,4.8487787
1574,4,4.903405
1574,5,4.878266
1574,6,4.8658905
1574,7,4.829324
1574,8,4.8168945
1574,9,4.823148
1574,10,4.801005
1574,11,4.769163
1574,12,4.791113
1575,1,4.7449107
1575,2,4.760374
1575,3,4.81786
1575,4,4.8505936
1575,5,4.86422
1575,6,4.8569436
1575,7,4.8374715
1575,8,4.831157
1575,9,4.8208976
1575,10,4.816231
1575,11,4.770531
1575,12,4.765319
1576,1,4.8082514
1576,2,4.8600106
1576,3,4.8603644
1576,4,4.9304986
1576,5,4.9070983
1576,6,4.870414
1576,7,4.846058
1576,8,4.8454366
1576,9,4.839556
1576,10,4.832672
1576,11,4.845319
1576,12,4.8748274
1577,1,4.8460484
1577,2,4.866571
1577,3,4.880846
1577,4,4.9305906
1577,5,4.904202
1577,6,4.8917828
1577,7,4.863152
1577,8,4.8394322
1577,9,4.8458133
1577,10,4.8214483
1577,11,4.8292255
1577,12,4.864004
1578,1,4.751333
1578,2,4.7440834
1578,3,4.805472
1578,4,4.863681
1578,5,4.8703046
1578,6,4.8679347
1578,7,4.8335347
1578,8,4.8220615
1578,9,4.8309298
1578,10,4.8159833
1578,11,4.7690096
1578,12,4.763965
1579,1,4.7892923
1579,2,4.761883
1579,3,4.8571978
1579,4,4.930208
1579,5,4.892397
1579,6,4.8717117
1579,7,4.8347955
1579,8,4.832035
1579,9,4.8414454
1579,10,4.8327017
1579,11,4.8270426
1579,12,4.8509026
1580,1,4.737345
1580,2,4.7358794
1580,3,4.789269
1580,4,4.839506
1580,5,4.8426223
1580,6,4.8479733
1580,7,4.8371973
1580,8,4.81916
1580,9,4.821864
1580,10,4.811902
1580,11,4.7820554
1580,12,4.7512617
1581,1,4.831935
1581,2,4.7870865
1581,3,4.866142
1581,4,4.8927035
1581,5,4.901441
1581,6,4.8624287
1581,7,4.82415
1581,8,4.8203373
1581,9,4.81836
1581,10,4.800929
1581,11,4.8095765
1581,12,4.7868004
1582,1,4.756709
1582,2,4.7645516
1582,3,4.7798986
1582,4,4.825272
1582,5,4.825316
1582,6,4.827176
1582,7,4.817873
1582,8,4.824161
1582,9,4.808291
1582,10,4.7762604
1582,11,4.755082
1582,12,4.71768
1583,1,4.7322254
1583,2,4.743597
1583,3,4.7985053
1583,4,4.833829
1583,5,4.855821
1583,6,4.851575
1583,7,4.839468
1583,8,4.830613
1583,9,4.8280244
1583,10,4.8140197
1583,11,4.800707
1583,12,4.7559814
1584,1,4.779652
1584,2,4.780482
1584,3,4.8443336
1584,4,4.8918157
1584,5,4.877282
1584,6,4.8682203
1584,7,4.8332324
1584,8,4.8279896
1584,9,4.8361635
1584,10,4.809211
1584,11,4.7861795
1584,12,4.8037033
1585,1,4.8356614
1585,2,4.871214
1585,3,4.8645916
1585,4,4.944078
1585,5,4.893419
1585,6,4.879135
1585,7,4.851878
1585,8,4.83712
1585,9,4.8456936
1585,10,4.8206153
1585,11,4.811394
1585,12,4.8304877
1586,1,4.7202024
1586,2,4.7271647
1586,3,4.7401156
1586,4,4.8080354
1586,5,4.8051457
1586,6,4.815529
1586,7,4.819627
1586,8,4.8108883
1586,9,4.824125
1586,10,4.797891
1586,11,4.7493305
1586,12,4.7089353
1587,1,4.733352
1587,2,4.7456684
1587,3,4.7853837
1587,4,4.838162
1587,5,4.854474
1587,6,4.8577557
1587,7,4.8321166
1587,8,4.821263
1587,9,4.824883
1587,10,4.810813
1587,11,4.7609243
1587,12,4.751086
1588,1,4.802609
1588,2,4.815828
1588,3,4.869578
1588,4,4.9024158
1588,5,4.883179
1588,6,4.8593464
1588,7,4.8347354
1588,8,4.8325996
1588,9,4.8358335
1588,10,4.829763
1588,11,4.836947
1588,12,4.8479066
1589,1,4.7562056
1589,2,4.7584825
1589,3,4.8041983
1589,4,4.887313
1589,5,4.860873
1589,6,4.869311
1589,7,4.827807
1589,8,4.8345923
1589,9,4.8344817
1589,10,4.8214736
1589,11,4.814109
1589,12,4.821271
1590,1,4.7049594
1590,2,4.738466
1590,3,4.80907
1590,4,4.8694053
1590,5,4.867381
1590,6,4.865945
1590,7,4.8403535
1590,8,4.835651
1590,9,4.829158
1590,10,4.815263
1590,11,4.773054
1590,12,4.7613273
1591,1,4.7677283
1591,2,4.758892
1591,3,4.827403
1591,4,4.8728557
1591,5,4.861114
1591,6,4.864863
1591,7,4.8232226
1591,8,4.8240843
1591,9,4.8240476
1591,10,4.813062
1591,11,4.7699203
1591,12,4.776114
1592,1,4.786619
1592,2,4.771041
1592,3,4.8308363
1592,4,4.8872414
1592,5,4.86152
1592,6,4.8538756
1592,7,4.829025
1592,8,4.8297753
1592,9,4.8418365
1592,10,4.8217244
1592,11,4.827142
1592,12,4.824815
1593,1,4.725288
1593,2,4.7336154
1593,3,4.7738943
1593,4,4.842974
1593,5,4.8591113
1593,6,4.8484526
1593,7,4.8367243
1593,8,4.817595
1593,9,4.8215365
1593,10,4.8056726
1593,11,4.773434
1593,12,4.759267
1594,1,4.7499695
1594,2,4.7678804
1594,3,4.821927
1594,4,4.855612
1594,5,4.8700695
1594,6,4.862266
1594,7,4.829797
1594,8,4.826595
1594,9,4.824463
1594,10,4.8075004
1594,11,4.7570763
1594,12,4.770592
1595,1,4.7654686
1595,2,4.773021
1595,3,4.822352
1595,4,4.8907037
1595,5,4.87471
1595,6,4.855841
1595,7,4.8236837
1595,8,4.8244953
1595,9,4.81799
1595,10,4.8084693
1595,11,4.7626257
1595,12,4.7701516
1596,1,4.6986003
1596,2,4.730584
1596,3,4.754249
1596,4,4.809659
1596,5,4.8189163
1596,6,4.8289375
1596,7,4.832658
1596,8,4.8253284
1596,9,4.8362937
1596,10,4.815976
1596,11,4.7859282
1596,12,4.7365093
1597,1,4.756589
1597,2,4.77745
1597,3,4.811539
1597,4,4.8546824
1597,5,4.8726826
1597,6,4.852607
1597,7,4.8342786
1597,8,4.829425
1597,9,4.8315206
1597,10,4.8120666
1597,11,4.7591476
1597,12,4.7761774
1598,1,4.789624
1598,2,4.777273
1598,3,4.82899
1598,4,4.9008965
1598,5,4.8787093
1598,6,4.8722343
1598,7,4.835337
1598,8,4.8284473
1598,9,4.8302765
1598,10,4.8180666
1598,11,4.783044
1598,12,4.7867074
1599,1,4.7081175
1599,2,4.725592
1599,3,4.752518
1599,4,4.815936
1599,5,4.822524
1599,6,4.8245225
1599,7,4.837145
1599,8,4.817336
1599,9,4.8353276
1599,10,4.811182
1599,11,4.7707887
1599,12,4.738789
1600,1,4.788571
1600,2,4.787363
1600,3,4.8168845
1600,4,4.8961864
1600,5,4.876311
1600,6,4.8721986
1600,7,4.822967
1600,8,4.8207912
1600,9,4.826532
1600,10,4.8037524
1600,11,4.7930593
1600,12,4.79418
1601,1,4.861359
1601,2,4.907179
1601,3,4.8995743
1601,4,4.9337673
1601,5,4.8817024
1601,6,4.858084
1601,7,4.82901
1601,8,4.8151693
1601,9,4.8022842
1601,10,4.784718
1601,11,4.8133855
1601,12,4.832687
1602,1,4.782459
1602,2,4.793381
1602,3,4.831137
1602,4,4.89792
1602,5,4.8856726
1602,6,4.865984
1602,7,4.8312526
1602,8,4.8255944
1602,9,4.8249774
1602,10,4.8141637
1602,11,4.781547
1602,12,4.789978
1603,1,4.710237
1603,2,4.7480702
1603,3,4.775254
1603,4,4.8449097
1603,5,4.85629
1603,6,4.844623
1603,7,4.831808
1603,8,4.8189955
1603,9,4.836612
1603,10,4.8177185
1603,11,4.7531238
1603,12,4.744012
1604,1,4.703096
1604,2,4.7182136
1604,3,4.7603693
1604,4,4.813079
1604,5,4.8323274
1604,6,4.829404
1604,7,4.835744
1604,8,4.813035
1604,9,4.835666
1604,10,4.8089128
1604,11,4.781479
1604,12,4.740995
1605,1,4.7915516
1605,2,4.7958393
1605,3,4.8208094
1605,4,4.8814692
1605,5,4.8878593
1605,6,4.859202
1605,7,4.8326855
1605,8,4.8240204
1605,9,4.821446
1605,10,4.8167114
1605,11,4.77186
1605,12,4.766685
1606,1,4.717723
1606,2,4.7476773
1606,3,4.7698903
1606,4,4.8358665
1606,5,4.8545904
1606,6,4.8415346
1606,7,4.8291407
1606,8,4.8230605
1606,9,4.834746
1606,10,4.8063717
1606,11,4.7730427
1606,12,4.7451124
1607,1,4.740505
1607,2,4.761932
1607,3,4.833569
1607,4,4.8686566
1607,5,4.8726697
1607,6,4.882071
1607,7,4.8367825
1607,8,4.821688
1607,9,4.8319154
1607,10,4.834101
1607,11,4.8167353
1607,12,4.81857
1608,1,4.788869
1608,2,4.819782
1608,3,4.850857
1608,4,4.944563
1608,5,4.893144
1608,6,4.855403
1608,7,4.8319798
1608,8,4.8208566
1608,9,4.828562
1608,10,4.8162127
1608,11,4.824949
1608,12,4.855883
1609,1,4.760232
1609,2,4.7633715
1609,3,4.828367
1609,4,4.889709
1609,5,4.8860397
1609,6,4.861853
1609,7,4.828463
1609,8,4.8160076
1609,9,4.8354297
1609,10,4.8241634
1609,11,4.8079963
1609,12,4.831847
1610,1,4.709627
1610,2,4.7424335
1610,3,4.7874107
1610,4,4.858331
1610,5,4.834644
1610,6,4.8520756
1610,7,4.819048
1610,8,4.8079185
1610,9,4.8095903
1610,10,4.7900805
1610,11,4.7663603
1610,12,4.7832727
1611,1,4.7301283
1611,2,4.729199
1611,3,4.7585826
1611,4,4.832806
1611,5,4.868083
1611,6,4.8385205
1611,7,4.82966
1611,8,4.8221593
1611,9,4.8273273
1611,10,4.8134847
1611,11,4.7599034
1611,12,4.7419853
1612,1,4.7041097
1612,2,4.7248473
1612,3,4.7461195
1612,4,4.808467
1612,5,4.81695
1612,6,4.8259144
1612,7,4.825541
1612,8,4.816812
1612,9,4.8388333
1612,10,4.8151784
1612,11,4.7783566
1612,12,4.7325916
1613,1,4.789583
1613,2,4.762758
1613,3,4.8265905
1613,4,4.8770194
1613,5,4.904455
1613,6,4.8740125
1613,7,4.8379717
1613,8,4.835042
1613,9,4.836397
1613,10,4.8167305
1613,11,4.793313
1613,12,4.7716727
1614,1,4.7562666
1614,2,4.7436132
1614,3,4.8140383
1614,4,4.8855143
1614,5,4.858613
1614,6,4.863389
1614,7,4.836189
1614,8,4.823512
1614,9,4.836783
1614,10,4.8184066
1614,11,4.8131714
1614,12,4.817824
1615,1,4.753472
1615,2,4.740337
1615,3,4.8101616
1615,4,4.878276
1615,5,4.8780723
1615,6,4.8697734
1615,7,4.8308477
1615,8,4.8283033
1615,9,4.833198
1615,10,4.823348
1615,11,4.7737494
1615,12,4.7789845
1616,1,4.7402654
1616,2,4.734454
1616,3,4.8029895
1616,4,4.868094
1616,5,4.8331676
1616,6,4.8454127
1616,7,4.814978
1616,8,4.8068714
1616,9,4.8074064
1616,10,4.7967277
1616,11,4.7866597
1616,12,4.801096
1617,1,4.7982883
1617,2,4.7886457
1617,3,4.8612247
1617,4,4.9110365
1617,5,4.906865
1617,6,4.8777056
1617,7,4.8584547
1617,8,4.8418584
1617,9,4.8418374
1617,10,4.827986
1617,11,4.841584
1617,12,4.859187
1618,1,4.7180567
1618,2,4.721883
1618,3,4.756039
1618,4,4.8294044
1618,5,4.8401084
1618,6,4.834021
1618,7,4.8363013
1618,8,4.8285627
1618,9,4.8382406
1618,10,4.8245835
1618,11,4.7830787
1618,12,4.7341657
1619,1,4.728235
1619,2,4.731042
1619,3,4.8086166
1619,4,4.8616834
1619,5,4.864844
1619,6,4.8523703
1619,7,4.8254666
1619,8,4.823285
1619,9,4.831651
1619,10,4.8190427
1619,11,4.7927465
1619,12,4.7981215
1620,1,4.780355
1620,2,4.8174477
1620,3,4.8427324
1620,4,4.897951
1620,5,4.886599
1620,6,4.85792
1620,7,4.8235655
1620,8,4.8228254
1620,9,4.825547
1620,10,4.8155627
1620,11,4.8258367
1620,12,4.8591027
1621,1,4.74771
1621,2,4.7515283
1621,3,4.8197465
1621,4,4.8622904
1621,5,4.871904
1621,6,4.865122
1621,7,4.8329883
1621,8,4.8297253
1621,9,4.825606
1621,10,4.8174458
1621,11,4.7774906
1621,12,4.751916
1622,1,4.7808514
1622,2,4.7787175
1622,3,4.8352137
1622,4,4.880859
1622,5,4.872808
1622,6,4.869544
1622,7,4.8269672
1622,8,4.823821
1622,9,4.8218946
1622,10,4.8198314
1622,11,4.774636
1622,12,4.7757936
1623,1,4.7347007
1623,2,4.7453966
1623,3,4.789941
1623,4,4.8364806
1623,5,4.858587
1623,6,4.838736
1623,7,4.8343143
1623,8,4.817098
1623,9,4.830578
1623,10,4.821838
1623,11,4.779949
1623,12,4.748904
1624,1,4.8475246
1624,2,4.9060693
1624,3,4.8732123
1624,4,4.954546
1624,5,4.899794
1624,6,4.8777866
1624,7,4.8577414
1624,8,4.8361554
1624,9,4.8436184
1624,10,4.8126645
1624,11,4.81147
1624,12,4.831421
1625,1,4.7387857
1625,2,4.738583
1625,3,4.7909875
1625,4,4.8498363
1625,5,4.846914
1625,6,4.863755
1625,7,4.829144
1625,8,4.823018
1625,9,4.827063
1625,10,4.8110294
1625,11,4.7765384
1625,12,4.7642927
1626,1,4.743226
1626,2,4.7378736
1626,3,4.776552
1626,4,4.8418307
1626,5,4.864012
1626,6,4.841508
1626,7,4.820651
1626,8,4.820707
1626,9,4.839447
1626,10,4.819808
1626,11,4.7830386
1626,12,4.7806463
1627,1,4.7230825
1627,2,4.7687645
1627,3,4.8086452
1627,4,4.871445
1627,5,4.8440022
1627,6,4.8540998
1627,7,4.8229837
1627,8,4.8151083
1627,9,4.8161135
1627,10,4.80816
1627,11,4.7687955
1627,12,4.777024
1628,1,4.8111567
1628,2,4.7673345
1628,3,4.829121
1628,4,4.895432
1628,5,4.8754897
1628,6,4.8592486
1628,7,4.8293023
1628,8,4.823602
1628,9,4.828969
1628,10,4.818934
1628,11,4.7779384
1628,12,4.7724195
1629,1,4.719168
1629,2,4.7422523
1629,3,4.768821
1629,4,4.832067
1629,5,4.844601
1629,6,4.842387
1629,7,4.8302155
1629,8,4.824653
1629,9,4.8311844
1629,10,4.8165565
1629,11,4.788825
1629,12,4.7331166
1630,1,4.860845
1630,2,4.8480043
1630,3,4.8588157
1630,4,4.9358573
1630,5,4.8821645
1630,6,4.8701844
1630,7,4.8379164
1630,8,4.8293486
1630,9,4.8434477
1630,10,4.8199325
1630,11,4.832837
1630,12,4.828725
1631,1,4.767087
1631,2,4.756553
1631,3,4.8288302
1631,4,4.8844314
1631,5,4.8749394
1631,6,4.871684
1631,7,4.8322873
1631,8,4.8213663
1631,9,4.829606
1631,10,4.8316827
1631,11,4.811842
1631,12,4.8271914
1632,1,4.8029313
1632,2,4.797288
1632,3,4.8192124
1632,4,4.8866577
1632,5,4.874085
1632,6,4.8609366
1632,7,4.829077
1632,8,4.8242426
1632,9,4.8204293
1632,10,4.812867
1632,11,4.7739863
1632,12,4.775599
1633,1,4.819746
1633,2,4.8412457
1633,3,4.8504505
1633,4,4.9189496
1633,5,4.897507
1633,6,4.8686395
1633,7,4.8259234
1633,8,4.831936
1633,9,4.826274
1633,10,4.7947164
1633,11,4.7809024
1633,12,4.8079405
1634,1,4.7826066
1634,2,4.8740854
1634,3,4.8576207
1634,4,4.925326
1634,5,4.8768697
1634,6,4.856991
1634,7,4.830316
1634,8,4.817836
1634,9,4.8134403
1634,10,4.787793
1634,11,4.7768006
1634,12,4.786737
1635,1,4.764436
1635,2,4.780103
1635,3,4.8242717
1635,4,4.878167
1635,5,4.8832755
1635,6,4.8796635
1635,7,4.839742
1635,8,4.813047
1635,9,4.833196
1635,10,4.8185844
1635,11,4.8230634
1635,12,4.8240004
1636,1,4.7131667
1636,2,4.7295685
1636,3,4.776943
1636,4,4.8182635
1636,5,4.8578653
1636,6,4.844139
1636,7,4.8310423
1636,8,4.8236127
1636,9,4.84759
1636,10,4.8093467
1636,11,4.7859592
1636,12,4.731424
1637,1,4.765232
1637,2,4.768971
1637,3,4.8161244
1637,4,4.877009
1637,5,4.8743463
1637,6,4.8672905
1637,7,4.834339
1637,8,4.828892
1637,9,4.8228846
1637,10,4.8153715
1637,11,4.773543
1637,12,4.7730083
1638,1,4.7517695
1638,2,4.742087
1638,3,4.7997746
1638,4,4.8657975
1638,5,4.8673058
1638,6,4.8650575
1638,7,4.8324947
1638,8,4.823493
1638,9,4.8254466
1638,10,4.8083425
1638,11,4.7694206
1638,12,4.7550573
1639,1,4.7047095
1639,2,4.7270465
1639,3,4.7605247
1639,4,4.8258114
1639,5,4.831983
1639,6,4.8335032
1639,7,4.8258166
1639,8,4.8138766
1639,9,4.834971
1639,10,4.818764
1639,11,4.778726
1639,12,4.7374816
1640,1,4.7212386
1640,2,4.7589254
1640,3,4.8135786
1640,4,4.873952
1640,5,4.8416038
1640,6,4.852519
1640,7,4.8238077
1640,8,4.8071866
1640,9,4.8094435
1640,10,4.8000937
1640,11,4.7826285
1640,12,4.796251
1641,1,4.7499757
1641,2,4.7458916
1641,3,4.8174334
1641,4,4.8728557
1641,5,4.865481
1641,6,4.864516
1641,7,4.8334494
1641,8,4.830182
1641,9,4.832103
1641,10,4.818961
1641,11,4.7793255
1641,12,4.770554
1642,1,4.7520094
1642,2,4.762548
1642,3,4.840786
1642,4,4.8708453
1642,5,4.886177
1642,6,4.8710256
1642,7,4.845055
1642,8,4.8329906
1642,9,4.833703
1642,10,4.8065195
1642,11,4.774968
1642,12,4.7594757
1643,1,4.7741427
1643,2,4.8030806
1643,3,4.8578525
1643,4,4.907677
1643,5,4.8860407
1643,6,4.872429
1643,7,4.835746
1643,8,4.833001
1643,9,4.8470716
1643,10,4.834646
1643,11,4.847015
1643,12,4.8598247
1644,1,4.805754
1644,2,4.8243246
1644,3,4.8047023
1644,4,4.9074626
1644,5,4.8841453
1644,6,4.8847933
1644,7,4.848005
1644,8,4.833487
1644,9,4.837185
1644,10,4.8152423
1644,11,4.7915096
1644,12,4.766203
1645,1,4.749055
1645,2,4.7400723
1645,3,4.7735558
1645,4,4.840606
1645,5,4.8495893
1645,6,4.8413143
1645,7,4.8256674
1645,8,4.8128314
1645,9,4.8292
1645,10,4.8191752
1645,11,4.7811246
1645,12,4.7579994
1646,1,4.7424607
1646,2,4.739764
1646,3,4.805733
1646,4,4.868473
1646,5,4.8651814
1646,6,4.8646636
1646,7,4.8297896
1646,8,4.8164363
1646,9,4.8299394
1646,10,4.8209367
1646,11,4.7945523
1646,12,4.8107924
1647,1,4.7572045
1647,2,4.754829
1647,3,4.7776628
1647,4,4.835906
1647,5,4.832294
1647,6,4.839341
1647,7,4.827618
1647,8,4.8238463
1647,9,4.8139324
1647,10,4.7902927
1647,11,4.768307
1647,12,4.739805
1648,1,4.725591
1648,2,4.718819
1648,3,4.7884245
1648,4,4.8379726
1648,5,4.8515615
1648,6,4.8534117
1648,7,4.833058
1648,8,4.8223114
1648,9,4.8256836
1648,10,4.811024
1648,11,4.7754197
1648,12,4.7501197
1649,1,4.7212796
1649,2,4.729495
1649,3,4.7607465
1649,4,4.820414
1649,5,4.8367634
1649,6,4.83704
1649,7,4.8351126
1649,8,4.818181
1649,9,4.8325596
1649,10,4.8045588
1649,11,4.774948
1649,12,4.742108
1650,1,4.7836943
1650,2,4.7897286
1650,3,4.806669
1650,4,4.914678
1650,5,4.890141
1650,6,4.864265
1650,7,4.819416
1650,8,4.810488
1650,9,4.82884
1650,10,4.8193355
1650,11,4.829196
1650,12,4.846705
1651,1,4.699483
1651,2,4.732296
1651,3,4.7525725
1651,4,4.813453
1651,5,4.8242483
1651,6,4.830464
1651,7,4.8357515
1651,8,4.8140345
1651,9,4.841431
1651,10,4.813768
1651,11,4.774122
1651,12,4.7361135
1652,1,4.7045507
1652,2,4.7274914
1652,3,4.7606897
1652,4,4.82068
1652,5,4.8349304
1652,6,4.836036
1652,7,4.8236675
1652,8,4.824619
1652,9,4.833157
1652,10,4.817226
1652,11,4.7754145
1652,12,4.720242
1653,1,4.8445287
1653,2,4.817769
1653,3,4.8616757
1653,4,4.9621096
1653,5,4.8907065
1653,6,4.8802304
1653,7,4.841275
1653,8,4.838344
1653,9,4.8445067
1653,10,4.822195
1653,11,4.832902
1653,12,4.859835
1654,1,4.7908707
1654,2,4.786842
1654,3,4.8360596
1654,4,4.923095
1654,5,4.885062
1654,6,4.8641896
1654,7,4.828543
1654,8,4.829414
1654,9,4.8208456
1654,10,4.8081193
1654,11,4.834928
1654,12,4.85233
1655,1,4.7135572
1655,2,4.7261066
1655,3,4.7641478
1655,4,4.8346314
1655,5,4.8469977
1655,6,4.8481436
1655,7,4.8293853
1655,8,4.8220844
1655,9,4.827153
1655,10,4.815096
1655,11,4.767695
1655,12,4.745109
1656,1,4.894771
1656,2,4.8512535
1656,3,4.8904448
1656,4,4.898219
1656,5,4.898521
1656,6,4.8354588
1656,7,4.808134
1656,8,4.806159
1656,9,4.793632
1656,10,4.78192
1656,11,4.8143997
1656,12,4.8470674
1657,1,4.6954455
1657,2,4.7288494
1657,3,4.753117
1657,4,4.8088007
1657,5,4.814927
1657,6,4.8335547
1657,7,4.8276753
1657,8,4.8211226
1657,9,4.8393116
1657,10,4.814599
1657,11,4.784679
1657,12,4.7404838
1658,1,4.720564
1658,2,4.7210717
1658,3,4.772874
1658,4,4.8341055
1658,5,4.8602214
1658,6,4.8431115
1658,7,4.831576
1658,8,4.822021
1658,9,4.833337
1658,10,4.8173575
1658,11,4.795986
1658,12,4.7588143
1659,1,4.732687
1659,2,4.751969
1659,3,4.8217897
1659,4,4.860959
1659,5,4.8711934
1659,6,4.8560863
1659,7,4.8338428
1659,8,4.8294106
1659,9,4.826059
1659,10,4.81773
1659,11,4.784073
1659,12,4.7441397
1660,1,4.7619977
1660,2,4.7665763
1660,3,4.819863
1660,4,4.876341
1660,5,4.8647723
1660,6,4.8506303
1660,7,4.8340564
1660,8,4.830954
1660,9,4.82705
1660,10,4.8149476
1660,11,4.772719
1660,12,4.753017
1661,1,4.7601433
1661,2,4.7481585
1661,3,4.809126
1661,4,4.85879
1661,5,4.8747935
1661,6,4.8582172
1661,7,4.8344674
1661,8,4.830465
1661,9,4.829868
1661,10,4.8189125
1661,11,4.782578
1661,12,4.7553644
1662,1,4.820636
1662,2,4.835653
1662,3,4.8643
1662,4,4.9095807
1662,5,4.893988
1662,6,4.874834
1662,7,4.8408356
1662,8,4.8233175
1662,9,4.8276687
1662,10,4.804622
1662,11,4.7924438
1662,12,4.7965226
1663,1,4.72001
1663,2,4.7317653
1663,3,4.7673044
1663,4,4.8348055
1663,5,4.8468347
1663,6,4.841485
1663,7,4.8314223
1663,8,4.8305864
1663,9,4.831901
1663,10,4.807854
1663,11,4.779809
1663,12,4.7460017
1664,1,4.7792716
1664,2,4.783031
1664,3,4.8260016
1664,4,4.879593
1664,5,4.8860326
1664,6,4.864856
1664,7,4.825996
1664,8,4.823941
1664,9,4.82753
1664,10,4.815269
1664,11,4.7769036
1664,12,4.7777863
1665,1,4.706536
1665,2,4.7265525
1665,3,4.7515507
1665,4,4.8178577
1665,5,4.845157
1665,6,4.8374624
1665,7,4.8376007
1665,8,4.824657
1665,9,4.8279138
1665,10,4.8138824
1665,11,4.7741265
1665,12,4.74555
1666,1,4.724685
1666,2,4.7537084
1666,3,4.7752075
1666,4,4.8459425
1666,5,4.8459396
1666,6,4.8497996
1666,7,4.8297343
1666,8,4.8189077
1666,9,4.83079
1666,10,4.8181553
1666,11,4.7762327
1666,12,4.754009
1667,1,4.912983
1667,2,4.860133
1667,3,4.8934307
1667,4,4.966564
1667,5,4.8975406
1667,6,4.8661213
1667,7,4.8369274
1667,8,4.8082485
1667,9,4.8145084
1667,10,4.7921824
1667,11,4.792538
1667,12,4.8624516
1668,1,4.8476133
1668,2,4.84248
1668,3,4.86441
1668,4,4.9252095
1668,5,4.9196606
1668,6,4.8749037
1668,7,4.845565
1668,8,4.8560934
1668,9,4.840093
1668,10,4.845385
1668,11,4.8650074
1668,12,4.907462
1669,1,4.693015
1669,2,4.722152
1669,3,4.7399187
1669,4,4.8144317
1669,5,4.8225603
1669,6,4.8274264
1669,7,4.8339067
1669,8,4.8216095
1669,9,4.8345795
1669,10,4.8110275
1669,11,4.7760053
1669,12,4.7302656
1670,1,4.755203
1670,2,4.7542357
1670,3,4.786136
1670,4,4.8247204
1670,5,4.8282213
1670,6,4.832454
1670,7,4.824016
1670,8,4.8203616
1670,9,4.8101816
1670,10,4.787801
1670,11,4.764178
1670,12,4.7294183
1671,1,4.702912
1671,2,4.725301
1671,3,4.752199
1671,4,4.811851
1671,5,4.8240113
1671,6,4.8278513
1671,7,4.8250823
1671,8,4.821402
1671,9,4.8380575
1671,10,4.818491
1671,11,4.768367
1671,12,4.7391095
1672,1,4.836752
1672,2,4.819962
1672,3,4.858808
1672,4,4.901753
1672,5,4.8820405
1672,6,4.8676972
1672,7,4.82716
1672,8,4.81958
1672,9,4.8322906
1672,10,4.8059087
1672,11,4.776089
1672,12,4.791926
1673,1,4.732982
1673,2,4.7353945
1673,3,4.7906733
1673,4,4.840846
1673,5,4.865288
1673,6,4.8507123
1673,7,4.830547
1673,8,4.822496
1673,9,4.831788
1673,10,4.8243766
1673,11,4.80156
1673,12,4.7530107
1674,1,4.770928
1674,2,4.787791
1674,3,4.8292856
1674,4,4.8935366
1674,5,4.8762155
1674,6,4.8697553
1674,7,4.8379035
1674,8,4.817062
1674,9,4.8367596
1674,10,4.824486
1674,11,4.8258834
1674,12,4.8407593
1675,1,4.7062044
1675,2,4.7388067
1675,3,4.7701783
1675,4,4.8248944
1675,5,4.852948
1675,6,4.8417993
1675,7,4.838872
1675,8,4.820526
1675,9,4.8276253
1675,10,4.8148594
1675,11,4.763514
1675,12,4.7269835
1676,1,4.771317
1676,2,4.783027
1676,3,4.824072
1676,4,4.8807344
1676,5,4.8767314
1676,6,4.8623257
1676,7,4.827503
1676,8,4.8243437
1676,9,4.8309736
1676,10,4.81185
1676,11,4.774599
1676,12,4.770877
1677,1,4.7209353
1677,2,4.741489
1677,3,4.7992697
1677,4,4.859702
1677,5,4.859127
1677,6,4.8552604
1677,7,4.82819
1677,8,4.816739
1677,9,4.823183
1677,10,4.812587
1677,11,4.7722263
1677,12,4.7726707
1678,1,4.7265997
1678,2,4.7361307
1678,3,4.8112416
1678,4,4.839432
1678,5,4.8083873
1678,6,4.8137355
1678,7,4.796763
1678,8,4.7735777
1678,9,4.787059
1678,10,4.767964
1678,11,4.771992
1678,12,4.7800703
1679,1,4.797593
1679,2,4.790654
1679,3,4.816219
1679,4,4.88908
1679,5,4.8851466
1679,6,4.872489
1679,7,4.831655
1679,8,4.818921
1679,9,4.8370595
1679,10,4.8004737
1679,11,4.785499
1679,12,4.7641544
1680,1,4.69828
1680,2,4.723224
1680,3,4.745784
1680,4,4.807682
1680,5,4.8268137
1680,6,4.829331
1680,7,4.8314404
1680,8,4.8197885
1680,9,4.8355618
1680,10,4.8184752
1680,11,4.7702336
1680,12,4.726336
1681,1,4.743928
1681,2,4.756995
1681,3,4.8304563
1681,4,4.867206
1681,5,4.866615
1681,6,4.845179
1681,7,4.822654
1681,8,4.801704
1681,9,4.81255
1681,10,4.794013
1681,11,4.7786674
1681,12,4.819042
1682,1,4.726597
1682,2,4.7468004
1682,3,4.7721076
1682,4,4.842777
1682,5,4.8619776
1682,6,4.8474636
1682,7,4.8354187
1682,8,4.81941
1682,9,4.836855
1682,10,4.8159943
1682,11,4.778558
1682,12,4.7471895
1683,1,4.8094487
1683,2,4.791311
1683,3,4.8289723
1683,4,4.914135
1683,5,4.8753924
1683,6,4.86012
1683,7,4.847243
1683,8,4.8200593
1683,9,4.8219256
1683,10,4.801258
1683,11,4.768601
1683,12,4.7901063
1684,1,4.7144537
1684,2,4.7398043
1684,3,4.7766323
1684,4,4.8289294
1684,5,4.8434806
1684,6,4.8441243
1684,7,4.829297
1684,8,4.816572
1684,9,4.8271737
1684,10,4.819105
1684,11,4.789064
1684,12,4.74514
1685,1,4.7077813
1685,2,4.7291217
1685,3,4.791783
1685,4,4.8561497
1685,5,4.853153
1685,6,4.845748
1685,7,4.8183017
1685,8,4.810392
1685,9,4.816943
1685,10,4.7960324
1685,11,4.761394
1685,12,4.769185
1686,1,4.792798
1686,2,4.800506
1686,3,4.828843
1686,4,4.9062724
1686,5,4.8878903
1686,6,4.8615108
1686,7,4.8234563
1686,8,4.8268933
1686,9,4.8198557
1686,10,4.806269
1686,11,4.785858
1686,12,4.7979236
1687,1,4.748422
1687,2,4.7314186
1687,3,4.810125
1687,4,4.86605
1687,5,4.8646035
1687,6,4.863723
1687,7,4.83609
1687,8,4.8162675
1687,9,4.8373117
1687,10,4.8253546
1687,11,4.805923
1687,12,4.8001614
1688,1,4.7274175
1688,2,4.7367115
1688,3,4.7751727
1688,4,4.8461123
1688,5,4.859073
1688,6,4.8415804
1688,7,4.8364825
1688,8,4.82132
1688,9,4.833878
1688,10,4.8225417
1688,11,4.788684
1688,12,4.7462597
1689,1,4.771884
1689,2,4.7785544
1689,3,4.8142715
1689,4,4.8702207
1689,5,4.864642
1689,6,4.8585815
1689,7,4.8281527
1689,8,4.819488
1689,9,4.8201118
1689,10,4.8083043
1689,11,4.7696524
1689,12,4.7768054
1690,1,4.7531967
1690,2,4.7667813
1690,3,4.812134
1690,4,4.8569136
1690,5,4.89061
1690,6,4.868246
1690,7,4.8455987
1690,8,4.8369884
1690,9,4.8442445
1690,10,4.8185496
1690,11,4.7947984
1690,12,4.767163
1691,1,4.7680616
1691,2,4.76007
1691,3,4.8165383
1691,4,4.868291
1691,5,4.8705297
1691,6,4.8627143
1691,7,4.830467
1691,8,4.82591
1691,9,4.817827
1691,10,4.8142676
1691,11,4.7669315
1691,12,4.7799463
1692,1,4.884567
1692,2,4.9815927
1692,3,4.875504
1692,4,4.9918275
1692,5,4.9258213
1692,6,4.8737035
1692,7,4.8752255
1692,8,4.850616
1692,9,4.845717
1692,10,4.8139906
1692,11,4.833682
1692,12,4.888081
1693,1,4.7228103
1693,2,4.729173
1693,3,4.7822227
1693,4,4.817649
1693,5,4.8055353
1693,6,4.8148074
1693,7,4.7855806
1693,8,4.7736125
1693,9,4.7875905
1693,10,4.756248
1693,11,4.774228
1693,12,4.872002
1694,1,4.7641683
1694,2,4.7702417
1694,3,4.796533
1694,4,4.8886337
1694,5,4.871982
1694,6,4.855057
1694,7,4.8404946
1694,8,4.814643
1694,9,4.837099
1694,10,4.824633
1694,11,4.814704
1694,12,4.8268504
1695,1,4.7192535
1695,2,4.7397413
1695,3,4.7848697
1695,4,4.8346834
1695,5,4.8452735
1695,6,4.838085
1695,7,4.8356776
1695,8,4.823347
1695,9,4.8246017
1695,10,4.8053427
1695,11,4.7712154
1695,12,4.748164
1696,1,4.694498
1696,2,4.723792
1696,3,4.7519155
1696,4,4.803952
1696,5,4.8160543
1696,6,4.8339086
1696,7,4.8308177
1696,8,4.820855
1696,9,4.838878
1696,10,4.813687
1696,11,4.779573
1696,12,4.734693
1697,1,4.696557
1697,2,4.734914
1697,3,4.761094
1697,4,4.8125734
1697,5,4.822093
1697,6,4.8307323
1697,7,4.8292727
1697,8,4.8171673
1697,9,4.834374
1697,10,4.812216
1697,11,4.7733684
1697,12,4.7398944
1698,1,4.7278
1698,2,4.74007
1698,3,4.801566
1698,4,4.843209
1698,5,4.8760552
1698,6,4.8596888
1698,7,4.8388195
1698,8,4.828663
1698,9,4.8319087
1698,10,4.816848
1698,11,4.770194
1698,12,4.739593
1699,1,4.7733536
1699,2,4.7387714
1699,3,4.8263226
1699,4,4.897704
1699,5,4.8664384
1699,6,4.8677516
1699,7,4.8355217
1699,8,4.8205366
1699,9,4.851437
1699,10,4.8202534
1699,11,4.8286314
1699,12,4.824273
1700,1,4.773872
1700,2,4.7539315
1700,3,4.805199
1700,4,4.8753285
1700,5,4.884167
1700,6,4.8611193
1700,7,4.8406887
1700,8,4.83173
1700,9,4.8451004
1700,10,4.811145
1700,11,4.7853584
1700,12,4.7648506
1701,1,4.820954
1701,2,4.8401957
1701,3,4.8640704
1701,4,4.914216
1701,5,4.882698
1701,6,4.866422
1701,7,4.82517
1701,8,4.8311353
1701,9,4.8280926
1701,10,4.803732
1701,11,4.7762866
1701,12,4.8215475
1702,1,4.6835318
1702,3,4.8065624
1702,4,4.813879
1702,5,4.83037
1702,6,4.819397
1702,7,4.824964
1702,8,4.822591
1702,9,4.8281937
1702,10,4.806256
1702,11,4.753559
1702,12,4.7350774
1703,1,4.8129783
1703,2,4.7824283
1703,3,4.8213043
1703,4,4.8981557
1703,5,4.876355
1703,6,4.861552
1703,7,4.8282456
1703,8,4.829421
1703,9,4.8253884
1703,10,4.8060603
1703,11,4.7759557
1703,12,4.7797356
1704,1,4.789047
1704,2,4.755112
1704,3,4.8266487
1704,4,4.895044
1704,5,4.875016
1704,6,4.860941
1704,7,4.8215365
1704,8,4.8234878
1704,9,4.820257
1704,10,4.7962523
1704,11,4.761504
1704,12,4.7810006
1705,1,4.776117
1705,2,4.764371
1705,3,4.8112574
1705,4,4.8855977
1705,5,4.9003973
1705,6,4.8666444
1705,7,4.8481903
1705,8,4.8404627
1705,9,4.8576045
1705,10,4.8187075
1705,11,4.779358
1705,12,4.759807
1706,1,4.7868996
1706,2,4.761857
1706,3,4.8284
1706,4,4.9065332
1706,5,4.8819757
1706,6,4.8636913
1706,7,4.841234
1706,8,4.8230305
1706,9,4.844349
1706,10,4.8320584
1706,11,4.8173523
1706,12,4.855841
1707,1,4.822057
1707,2,4.837857
1707,3,4.8382845
1707,4,4.928335
1707,5,4.902471
1707,6,4.888457
1707,7,4.828497
1707,8,4.8230186
1707,9,4.8249097
1707,10,4.8036933
1707,11,4.793545
1707,12,4.8035274
1708,1,4.839252
1708,2,4.8381314
1708,3,4.847169
1708,4,4.928822
1708,5,4.8975244
1708,6,4.8742127
1708,7,4.8469324
1708,8,4.8449664
1708,9,4.8342595
1708,10,4.831728
1708,11,4.8383145
1708,12,4.8952613
1709,1,4.776868
1709,2,4.7852645
1709,3,4.8181458
1709,4,4.885219
1709,5,4.872924
1709,6,4.8670244
1709,7,4.830403
1709,8,4.8238306
1709,9,4.8310294
1709,10,4.817394
1709,11,4.781273
1709,12,4.771974
1710,1,4.8142138
1710,2,4.7865696
1710,3,4.871509
1710,4,4.905414
1710,5,4.875785
1710,6,4.880446
1710,7,4.854327
1710,8,4.8171625
1710,9,4.8262677
1710,10,4.810478
1710,11,4.7779684
1710,12,4.7703176
1711,1,4.8301735
1711,2,4.8535953
1711,3,4.8671145
1711,4,4.9438524
1711,5,4.9011126
1711,6,4.8710365
1711,7,4.852625
1711,8,4.8360696
1711,9,4.841521
1711,10,4.823039
1711,11,4.825355
1711,12,4.8612456
1712,1,4.7412233
1712,2,4.745811
1712,3,4.8149767
1712,4,4.869773
1712,5,4.8730736
1712,6,4.8592095
1712,7,4.8354454
1712,8,4.827041
1712,9,4.8296957
1712,10,4.815744
1712,11,4.7723193
1712,12,4.755138
1713,1,4.7295365
1713,2,4.740293
1713,3,4.769632
1713,4,4.832997
1713,5,4.854763
1713,6,4.8487077
1713,7,4.8333178
1713,8,4.820695
1713,9,4.829196
1713,10,4.816387
1713,11,4.7923546
1713,12,4.735667
1714,1,4.812228
1714,2,4.818366
1714,3,4.831526
1714,4,4.9122972
1714,5,4.8949447
1714,6,4.869306
1714,7,4.834475
1714,8,4.8310695
1714,9,4.8317695
1714,10,4.8061557
1714,11,4.7726393
1714,12,4.798704
1715,1,4.775339
1715,2,4.7583265
1715,3,4.8325844
1715,4,4.85911
1715,5,4.864533
1715,6,4.8530817
1715,7,4.827653
1715,8,4.8113
1715,9,4.8181276
1715,10,4.8189173
1715,11,4.801121
1715,12,4.766933
1716,1,4.7675753
1716,2,4.7508073
1716,3,4.8314347
1716,4,4.885613
1716,5,4.8791413
1716,6,4.8581467
1716,7,4.8417892
1716,8,4.830411
1716,9,4.8421454
1716,10,4.813925
1716,11,4.7798867
1716,12,4.7641706
1717,1,4.72229
1717,2,4.736971
1717,3,4.784549
1717,4,4.8420243
1717,5,4.856089
1717,6,4.84753
1717,7,4.839558
1717,8,4.824633
1717,9,4.834663
1717,10,4.8120823
1717,11,4.7567773
1717,12,4.746893
1718,1,4.819716
1718,2,4.8996406
1718,3,4.893628
1718,4,4.9374466
1718,5,4.892747
1718,6,4.84621
1718,7,4.8273225
1718,8,4.8182583
1718,9,4.8135386
1718,10,4.79019
1718,11,4.811211
1718,12,4.843038
1719,1,4.7848997
1719,2,4.7798204
1719,3,4.815561
1719,4,4.8915052
1719,5,4.8818245
1719,6,4.863663
1719,7,4.8327513
1719,8,4.827415
1719,9,4.8236513
1719,10,4.805407
1719,11,4.7723913
1719,12,4.77054
1720,1,4.710891
1720,2,4.733852
1720,3,4.751029
1720,4,4.822341
1720,5,4.841282
1720,6,4.8371253
1720,7,4.8391733
1720,8,4.8229795
1720,9,4.844536
1720,10,4.8250465
1720,11,4.8002925
1720,12,4.745233
1721,1,4.8164234
1721,2,4.7968483
1721,3,4.813635
1721,4,4.880141
1721,5,4.89559
1721,6,4.8815274
1721,7,4.84555
1721,8,4.8382373
1721,9,4.8382173
1721,10,4.8067627
1721,11,4.7957635
1721,12,4.7708483
1722,1,4.717491
1722,2,4.729607
1722,3,4.7638187
1722,4,4.8303356
1722,5,4.8339543
1722,6,4.842807
1722,7,4.826751
1722,8,4.8203273
1722,9,4.833976
1722,10,4.815011
1722,11,4.771986
1722,12,4.7283864
1723,1,4.7246957
1723,2,4.7496843
1723,3,4.79564
1723,4,4.8487883
1723,5,4.84901
1723,6,4.853039
1723,7,4.841976
1723,8,4.824834
1723,9,4.8284264
1723,10,4.8156743
1723,11,4.7788615
1723,12,4.746533
1724,1,4.736885
1724,2,4.742014
1724,3,4.776605
1724,4,4.8469305
1724,5,4.8588896
1724,6,4.8403244
1724,7,4.8303967
1724,8,4.8149643
1724,9,4.842904
1724,10,4.812716
1724,11,4.7843723
1724,12,4.7575307
1725,1,4.88732
1725,2,4.899196
1725,3,4.87822
1725,4,4.9525576
1725,5,4.9248967
1725,6,4.883736
1725,7,4.856537
1725,8,4.835989
1725,9,4.838785
1725,10,4.8041735
1725,11,4.835748
1725,12,4.858118
1726,1,4.7615147
1726,2,4.7765107
1726,3,4.8103824
1726,4,4.8786263
1726,5,4.882285
1726,6,4.876951
1726,7,4.836654
1726,8,4.8358583
1726,9,4.8435783
1726,10,4.8019524
1726,11,4.7758865
1726,12,4.7695637
1727,1,4.7936754
1727,2,4.79106
1727,3,4.824585
1727,4,4.8891644
1727,5,4.888686
1727,6,4.8621397
1727,7,4.829256
1727,8,4.82476
1727,9,4.824039
1727,10,4.80984
1727,11,4.779804
1727,12,4.7744527
1728,1,4.724031
1728,2,4.744548
1728,3,4.7863207
1728,4,4.8417044
1728,5,4.846989
1728,6,4.857201
1728,7,4.830293
1728,8,4.823157
1728,9,4.8225536
1728,10,4.8219857
1728,11,4.7771344
1728,12,4.7316313
1729,1,4.7852497
1729,2,4.8216157
1729,3,4.855335
1729,4,4.9320326
1729,5,4.900901
1729,6,4.860994
1729,7,4.838112
1729,8,4.8336787
1729,9,4.8397384
1729,10,4.8273053
1729,11,4.8526893
1729,12,4.883036
1730,1,4.7979207
1730,2,4.7930174
1730,3,4.8160415
1730,4,4.884375
1730,5,4.8887215
1730,6,4.872732
1730,7,4.849349
1730,8,4.833541
1730,9,4.8396187
1730,10,4.811152
1730,11,4.783654
1730,12,4.7716484
1731,1,4.768935
1731,2,4.789229
1731,3,4.8060145
1731,4,4.8847966
1731,5,4.886466
1731,6,4.8787556
1731,7,4.841881
1731,8,4.833215
1731,9,4.839275
1731,10,4.8086424
1731,11,4.7934775
1731,12,4.769887
1732,1,4.7944665
1732,2,4.808424
1732,3,4.849959
1732,4,4.9017863
1732,5,4.871702
1732,6,4.8527374
1732,7,4.8181615
1732,8,4.819767
1732,9,4.8198204
1732,10,4.80889
1732,11,4.7720323
1732,12,4.780663
1733,1,4.842881
1733,2,4.842057
1733,3,4.8203454
1733,4,4.8979106
1733,5,4.8960137
1733,6,4.8812566
1733,7,4.826156
1733,8,4.8263645
1733,9,4.8317842
1733,10,4.81537
1733,11,4.786656
1733,12,4.7974696
1734,1,4.7496853
1734,2,4.737894
1734,3,4.80753
1734,4,4.864542
1734,5,4.872194
1734,6,4.86574
1734,7,4.8348145
1734,8,4.825051
1734,9,4.824533
1734,10,4.812795
1734,11,4.779653
1734,12,4.758451
1735,1,4.726306
1735,2,4.7345424
1735,3,4.7569933
1735,4,4.8271084
1735,5,4.842312
1735,6,4.837192
1735,7,4.8249235
1735,8,4.818431
1735,9,4.827844
1735,10,4.821315
1735,11,4.776557
1735,12,4.7401605
1736,1,4.784972
1736,2,4.7457557
1736,3,4.824474
1736,4,4.86808
1736,5,4.8819633
1736,6,4.86757
1736,7,4.852294
1736,8,4.837603
1736,9,4.8454237
1736,10,4.807886
1736,11,4.7964983
1736,12,4.761129
1737,1,4.732428
1737,2,4.7435555
1737,3,4.779494
1737,4,4.8351393
1737,5,4.855153
1737,6,4.852864
1737,7,4.837365
1737,8,4.82074
1737,9,4.8284945
1737,10,4.810358
1737,11,4.762738
1737,12,4.7434425
1738,1,4.7570453
1738,2,4.7718487
1738,3,4.8547583
1738,4,4.9069734
1738,5,4.8735795
1738,6,4.85158
1738,7,4.836507
1738,8,4.8313694
1738,9,4.836367
1738,10,4.818948
1738,11,4.869802
1738,12,4.848224
1739,1,4.860473
1739,2,4.8519683
1739,3,4.8921056
1739,4,4.948776
1739,5,4.9203987
1739,6,4.8874836
1739,7,4.8585715
1739,8,4.8401923
1739,9,4.83309
1739,10,4.8202934
1739,11,4.831779
1739,12,4.8498683
1740,1,4.7847743
1740,2,4.770575
1740,3,4.794364
1740,4,4.8691087
1740,5,4.8896646
1740,6,4.8670254
1740,7,4.841
1740,8,4.829466
1740,9,4.8456492
1740,10,4.8120627
1740,11,4.7733727
1740,12,4.7678194
1741,1,4.772161
1741,2,4.7545304
1741,3,4.8449306
1741,4,4.871726
1741,5,4.872956
1741,6,4.868701
1741,7,4.8400455
1741,8,4.835278
1741,9,4.8447156
1741,10,4.814611
1741,11,4.7788205
1741,12,4.7602224
1742,1,4.7741175
1742,2,4.7813115
1742,3,4.8246536
1742,4,4.881258
1742,5,4.873107
1742,6,4.8643703
1742,7,4.8165455
1742,8,4.820379
1742,9,4.8134046
1742,10,4.798929
1742,11,4.7534432
1742,12,4.76987
1743,1,4.7643995
1743,2,4.769745
1743,3,4.810008
1743,4,4.8697968
1743,5,4.8841543
1743,6,4.8742294
1743,7,4.8449664
1743,8,4.8356276
1743,9,4.847714
1743,10,4.8073173
1743,11,4.7823954
1743,12,4.7714844
1744,1,4.728109
1744,2,4.7275834
1744,3,4.777783
1744,4,4.841715
1744,5,4.84921
1744,6,4.84144
1744,7,4.8415813
1744,8,4.8239684
1744,9,4.8245773
1744,10,4.8077426
1744,11,4.7708464
1744,12,4.7488546
1745,1,4.719514
1745,2,4.7401943
1745,3,4.8133893
1745,4,4.8494425
1745,5,4.878358
1745,6,4.8618145
1745,7,4.8374414
1745,8,4.827369
1745,9,4.82866
1745,10,4.810334
1745,11,4.777991
1745,12,4.764349
1746,1,4.722078
1746,2,4.7257733
1746,3,4.7436633
1746,4,4.8163447
1746,5,4.8333287
1746,6,4.8453193
1746,7,4.825034
1746,8,4.813866
1746,9,4.827683
1746,10,4.7987537
1746,11,4.7649527
1746,12,4.7341537
1747,1,4.8178425
1747,2,4.8289223
1747,3,4.8702655
1747,4,4.934941
1747,5,4.9116044
1747,6,4.881975
1747,7,4.8566036
1747,8,4.841936
1747,9,4.8467336
1747,10,4.8419185
1747,11,4.868845
1747,12,4.8866897
1748,1,4.7463183
1748,2,4.744257
1748,3,4.7727375
1748,4,4.826913
1748,5,4.8333445
1748,6,4.8405123
1748,7,4.822048
1748,8,4.828986
1748,9,4.8196187
1748,10,4.800401
1748,11,4.760378
1748,12,4.7345214
1749,1,4.6931553
1749,2,4.7144766
1749,3,4.7557683
1749,4,4.8053546
1749,5,4.829593
1749,6,4.826939
1749,7,4.8324184
1749,8,4.818709
1749,9,4.83817
1749,10,4.814736
1749,11,4.7850876
1749,12,4.7384496
1750,1,4.7589912
1750,2,4.7573047
1750,3,4.8069315
1750,4,4.8745728
1750,5,4.8740273
1750,6,4.868434
1750,7,4.8330326
1750,8,4.8279443
1750,9,4.825526
1750,10,4.8115635
1750,11,4.770475
1750,12,4.767796
1751,1,4.770709
1751,2,4.775424
1751,3,4.814999
1751,4,4.881923
1751,5,4.890333
1751,6,4.8743215
1751,7,4.8465257
1751,8,4.8376703
1751,9,4.8365154
1751,10,4.798456
1751,11,4.7865644
1751,12,4.761478
1752,1,4.745829
1752,2,4.8112288
1752,3,4.849854
1752,4,4.8880305
1752,5,4.8873606
1752,6,4.846507
1752,7,4.8258
1752,8,4.8262553
1752,9,4.818158
1752,10,4.808058
1752,11,4.8481936
1752,12,4.8388863
1753,1,4.733208
1753,2,4.750301
1753,3,4.8117094
1753,4,4.8716354
1753,5,4.88076
1753,6,4.85914
1753,7,4.8398848
1753,8,4.8337746
1753,9,4.841476
1753,10,4.82259
1753,11,4.7791977
1753,12,4.747706
1754,1,4.8221264
1754,2,4.842019
1754,3,4.865303
1754,4,4.9406466
1754,5,4.9004154
1754,6,4.8748755
1754,7,4.843112
1754,8,4.8445835
1754,9,4.8553553
1754,10,4.8420587
1754,11,4.8611374
1754,12,4.913759
1755,1,4.731995
1755,2,4.735902
1755,3,4.801975
1755,4,4.844849
1755,5,4.8694406
1755,6,4.868419
1755,7,4.834061
1755,8,4.8286214
1755,9,4.82657
1755,10,4.817399
1755,11,4.7855067
1755,12,4.7537327
1756,1,4.7907233
1756,2,4.796388
1756,3,4.8271713
1756,4,4.890696
1756,5,4.884704
1756,6,4.877261
1756,7,4.8393207
1756,8,4.8384533
1756,9,4.84036
1756,10,4.8096995
1756,11,4.7944303
1756,12,4.7808847
1757,1,4.799105
1757,2,4.7920933
1757,3,4.8078213
1757,4,4.9007564
1757,5,4.884222
1757,6,4.8693585
1757,7,4.8442926
1757,8,4.8219786
1757,9,4.847292
1757,10,4.809161
1757,11,4.7814918
1757,12,4.7742405
1758,1,4.7585173
1758,2,4.757074
1758,3,4.8161306
1758,4,4.8591647
1758,5,4.880125
1758,6,4.862191
1758,7,4.8338523
1758,8,4.824909
1758,9,4.8344183
1758,10,4.8172045
1758,11,4.7775917
1758,12,4.7519617
1759,1,4.7913523
1759,2,4.7973537
1759,3,4.84861
1759,4,4.919252
1759,5,4.894032
1759,6,4.873345
1759,7,4.8336797
1759,8,4.8314967
1759,9,4.8435616
1759,10,4.851163
1759,11,4.86098
1759,12,4.868228
1760,1,4.776375
1760,2,4.8060102
1760,3,4.808479
1760,4,4.8806787
1760,5,4.8864136
1760,6,4.86937
1760,7,4.844498
1760,8,4.8274007
1760,9,4.8324504
1760,10,4.8006573
1760,11,4.7799935
1760,12,4.7708445
1761,1,4.724198
1761,2,4.7556214
1761,3,4.8121963
1761,4,4.869191
1761,5,4.8465257
1761,6,4.849868
1761,7,4.8199296
1761,8,4.809534
1761,9,4.8123713
1761,10,4.7996407
1761,11,4.779762
1761,12,4.7944446
1762,1,4.7142744
1762,2,4.7230167
1762,3,4.776782
1762,4,4.835865
1762,5,4.856186
1762,6,4.8405423
1762,7,4.8378787
1762,8,4.8200355
1762,9,4.8342304
1762,10,4.811238
1762,11,4.7779636
1762,12,4.7612324
1763,1,4.7102895
1763,2,4.7168884
1763,3,4.7703185
1763,4,4.8545704
1763,5,4.8492436
1763,6,4.8572693
1763,7,4.8220763
1763,8,4.817369
1763,9,4.822041
1763,10,4.812395
1763,11,4.7671385
1763,12,4.773523
1764,1,4.7689376
1764,2,4.7862616
1764,3,4.810084
1764,4,4.8800445
1764,5,4.9009476
1764,6,4.869413
1764,7,4.8526883
1764,8,4.839421
1764,9,4.8412285
1764,10,4.802593
1764,11,4.7983117
1764,12,4.7600937
1765,1,4.8424735
1765,2,4.874835
1765,3,4.8959627
1765,4,4.9459796
1765,5,4.9126506
1765,6,4.8700333
1765,7,4.839635
1765,8,4.818229
1765,9,4.814248
1765,10,4.8080373
1765,11,4.8668857
1765,12,4.8524613
1766,1,4.78246
1766,2,4.7731624
1766,3,4.807269
1766,4,4.8826895
1766,5,4.8593755
1766,6,4.8558965
1766,7,4.8178678
1766,8,4.8148527
1766,9,4.821365
1766,10,4.795597
1766,11,4.776067
1766,12,4.7715592
1767,1,4.807834
1767,2,4.7697425
1767,3,4.849693
1767,4,4.899713
1767,5,4.894551
1767,6,4.866183
1767,7,4.825643
1767,8,4.8375688
1767,9,4.84205
1767,10,4.820922
1767,11,4.832225
1767,12,4.83624
1768,1,4.734906
1768,2,4.7339344
1768,3,4.7954855
1768,4,4.8374248
1768,5,4.855628
1768,6,4.844607
1768,7,4.83501
1768,8,4.8253374
1768,9,4.832765
1768,10,4.821502
1768,11,4.7879663
1768,12,4.7497087
1769,1,4.748843
1769,2,4.7540255
1769,3,4.802072
1769,4,4.882711
1769,5,4.8697386
1769,6,4.8606668
1769,7,4.8407793
1769,8,4.802443
1769,9,4.833711
1769,10,4.848779
1769,11,4.810041
1769,12,4.7989664
1770,1,4.7148232
1770,2,4.720004
1770,3,4.7648993
1770,4,4.8273344
1770,5,4.8567257
1770,6,4.8357296
1770,7,4.824495
1770,8,4.822186
1770,9,4.835174
1770,10,4.813174
1770,11,4.776237
1770,12,4.751044
1771,1,4.7069325
1771,2,4.729419
1771,3,4.768336
1771,4,4.8263435
1771,5,4.8341036
1771,6,4.833582
1771,7,4.8352914
1771,8,4.823197
1771,9,4.830252
1771,10,4.803951
1771,11,4.775471
1771,12,4.74169
1772,1,4.734776
1772,2,4.75686
1772,3,4.795093
1772,4,4.8629313
1772,5,4.8638806
1772,6,4.8522134
1772,7,4.8387146
1772,8,4.821453
1772,9,4.827422
1772,10,4.8108954
1772,11,4.771774
1772,12,4.762779
1773,1,4.7722826
1773,2,4.759944
1773,3,4.7821097
1773,4,4.867706
1773,5,4.8776054
1773,6,4.861947
1773,7,4.8306594
1773,8,4.8266115
1773,9,4.821054
1773,10,4.8094153
1773,11,4.7687716
1773,12,4.7651095
1774,1,4.719728
1774,2,4.7470083
1774,3,4.7886124
1774,4,4.8613677
1774,5,4.849393
1774,6,4.860557
1774,7,4.827219
1774,8,4.810857
1774,9,4.8118463
1774,10,4.794642
1774,11,4.774348
1774,12,4.788994
1775,1,4.7729435
1775,2,4.7522793
1775,3,4.8218775
1775,4,4.872064
1775,5,4.8794107
1775,6,4.858434
1775,7,4.830274
1775,8,4.825277
1775,9,4.832798
1775,10,4.8138633
1775,11,4.779035
1775,12,4.7742558
1776,1,4.735436
1776,2,4.7650375
1776,3,4.7829156
1776,4,4.8555064
1776,5,4.865925
1776,6,4.8327456
1776,7,4.8359637
1776,8,4.816787
1776,9,4.818556
1776,10,4.8220406
1776,11,4.7695823
1776,12,4.7561717
1777,1,4.8665333
1777,2,4.8697286
1777,3,4.8791537
1777,4,4.944775
1777,5,4.908256
1777,6,4.8827724
1777,7,4.8535438
1777,8,4.8465943
1777,9,4.8423033
1777,10,4.8329406
1777,11,4.8239717
1777,12,4.857482
1778,1,4.705229
1778,2,4.7204633
1778,3,4.747938
1778,4,4.815371
1778,5,4.8433723
1778,6,4.832891
1778,7,4.834619
1778,8,4.825282
1778,9,4.836279
1778,10,4.820007
1778,11,4.775858
1778,12,4.740343
1779,1,4.777029
1779,2,4.8263254
1779,3,4.857421
1779,4,4.908189
1779,5,4.8833423
1779,6,4.881203
1779,7,4.8376026
1779,8,4.8286657
1779,9,4.8363366
1779,10,4.8312316
1779,11,4.844043
1779,12,4.859699
1780,1,4.807567
1780,2,4.804275
1780,3,4.8545804
1780,4,4.913496
1780,5,4.8937135
1780,6,4.8668814
1780,7,4.823547
1780,8,4.820808
1780,9,4.826012
1780,10,4.805258
1780,11,4.7649765
1780,12,4.780176
1781,1,4.770909
1781,2,4.737723
1781,3,4.797099
1781,4,4.8617554
1781,5,4.880951
1781,6,4.8742085
1781,7,4.8440127
1781,8,4.8402624
1781,9,4.837198
1781,10,4.8122845
1781,11,4.775727
1781,12,4.7640376
1782,1,4.882443
1782,2,4.8530693
1782,3,4.8618035
1782,4,4.9368553
1782,5,4.9093146
1782,6,4.8782425
1782,7,4.8508945
1782,8,4.8534536
1782,9,4.8509893
1782,10,4.838231
1782,11,4.8628707
1782,12,4.9018903
1783,1,4.7121334
1783,2,4.7505217
1783,3,4.7604237
1783,4,4.8321
1783,5,4.85437
1783,6,4.8456745
1783,7,4.834586
1783,8,4.8230658
1783,9,4.833131
1783,10,4.823932
1783,11,4.7850485
1783,12,4.744864
1784,1,4.7432313
1784,2,4.7486696
1784,3,4.8064027
1784,4,4.8485503
1784,5,4.870133
1784,6,4.8534346
1784,7,4.833287
1784,8,4.8306813
1784,9,4.8235407
1784,10,4.8135595
1784,11,4.7723303
1784,12,4.757659
1785,1,4.7093973
1785,2,4.7246943
1785,3,4.7569294
1785,4,4.816518
1785,5,4.8286285
1785,6,4.835314
1785,7,4.8275056
1785,8,4.8196406
1785,9,4.8359528
1785,10,4.8126216
1785,11,4.770311
1785,12,4.735407
1786,1,4.739956
1786,2,4.7432613
1786,3,4.7887545
1786,4,4.858771
1786,5,4.869723
1786,6,4.8627396
1786,7,4.831845
1786,8,4.8247643
1786,9,4.828216
1786,10,4.815954
1786,11,4.778451
1786,12,4.757378
1787,1,4.7833743
1787,2,4.796805
1787,3,4.8128605
1787,4,4.8915315
1787,5,4.885125
1787,6,4.867926
1787,7,4.8339267
1787,8,4.8262887
1787,9,4.8377438
1787,10,4.8226213
1787,11,4.83792
1787,12,4.8387585
1788,1,4.741743
1788,2,4.733606
1788,3,4.8256183
1788,4,4.8723884
1788,5,4.8765664
1788,6,4.8572516
1788,7,4.8279138
1788,8,4.8227205
1788,9,4.830964
1788,10,4.8256335
1788,11,4.8100324
1788,12,4.8126535
1789,1,4.72567
1789,2,4.741449
1789,3,4.790147
1789,4,4.8503757
1789,5,4.875559
1789,6,4.852046
1789,7,4.8307776
1789,8,4.8221984
1789,9,4.8302937
1789,10,4.8276424
1789,11,4.7960205
1789,12,4.7530174
1790,1,4.8187966
1790,2,4.8253446
1790,3,4.8513165
1790,4,4.9322534
1790,5,4.8903017
1790,6,4.8639975
1790,7,4.8230753
1790,8,4.827926
1790,9,4.8214808
1790,10,4.7975087
1790,11,4.774954
1790,12,4.808366
1791,1,4.720216
1791,2,4.7348475
1791,3,4.7703147
1791,4,4.8443055
1791,5,4.8575063
1791,6,4.843492
1791,7,4.8347836
1791,8,4.8142104
1791,9,4.829498
1791,10,4.8074102
1791,11,4.7966137
1791,12,4.7331777
1792,1,4.751849
1792,2,4.7633605
1792,3,4.856596
1792,4,4.882022
1792,5,4.8754954
1792,6,4.8616443
1792,7,4.8404655
1792,8,4.8080206
1792,9,4.8391666
1792,10,4.8253484
1792,11,4.831416
1792,12,4.83538
1793,1,4.8570733
1793,2,4.849691
1793,3,4.8619266
1793,4,4.927566
1793,5,4.8885627
1793,6,4.880972
1793,7,4.8291726
1793,8,4.8356385
1793,9,4.8390107
1793,10,4.811442
1793,11,4.824042
1793,12,4.823379
1794,1,4.7518687
1794,2,4.7706656
1794,3,4.8052545
1794,4,4.88127
1794,5,4.8816323
1794,6,4.875873
1794,7,4.8491373
1794,8,4.8307858
1794,9,4.846012
1794,10,4.812872
1794,11,4.7854977
1794,12,4.7566714
1795,1,4.711802
1795,2,4.733311
1795,3,4.762281
1795,4,4.8278055
1795,5,4.8219633
1795,6,4.8276267
1795,7,4.8284073
1795,8,4.819899
1795,9,4.824225
1795,10,4.7963896
1795,11,4.7563834
1795,12,4.730863
1796,1,4.750013
1796,2,4.7525077
1796,3,4.780015
1796,4,4.830101
1796,5,4.830377
1796,6,4.832393
1796,7,4.820405
1796,8,4.8222656
1796,9,4.8132324
1796,10,4.786732
1796,11,4.756624
1796,12,4.717518
1797,1,4.753237
1797,2,4.752597
1797,3,4.839506
1797,4,4.8969927
1797,5,4.8743453
1797,6,4.861083
1797,7,4.828855
1797,8,4.8212705
1797,9,4.839195
1797,10,4.8205976
1797,11,4.8297205
1797,12,4.825862
1798,1,4.714584
1798,2,4.745417
1798,3,4.7762685
1798,4,4.832421
1798,5,4.8525047
1798,6,4.840022
1798,7,4.830562
1798,8,4.818228
1798,9,4.834825
1798,10,4.8127613
1798,11,4.7830777
1798,12,4.7453346
1799,1,4.833987
1799,2,4.818627
1799,3,4.850771
1799,4,4.919492
1799,5,4.9091873
1799,6,4.881593
1799,7,4.848012
1799,8,4.848251
1799,9,4.8407555
1799,10,4.8323355
1799,11,4.8732414
1799,12,4.8771605
1800,1,4.768204
1800,2,4.78185
1800,3,4.805727
1800,4,4.8895206
1800,5,4.8852205
1800,6,4.8648844
1800,7,4.837357
1800,8,4.8287945
1800,9,4.840694
1800,10,4.825993
1800,11,4.772739
1800,12,4.7653313
1801,1,4.711289
1801,2,4.7269964
1801,3,4.7617607
1801,4,4.8278985
1801,5,4.8387437
1801,6,4.8393893
1801,7,4.8287425
1801,8,4.824489
1801,9,4.8291078
1801,10,4.813144
1801,11,4.787454
1801,12,4.7369123
1802,1,4.782416
1802,2,4.765374
1802,3,4.8485394
1802,4,4.892354
1802,5,4.863651
1802,6,4.867225
1802,7,4.8401256
1802,8,4.8232055
1802,9,4.8436055
1802,10,4.831287
1802,11,4.8264084
1802,12,4.8466654
1803,1,4.782132
1803,2,4.781909
1803,3,4.8281426
1803,4,4.8867397
1803,5,4.8771267
1803,6,4.8635035
1803,7,4.8274775
1803,8,4.8243885
1803,9,4.828374
1803,10,4.816043
1803,11,4.7744837
1803,12,4.7882147
1804,1,4.7112923
1804,2,4.744071
1804,3,4.765096
1804,4,4.8280406
1804,5,4.8446603
1804,6,4.842303
1804,7,4.828517
1804,8,4.82707
1804,9,4.838773
1804,10,4.824692
1804,11,4.778878
1804,12,4.742301
1805,1,4.7340307
1805,2,4.7384005
1805,3,4.7560477
1805,4,4.8413024
1805,5,4.860661
1805,6,4.8447547
1805,7,4.826274
1805,8,4.8272686
1805,9,4.8366714
1805,10,4.813517
1805,11,4.78906
1805,12,4.7475033
1806,1,4.8885975
1806,2,4.8946457
1806,3,4.8186064
1806,4,4.9287148
1806,5,4.8806086
1806,6,4.839691
1806,7,4.805789
1806,8,4.8052487
1806,9,4.805299
1806,10,4.7821116
1806,11,4.818659
1806,12,4.8613544
1807,1,4.7226233
1807,2,4.7345657
1807,3,4.7792783
1807,4,4.8571253
1807,5,4.8531914
1807,6,4.852475
1807,7,4.8268695
1807,8,4.815738
1807,9,4.8139873
1807,10,4.7918253
1807,11,4.769673
1807,12,4.756182
1808,1,4.7425003
1808,2,4.7726336
1808,3,4.8393464
1808,4,4.884048
1808,5,4.8677917
1808,6,4.8644876
1808,7,4.831228
1808,8,4.815845
1808,9,4.833339
1808,10,4.815154
1808,11,4.806811
1808,12,4.8279686
1809,1,4.79849
1809,2,4.815713
1809,3,4.831719
1809,4,4.898259
1809,5,4.871238
1809,6,4.866917
1809,7,4.8149533
1809,8,4.8210473
1809,9,4.824805
1809,10,4.8020153
1809,11,4.763926
1809,12,4.791451
1810,1,4.7933197
1810,2,4.7939034
1810,3,4.8399773
1810,4,4.902499
1810,5,4.896008
1810,6,4.8681793
1810,7,4.829519
1810,8,4.830863
1810,9,4.82541
1810,10,4.8133984
1810,11,4.792742
1810,12,4.79389
1811,1,4.6950626
1811,2,4.726468
1811,3,4.753986
1811,4,4.8046207
1811,5,4.8236475
1811,6,4.831425
1811,7,4.829809
1811,8,4.8283057
1811,9,4.8393683
1811,10,4.8231587
1811,11,4.7881255
1811,12,4.7356925
1812,1,4.707276
1812,2,4.744263
1812,3,4.7885776
1812,4,4.850506
1812,5,4.84776
1812,6,4.86611
1812,7,4.8283305
1812,8,4.8063426
1812,9,4.815083
1812,10,4.798185
1812,11,4.762765
1812,12,4.7741556
1813,1,4.7829113
1813,2,4.78728
1813,3,4.8102756
1813,4,4.8831787
1813,5,4.8879833
1813,6,4.8775463
1813,7,4.8460646
1813,8,4.829085
1813,9,4.8458157
1813,10,4.807552
1813,11,4.793501
1813,12,4.768855
1814,1,4.7525396
1814,2,4.768967
1814,3,4.848927
1814,4,4.888308
1814,5,4.8747377
1814,6,4.8645096
1814,7,4.83438
1814,8,4.8251357
1814,9,4.8361893
1814,10,4.8256807
1814,11,4.8216553
1814,12,4.841328
1815,1,4.7888803
1815,2,4.7808423
1815,3,4.837808
1815,4,4.9024916
1815,5,4.880606
1815,6,4.87267
1815,7,4.8314323
1815,8,4.8302794
1815,9,4.825805
1815,10,4.823762
1815,11,4.7836394
1815,12,4.7807636
1816,1,4.835191
1816,2,4.798817
1816,3,4.852941
1816,4,4.9338727
1816,5,4.91185
1816,6,4.8872266
1816,7,4.850524
1816,8,4.842831
1816,9,4.8480544
1816,10,4.835581
1816,11,4.8624654
1816,12,4.873384
1817,1,4.7068725
1817,2,4.7315545
1817,3,4.771811
1817,4,4.832764
1817,5,4.839711
1817,6,4.8367968
1817,7,4.8352566
1817,8,4.8184524
1817,9,4.831001
1817,10,4.814598
1817,11,4.7681856
1817,12,4.736071
1818,1,4.7839546
1818,2,4.7963214
1818,3,4.8607006
1818,4,4.912865
1818,5,4.888335
1818,6,4.8656645
1818,7,4.8366146
1818,8,4.821769
1818,9,4.844331
1818,10,4.835538
1818,11,4.862971
1818,12,4.8784013
1819,1,4.7424498
1819,2,4.7619586
1819,3,4.800853
1819,4,4.888895
1819,5,4.8708286
1819,6,4.8597617
1819,7,4.8404427
1819,8,4.823971
1819,9,4.8311796
1819,10,4.8272195
1819,11,4.800523
1819,12,4.806317
1820,1,4.7111115
1820,2,4.740969
1820,3,4.766735
1820,4,4.856873
1820,5,4.8497577
1820,6,4.8538895
1820,7,4.8243666
1820,8,4.8037596
1820,9,4.811973
1820,10,4.8010273
1820,11,4.755811
1820,12,4.769798
1821,1,4.804802
1821,2,4.800718
1821,3,4.8427734
1821,4,4.9053197
1821,5,4.888166
1821,6,4.8707376
1821,7,4.8371673
1821,8,4.828336
1821,9,4.830559
1821,10,4.8133655
1821,11,4.778637
1821,12,4.7884636
1822,1,4.758153
1822,2,4.789567
1822,3,4.848304
1822,4,4.915172
1822,5,4.8804245
1822,6,4.863048
1822,7,4.8388295
1822,8,4.8277535
1822,9,4.8366437
1822,10,4.828395
1822,11,4.83867
1822,12,4.851517
1823,1,4.794321
1823,2,4.77994
1823,3,4.812002
1823,4,4.8863683
1823,5,4.870688
1823,6,4.8545027
1823,7,4.8383183
1823,8,4.8300114
1823,9,4.8259673
1823,10,4.809876
1823,11,4.7689986
1823,12,4.7683516
1824,1,4.714064
1824,2,4.7356257
1824,3,4.776039
1824,4,4.834143
1824,5,4.8451486
1824,6,4.8437037
1824,7,4.826441
1824,8,4.8140955
1824,9,4.8386545
1824,10,4.8179226
1824,11,4.7872844
1824,12,4.751884
1825,1,4.8139195
1825,2,4.8175445
1825,3,4.8332906
1825,4,4.893703
1825,5,4.891907
1825,6,4.875511
1825,7,4.825129
1825,8,4.827546
1825,9,4.8355784
1825,10,4.803639
1825,11,4.791955
1825,12,4.804533
1826,1,4.7752676
1826,2,4.7783823
1826,3,4.827159
1826,4,4.877983
1826,5,4.888688
1826,6,4.867514
1826,7,4.834904
1826,8,4.83731
1826,9,4.8422275
1826,10,4.806457
1826,11,4.7882543
1826,12,4.752928
1827,1,4.688167
1827,2,4.7154956
1827,3,4.7453256
1827,4,4.805753
1827,5,4.813809
1827,6,4.8311152
1827,7,4.829965
1827,8,4.811197
1827,9,4.8378634
1827,10,4.810315
1827,11,4.7709417
1827,12,4.728976
1828,1,4.727366
1828,2,4.7612863
1828,3,4.822238
1828,4,4.893478
1828,5,4.868912
1828,6,4.8526797
1828,7,4.8300858
1828,8,4.8138824
1828,9,4.8401294
1828,10,4.8368897
1828,11,4.818134
1828,12,4.8138003
1829,1,4.7788973
1829,2,4.8034887
1829,3,4.8318205
1829,4,4.9021387
1829,5,4.899459
1829,6,4.8677425
1829,7,4.8294177
1829,8,4.823417
1829,9,4.829246
1829,10,4.8319893
1829,11,4.8236485
1829,12,4.855768
1830,1,4.777922
1830,2,4.778301
1830,3,4.8121505
1830,4,4.8835087
1830,5,4.856052
1830,6,4.819783
1830,7,4.81158
1830,8,4.789258
1830,9,4.803551
1830,10,4.787893
1830,11,4.824278
1830,12,4.850153
1831,1,4.7624993
1831,2,4.80775
1831,3,4.8520017
1831,4,4.917824
1831,5,4.8856883
1831,6,4.865838
1831,7,4.8311334
1831,8,4.827556
1831,9,4.8281293
1831,10,4.812442
1831,11,4.7642784
1831,12,4.777783
1832,1,4.7409635
1832,2,4.7512236
1832,3,4.7879786
1832,4,4.8541737
1832,5,4.857991
1832,6,4.844675
1832,7,4.8327785
1832,8,4.8262367
1832,9,4.822813
1832,10,4.8237777
1832,11,4.7634335
1832,12,4.766092
1833,1,4.7627378
1833,2,4.7879853
1833,3,4.8433566
1833,4,4.8841357
1833,5,4.884623
1833,6,4.8656564
1833,7,4.8401046
1833,8,4.825447
1833,9,4.8309903
1833,10,4.806685
1833,11,4.772643
1833,12,4.7693706
1834,1,4.759876
1834,2,4.743
1834,3,4.808418
1834,4,4.8737164
1834,5,4.869462
1834,6,4.865214
1834,7,4.8333406
1834,8,4.8250847
1834,9,4.82994
1834,10,4.811883
1834,11,4.771448
1834,12,4.761781
1835,1,4.8272176
1835,2,4.805203
1835,3,4.861076
1835,4,4.905299
1835,5,4.902427
1835,6,4.8703465
1835,7,4.8246593
1835,8,4.8290443
1835,9,4.8284492
1835,10,4.8101454
1835,11,4.7789235
1835,12,4.8000255
1836,1,4.7486906
1836,2,4.7563396
1836,3,4.8356843
1836,4,4.8586936
1836,5,4.868798
1836,6,4.861799
1836,7,4.8347654
1836,8,4.8291802
1836,9,4.8271785
1836,10,4.81163
1836,11,4.7701697
1836,12,4.757475
1837,1,4.798939
1837,2,4.8288784
1837,3,4.864878
1837,4,4.899385
1837,5,4.9006743
1837,6,4.87918
1837,7,4.833857
1837,8,4.828789
1837,9,4.826106
1837,10,4.8085136
1837,11,4.7858596
1837,12,4.8138785
1838,1,4.7775645
1838,2,4.793827
1838,3,4.82314
1838,4,4.911331
1838,5,4.888205
1838,6,4.8799295
1838,7,4.8471217
1838,8,4.843206
1838,9,4.8398156
1838,10,4.80882
1838,11,4.782147
1838,12,4.778091
1839,1,4.7311
1839,2,4.747993
1839,3,4.808226
1839,4,4.849714
1839,5,4.8635974
1839,6,4.867107
1839,7,4.8367205
1839,8,4.830258
1839,9,4.825107
1839,10,4.817344
1839,11,4.7737017
1839,12,4.7538524
1840,1,4.725426
1840,2,4.7491903
1840,3,4.7870126
1840,4,4.836594
1840,5,4.8655314
1840,6,4.848881
1840,7,4.833745
1840,8,4.82221
1840,9,4.834135
1840,10,4.8061543
1840,11,4.763865
1840,12,4.759017
1841,1,4.7134304
1841,2,4.740393
1841,3,4.769861
1841,4,4.832739
1841,5,4.8522534
1841,6,4.8384347
1841,7,4.8272567
1841,8,4.8234587
1841,9,4.833557
1841,10,4.809071
1841,11,4.7866592
1841,12,4.756934
1842,1,4.850328
1842,2,4.8327136
1842,3,4.8690505
1842,4,4.9275484
1842,5,4.8920755
1842,6,4.875105
1842,7,4.8499527
1842,8,4.8358
1842,9,4.8433776
1842,10,4.8218164
1842,11,4.8257594
1842,12,4.8335943
1843,1,4.763306
1843,2,4.765156
1843,3,4.804673
1843,4,4.862907
1843,5,4.8752456
1843,6,4.8656926
1843,7,4.843953
1843,8,4.8315706
1843,9,4.843307
1843,10,4.822971
1843,11,4.7937512
1843,12,4.763818
1844,1,4.7919292
1844,2,4.8254232
1844,3,4.850642
1844,4,4.918441
1844,5,4.8881693
1844,6,4.868274
1844,7,4.829888
1844,8,4.83
1844,9,4.8327627
1844,10,4.8208976
1844,11,4.8523345
1844,12,4.8521323
1845,1,4.78407
1845,2,4.79028
1845,3,4.8118434
1845,4,4.8785596
1845,5,4.8891225
1845,6,4.866473
1845,7,4.843002
1845,8,4.838107
1845,9,4.833209
1845,10,4.8054585
1845,11,4.8013053
1845,12,4.767809
1846,1,4.7187076
1846,2,4.7429795
1846,3,4.788288
1846,4,4.860802
1846,5,4.841575
1846,6,4.8470097
1846,7,4.820068
1846,8,4.812405
1846,9,4.826829
1846,10,4.80167
1846,11,4.75779
1846,12,4.7615857
1847,1,4.776746
1847,2,4.7785406
1847,3,4.8087163
1847,4,4.869278
1847,5,4.8764725
1847,6,4.8549476
1847,7,4.8305764
1847,8,4.8231654
1847,9,4.824044
1847,10,4.807147
1847,11,4.769934
1847,12,4.7784996
1848,1,4.8619328
1848,2,4.8973346
1848,3,4.874662
1848,4,4.9388943
1848,5,4.885653
1848,6,4.851415
1848,7,4.806137
1848,8,4.796412
1848,9,4.798194
1848,10,4.7877073
1848,11,4.7980647
1848,12,4.860374
1849,1,4.7655706
1849,2,4.777349
1849,3,4.8034744
1849,4,4.8822575
1849,5,4.891617
1849,6,4.877937
1849,7,4.848211
1849,8,4.82807
1849,9,4.8423553
1849,10,4.8122125
1849,11,4.7905164
1849,12,4.7718744
1850,1,4.8342695
1850,2,4.8464904
1850,3,4.8894176
1850,4,4.928483
1850,5,4.9209604
1850,6,4.8862205
1850,7,4.863608
1850,8,4.850154
1850,9,4.8481655
1850,10,4.832283
1850,11,4.827168
1850,12,4.9034095
1851,1,4.809918
1851,2,4.7950196
1851,3,4.8428507
1851,4,4.892967
1851,5,4.8823705
1851,6,4.8736644
1851,7,4.8307605
1851,8,4.825989
1851,9,4.823008
1851,10,4.814261
1851,11,4.785121
1851,12,4.7972374
1852,1,4.7734494
1852,2,4.7740526
1852,3,4.803955
1852,4,4.876907
1852,5,4.887744
1852,6,4.875062
1852,7,4.846505
1852,8,4.833936
1852,9,4.841412
1852,10,4.8208203
1852,11,4.783918
1852,12,4.771828
1853,1,4.779107
1853,2,4.7645273
1853,3,4.814301
1853,4,4.881239
1853,5,4.87033
1853,6,4.8631253
1853,7,4.8307076
1853,8,4.822353
1853,9,4.8218217
1853,10,4.8149242
1853,11,4.7693887
1853,12,4.764878
1854,1,4.8604465
1854,2,4.9149437
1854,3,4.8872485
1854,4,4.9447746
1854,5,4.916633
1854,6,4.8765054
1854,7,4.8403993
1854,8,4.836021
1854,9,4.828891
1854,10,4.8199735
1854,11,4.8118916
1854,12,4.8859625
1855,1,4.7098093
1855,2,4.736636
1855,3,4.783521
1855,4,4.84764
1855,5,4.852606
1855,6,4.8566628
1855,7,4.834179
1855,8,4.8297276
1855,9,4.826309
1855,10,4.81311
1855,11,4.781248
1855,12,4.750925
1856,1,4.754128
1856,2,4.775415
1856,3,4.8145022
1856,4,4.8842525
1856,5,4.848737
1856,6,4.8024244
1856,7,4.788917
1856,8,4.7808123
1856,9,4.7822933
1856,10,4.787794
1856,11,4.7993417
1856,12,4.832505
1857,1,4.8321676
1857,2,4.8042245
1857,3,4.8633623
1857,4,4.9149714
1857,5,4.905314
1857,6,4.8747687
1857,7,4.8496437
1857,8,4.847391
1857,9,4.846223
1857,10,4.8364897
1857,11,4.8637204
1857,12,4.875604
1858,1,4.7026296
1858,2,4.728906
1858,3,4.744532
1858,4,4.8082542
1858,5,4.8281727
1858,6,4.8350515
1858,7,4.8324876
1858,8,4.8219094
1858,9,4.839679
1858,10,4.8146367
1858,11,4.7817774
1858,12,4.730549
1859,1,4.7347846
1859,2,4.758186
1859,3,4.814079
1859,4,4.85769
1859,5,4.873143
1859,6,4.8680043
1859,7,4.834815
1859,8,4.842424
1859,9,4.8339033
1859,10,4.8150206
1859,11,4.782217
1859,12,4.7567067
1860,1,4.7352204
1860,2,4.7400246
1860,3,4.7593474
1860,4,4.812124
1860,5,4.828028
1860,6,4.8429246
1860,7,4.8162217
1860,8,4.8150206
1860,9,4.809449
1860,10,4.771212
1860,11,4.7417126
1860,12,4.711786
1861,1,4.7039413
1861,2,4.7351723
1861,3,4.7653
1861,4,4.8155675
1861,5,4.848897
1861,6,4.8450093
1861,7,4.8383803
1861,8,4.821828
1861,9,4.831613
1861,10,4.81467
1861,11,4.793864
1861,12,4.727756
1862,1,4.850626
1862,2,4.869422
1862,3,4.8921094
1862,4,4.960974
1862,5,4.89846
1862,6,4.8753505
1862,7,4.853719
1862,8,4.841534
1862,9,4.8377385
1862,10,4.8246975
1862,11,4.8117447
1862,12,4.842111
1863,1,4.787165
1863,2,4.7740583
1863,3,4.8162436
1863,4,4.887934
1863,5,4.874572
1863,6,4.8674035
1863,7,4.8305316
1863,8,4.8250327
1863,9,4.820693
1863,10,4.811363
1863,11,4.767771
1863,12,4.7767215
1864,1,4.770297
1864,2,4.787093
1864,3,4.8153553
1864,4,4.8875403
1864,5,4.8911757
1864,6,4.881213
1864,7,4.8474526
1864,8,4.8344646
1864,9,4.8417425
1864,10,4.8198366
1864,11,4.784515
1864,12,4.7623477
1865,1,4.774625
1865,2,4.7930126
1865,3,4.843152
1865,4,4.8939
1865,5,4.8882184
1865,6,4.870152
1865,7,4.8372793
1865,8,4.827296
1865,9,4.830982
1865,10,4.811496
1865,11,4.7841587
1865,12,4.7944365
1866,1,4.706344
1866,2,4.7456913
1866,3,4.778459
1866,4,4.8343744
1866,5,4.8456273
1866,6,4.8473845
1866,7,4.83664
1866,8,4.8201413
1866,9,4.825662
1866,10,4.8254
1866,11,4.789365
1866,12,4.7441297
1867,1,4.8159
1867,2,4.8246675
1867,3,4.850303
1867,4,4.9276175
1867,5,4.8893695
1867,6,4.861506
1867,7,4.824614
1867,8,4.8293347
1867,9,4.828062
1867,10,4.793718
1867,11,4.768577
1867,12,4.798565
1868,1,4.7633696
1868,2,4.776685
1868,3,4.8213096
1868,4,4.8620777
1868,5,4.8849654
1868,6,4.8749733
1868,7,4.845047
1868,8,4.831225
1868,9,4.8370485
1868,10,4.810413
1868,11,4.7870483
1868,12,4.7581396
1869,1,4.78262
1869,2,4.821441
1869,3,4.8583417
1869,4,4.906321
1869,5,4.8774734
1869,6,4.8616285
1869,7,4.8317757
1869,8,4.825108
1869,9,4.8314886
1869,10,4.821339
1869,11,4.8551173
1869,12,4.8532114
1870,1,4.764333
1870,2,4.7369514
1870,3,4.812731
1870,4,4.876172
1870,5,4.8694496
1870,6,4.864355
1870,7,4.8319216
1870,8,4.8156805
1870,9,4.8243494
1870,10,4.8277993
1870,11,4.7937837
1870,12,4.822948
1871,1,4.706565
1871,2,4.7376227
1871,3,4.763229
1871,4,4.831345
1871,5,4.8570967
1871,6,4.83828
1871,7,4.8217597
1871,8,4.8266115
1871,9,4.8326263
1871,10,4.8044653
1871,11,4.780944
1871,12,4.739708
1872,1,4.7138047
1872,2,4.746974
1872,3,4.7788563
1872,4,4.8407116
1872,5,4.858886
1872,6,4.8552
1872,7,4.839134
1872,8,4.832603
1872,9,4.8249097
1872,10,4.8149414
1872,11,4.774259
1872,12,4.750912
1873,1,4.867944
1873,2,4.8601923
1873,3,4.880435
1873,4,4.9596972
1873,5,4.9175386
1873,6,4.8849998
1873,7,4.851986
1873,8,4.841646
1873,9,4.842743
1873,10,4.819666
1873,11,4.8264794
1873,12,4.8739085
1874,1,4.705653
1874,2,4.744369
1874,3,4.7708836
1874,4,4.845851
1874,5,4.851198
1874,6,4.852167
1874,7,4.834944
1874,8,4.820665
1874,9,4.809042
1874,10,4.7887583
1874,11,4.7613335
1874,12,4.766772
1875,1,4.7412605
1875,2,4.7553234
1875,3,4.8134723
1875,4,4.858438
1875,5,4.8686013
1875,6,4.8641043
1875,7,4.837545
1875,8,4.829652
1875,9,4.8294544
1875,10,4.8171625
1875,11,4.7796526
1875,12,4.7611666
1876,1,4.8108187
1876,2,4.7786713
1876,3,4.861956
1876,4,4.9162474
1876,5,4.876726
1876,6,4.858248
1876,7,4.8281407
1876,8,4.8267493
1876,9,4.8322325
1876,10,4.839752
1876,11,4.834673
1876,12,4.8546314
1877,1,4.697882
1877,2,4.72834
1877,3,4.752458
1877,4,4.805196
1877,5,4.827097
1877,6,4.8265634
1877,7,4.8305407
1877,8,4.8194785
1877,9,4.834245
1877,10,4.8133893
1877,11,4.7742386
1877,12,4.7329745
1878,1,4.7918067
1878,2,4.804345
1878,3,4.840807
1878,4,4.896155
1878,5,4.8828664
1878,6,4.868577
1878,7,4.834294
1878,8,4.834225
1878,9,4.8224416
1878,10,4.8185396
1878,11,4.7853694
1878,12,4.786401
1879,1,4.7268806
1879,2,4.7495637
1879,3,4.7893047
1879,4,4.8724785
1879,5,4.8783355
1879,6,4.8520913
1879,7,4.823528
1879,8,4.816327
1879,9,4.8143425
1879,10,4.7961845
1879,11,4.7686973
1879,12,4.7736664
1880,1,4.713164
1880,2,4.7398825
1880,3,4.7639403
1880,4,4.838874
1880,5,4.847598
1880,6,4.841422
1880,7,4.8325434
1880,8,4.8258696
1880,9,4.842658
1880,10,4.816796
1880,11,4.766417
1880,12,4.7592874
1881,1,4.6971054
1881,2,4.7173967
1881,3,4.74458
1881,4,4.81362
1881,5,4.8370466
1881,6,4.829908
1881,7,4.8213077
1881,8,4.8137474
1881,9,4.8296094
1881,10,4.820579
1881,11,4.7822714
1881,12,4.730714
1882,1,4.729479
1882,2,4.736264
1882,3,4.832399
1882,4,4.8710995
1882,5,4.866278
1882,6,4.857227
1882,7,4.8298965
1882,8,4.8235583
1882,9,4.8274546
1882,10,4.819033
1882,11,4.77658
1882,12,4.777472
1883,1,4.7035775
1883,2,4.742261
1883,3,4.776633
1883,4,4.847538
1883,5,4.84925
1883,6,4.8484316
1883,7,4.82406
1883,8,4.8197484
1883,9,4.811242
1883,10,4.794228
1883,11,4.7632604
1883,12,4.7707324
1884,1,4.751226
1884,2,4.7564855
1884,3,4.79754
1884,4,4.866988
1884,5,4.8824105
1884,6,4.8585663
1884,7,4.829121
1884,8,4.8220224
1884,9,4.824543
1884,10,4.8114533
1884,11,4.773777
1884,12,4.7634406
1885,1,4.8054132
1885,2,4.800151
1885,3,4.851391
1885,4,4.9021797
1885,5,4.8750787
1885,6,4.8551693
1885,7,4.8187623
1885,8,4.8225303
1885,9,4.825274
1885,10,4.808086
1885,11,4.7651806
1885,12,4.7694964
1886,1,4.7655835
1886,2,4.7653418
1886,3,4.829887
1886,4,4.901604
1886,5,4.874138
1886,6,4.8807154
1886,7,4.8339863
1886,8,4.825528
1886,9,4.833055
1886,10,4.8160386
1886,11,4.8274155
1886,12,4.8529897
1887,1,4.7892942
1887,2,4.749981
1887,3,4.8291464
1887,4,4.8818297
1887,5,4.897237
1887,6,4.8660855
1887,7,4.8274784
1887,8,4.8249655
1887,9,4.812475
1887,10,4.799939
1887,11,4.7660985
1887,12,4.7748475
1888,1,4.861348
1888,2,4.8890944
1888,3,4.8895097
1888,4,4.9618225
1888,5,4.9095125
1888,6,4.88268
1888,7,4.843236
1888,8,4.836411
1888,9,4.8366756
1888,10,4.8138933
1888,11,4.818699
1888,12,4.8666515
1889,1,4.7399955
1889,2,4.747646
1889,3,4.815614
1889,4,4.863793
1889,5,4.8701625
1889,6,4.8658032
1889,7,4.8349237
1889,8,4.8316035
1889,9,4.8207326
1889,10,4.816638
1889,11,4.7713537
1889,12,4.764684
1890,1,4.7225523
1890,2,4.726238
1890,3,4.7802644
1890,4,4.840434
1890,5,4.862332
1890,6,4.863368
1890,7,4.8384595
1890,8,4.8280163
1890,9,4.824884
1890,10,4.81483
1890,11,4.7597804
1890,12,4.7443
1891,1,4.788969
1891,2,4.782224
1891,3,4.824091
1891,4,4.8982897
1891,5,4.879612
1891,6,4.8569775
1891,7,4.8355813
1891,8,4.8257637
1891,9,4.827091
1891,10,4.811256
1891,11,4.8221407
1891,12,4.854128
1892,1,4.829543
1892,2,4.8014655
1892,3,4.8404465
1892,4,4.889271
1892,5,4.887836
1892,6,4.870103
1892,7,4.832727
1892,8,4.823276
1892,9,4.832107
1892,10,4.814345
1892,11,4.781792
1892,12,4.7889185
1893,1,4.7727246
1893,2,4.771517
1893,3,4.8111777
1893,4,4.868293
1893,5,4.8630013
1893,6,4.8618073
1893,7,4.8345027
1893,8,4.8262386
1893,9,4.826372
1893,10,4.808546
1893,11,4.7699885
1893,12,4.762248
1894,1,4.7296724
1894,2,4.7300253
1894,3,4.7876177
1894,4,4.862393
1894,5,4.846714
1894,6,4.8537326
1894,7,4.8275447
1894,8,4.8246574
1894,9,4.8183312
1894,10,4.8078084
1894,11,4.791371
1894,12,4.8036213
1895,1,4.7845044
1895,2,4.789104
1895,3,4.8742642
1895,4,4.9050984
1895,5,4.8893957
1895,6,4.867645
1895,7,4.8355045
1895,8,4.812663
1895,9,4.847174
1895,10,4.826844
1895,11,4.8452964
1895,12,4.8577704
1896,1,4.7236404
1896,2,4.7431455
1896,3,4.769962
1896,4,4.839572
1896,5,4.8567133
1896,6,4.840923
1896,7,4.8239465
1896,8,4.8200216
1896,9,4.8359184
1896,10,4.8179193
1896,11,4.7958612
1896,12,4.7392917
1897,1,4.783947
1897,2,4.790719
1897,3,4.8231726
1897,4,4.8934116
1897,5,4.89249
1897,6,4.8686414
1897,7,4.8327084
1897,8,4.8273344
1897,9,4.8294053
1897,10,4.8127275
1897,11,4.785877
1897,12,4.7878814
1898,1,4.816927
1898,2,4.8325634
1898,3,4.846537
1898,4,4.901614
1898,5,4.8874636
1898,6,4.865855
1898,7,4.8316493
1898,8,4.8275023
1898,9,4.826122
1898,10,4.8132176
1898,11,4.785078
1898,12,4.7949047
1899,1,4.756271
1899,2,4.766917
1899,3,4.803742
1899,4,4.875284
1899,5,4.886964
1899,6,4.8649864
1899,7,4.845559
1899,8,4.836047
1899,9,4.837583
1899,10,4.8049865
1899,11,4.775415
1899,12,4.7564588
1900,1,4.694731
1900,2,4.7177596
1900,3,4.7451696
1900,4,4.806446
1900,5,4.8195195
1900,6,4.8332334
1900,7,4.8339095
1900,8,4.825975
1900,9,4.836959
1900,10,4.81582
1900,11,4.776739
1900,12,4.7366276
1901,1,4.7871695
1901,2,4.7746916
1901,3,4.8310084
1901,4,4.8981843
1901,5,4.8777013
1901,6,4.8621764
1901,7,4.8187156
1901,8,4.8177657
1901,9,4.8199787
1901,10,4.8021755
1901,11,4.76447
1901,12,4.7776055
1902,1,4.7737117
1902,2,4.747328
1902,3,4.8090434
1902,4,4.891214
1902,5,4.881844
1902,6,4.8576922
1902,7,4.836311
1902,8,4.827624
1902,9,4.8193364
1902,10,4.816717
1902,11,4.7662444
1902,12,4.779167
1903,1,4.7554455
1903,2,4.780158
1903,3,4.791011
1903,4,4.8888297
1903,5,4.8739486
1903,6,4.874824
1903,7,4.8390093
1903,8,4.822334
1903,9,4.825928
1903,10,4.814913
1903,11,4.8226595
1903,12,4.8308973
1904,1,4.867808
1904,2,4.94257
1904,3,4.8909187
1904,4,4.9767017
1904,5,4.9171343
1904,6,4.887438
1904,7,4.863387
1904,8,4.8494864
1904,9,4.836384
1904,10,4.8120985
1904,11,4.84112
1904,12,4.866308
1905,1,4.7953186
1905,2,4.8024645
1905,3,4.860626
1905,4,4.8959756
1905,5,4.8875847
1905,6,4.87501
1905,7,4.828867
1905,8,4.8291254
1905,9,4.819811
1905,10,4.8052664
1905,11,4.776939
1905,12,4.7889495
1906,1,4.783125
1906,2,4.776809
1906,3,4.8510766
1906,4,4.892792
1906,5,4.8712573
1906,6,4.871112
1906,7,4.8312182
1906,8,4.827278
1906,9,4.842909
1906,10,4.827142
1906,11,4.831221
1906,12,4.852984
1907,1,4.7562943
1907,2,4.756836
1907,3,4.8252587
1907,4,4.8653007
1907,5,4.8729553
1907,6,4.866394
1907,7,4.832607
1907,8,4.8240056
1907,9,4.825396
1907,10,4.808871
1907,11,4.7668376
1907,12,4.761254
1908,1,4.7908134
1908,2,4.782929
1908,3,4.836794
1908,4,4.8816457
1908,5,4.8832684
1908,6,4.869824
1908,7,4.8299913
1908,8,4.825273
1908,9,4.8246837
1908,10,4.8128867
1908,11,4.7748275
1908,12,4.7779913
1909,1,4.8363647
1909,2,4.832749
1909,3,4.852913
1909,4,4.930615
1909,5,4.9094996
1909,6,4.872019
1909,7,4.844409
1909,8,4.8485627
1909,9,4.837442
1909,10,4.830055
1909,11,4.852787
1909,12,4.8697476
1910,1,4.6997356
1910,2,4.723565
1910,3,4.7527385
1910,4,4.815007
1910,5,4.8331847
1910,6,4.830355
1910,7,4.825555
1910,8,4.8191066
1910,9,4.8346386
1910,10,4.816397
1910,11,4.7806416
1910,12,4.728114
1911,1,4.784036
1911,2,4.7813153
1911,3,4.8279886
1911,4,4.885299
1911,5,4.888582
1911,6,4.8735237
1911,7,4.8477054
1911,8,4.8380876
1911,9,4.841589
1911,10,4.8140216
1911,11,4.7875714
1911,12,4.7707763
1912,1,4.734933
1912,2,4.776637
1912,3,4.79355
1912,4,4.8824143
1912,5,4.871657
1912,6,4.8658724
1912,7,4.8286276
1912,8,4.8173914
1912,9,4.834541
1912,10,4.8232393
1912,11,4.81461
1912,12,4.8313804
1913,1,4.7285895
1913,2,4.754267
1913,3,4.7872496
1913,4,4.843415
1913,5,4.864336
1913,6,4.8520727
1913,7,4.8304625
1913,8,4.8281074
1913,9,4.822694
1913,10,4.8155
1913,11,4.7802715
1913,12,4.7522807
1914,1,4.7427006
1914,2,4.7744575
1914,3,4.8226595
1914,4,4.873428
1914,5,4.8598104
1914,6,4.8649983
1914,7,4.829343
1914,8,4.817001
1914,9,4.8197284
1914,10,4.804976
1914,11,4.7955976
1914,12,4.824255
1915,1,4.8621635
1915,2,4.836005
1915,3,4.8641663
1915,4,4.96291
1915,5,4.894437
1915,6,4.8781114
1915,7,4.8570457
1915,8,4.843585
1915,9,4.840231
1915,10,4.817091
1915,11,4.8204393
1915,12,4.8404765
1916,1,4.783882
1916,2,4.781034
1916,3,4.854355
1916,4,4.887481
1916,5,4.8765736
1916,6,4.883123
1916,7,4.8311486
1916,8,4.81986
1916,9,4.834899
1916,10,4.8225183
1916,11,4.8497467
1916,12,4.8405304
1917,1,4.7832403
1917,2,4.7879195
1917,3,4.826065
1917,4,4.8782954
1917,5,4.876497
1917,6,4.8604326
1917,7,4.8317714
1917,8,4.827272
1917,9,4.82463
1917,10,4.8127136
1917,11,4.783605
1917,12,4.771662
1918,1,4.755134
1918,2,4.7768183
1918,3,4.836643
1918,4,4.8911495
1918,5,4.868326
1918,6,4.8619747
1918,7,4.833285
1918,8,4.8133883
1918,9,4.839423
1918,10,4.8182564
1918,11,4.821588
1918,12,4.823005
1919,1,4.7709827
1919,2,4.771442
1919,3,4.823207
1919,4,4.884681
1919,5,4.862881
1919,6,4.8641696
1919,7,4.8313622
1919,8,4.826463
1919,9,4.823104
1919,10,4.8094554
1919,11,4.762293
1919,12,4.769837
1920,1,4.7164116
1920,2,4.749682
1920,3,4.785881
1920,4,4.835551
1920,5,4.8702245
1920,6,4.8445034
1920,7,4.832503
1920,8,4.8205214
1920,9,4.830784
1920,10,4.820561
1920,11,4.7870064
1920,12,4.75336
1921,1,4.7128243
1921,2,4.723272
1921,3,4.7715125
1921,4,4.8143387
1921,5,4.839504
1921,6,4.8366385
1921,7,4.828475
1921,8,4.8233175
1921,9,4.830417
1921,10,4.808136
1921,11,4.8001747
1921,12,4.7458425
1922,1,4.7391977
1922,2,4.7774234
1922,3,4.841437
1922,4,4.8659406
1922,5,4.8732924
1922,6,4.8630753
1922,7,4.8311176
1922,8,4.824159
1922,9,4.83262
1922,10,4.814428
1922,11,4.799419
1922,12,4.8036413
1923,1,4.8014126
1923,2,4.8149915
1923,3,4.8142157
1923,4,4.8864446
1923,5,4.874753
1923,6,4.877277
1923,7,4.840956
1923,8,4.834285
1923,9,4.8505464
1923,10,4.798896
1923,11,4.797631
1923,12,4.7705355
1924,1,4.9185557
1924,2,4.882179
1924,3,4.908858
1924,4,4.9549227
1924,5,4.916297
1924,6,4.900472
1924,7,4.8610682
1924,8,4.841492
1924,9,4.8362727
1924,10,4.822211
1924,11,4.832937
1924,12,4.8904276
1925,1,4.774943
1925,2,4.7838964
1925,3,4.821152
1925,4,4.8957467
1925,5,4.8912206
1925,6,4.8889933
1925,7,4.8493814
1925,8,4.8236394
1925,9,4.8452563
1925,10,4.804762
1925,11,4.793315
1925,12,4.7722263
1926,1,4.8532567
1926,2,4.808906
1926,3,4.8632617
1926,4,4.899771
1926,5,4.8985558
1926,6,4.872282
1926,7,4.8315697
1926,8,4.8255053
1926,9,4.8337193
1926,10,4.811323
1926,11,4.7928505
1926,12,4.7954364
1927,1,4.807967
1927,2,4.8053684
1927,3,4.859122
1927,4,4.920168
1927,5,4.9023156
1927,6,4.879499
1927,7,4.84861
1927,8,4.849082
1927,9,4.837688
1927,10,4.827287
1927,11,4.87071
1927,12,4.8890295
1928,1,4.7467375
1928,2,4.7417827
1928,3,4.7897987
1928,4,4.862706
1928,5,4.8292975
1928,6,4.835014
1928,7,4.817289
1928,8,4.8111215
1928,9,4.8103013
1928,10,4.805254
1928,11,4.7748227
1928,12,4.802973
1929,1,4.7644343
1929,2,4.7705145
1929,3,4.801669
1929,4,4.8805733
1929,5,4.882489
1929,6,4.8644247
1929,7,4.8306274
1929,8,4.8067746
1929,9,4.840105
1929,10,4.8213177
1929,11,4.8056216
1929,12,4.807057
1930,1,4.7208753
1930,2,4.7486787
1930,3,4.7940707
1930,4,4.8463635
1930,5,4.881464
1930,6,4.844105
1930,7,4.8197556
1930,8,4.812698
1930,9,4.831348
1930,10,4.8189635
1930,11,4.781273
1930,12,4.746968
1931,1,4.7909274
1931,2,4.773379
1931,3,4.8284216
1931,4,4.908581
1931,5,4.875103
1931,6,4.8565125
1931,7,4.8194323
1931,8,4.809669
1931,9,4.8218107
1931,10,4.804603
1931,11,4.8105435
1931,12,4.850111
1932,1,4.8160152
1932,2,4.794428
1932,3,4.8396997
1932,4,4.9110756
1932,5,4.8928185
1932,6,4.867055
1932,7,4.8316283
1932,8,4.827707
1932,9,4.8286214
1932,10,4.815928
1932,11,4.7856774
1932,12,4.794142
1933,1,4.790045
1933,2,4.8012824
1933,3,4.8241496
1933,4,4.8874044
1933,5,4.8742595
1933,6,4.867351
1933,7,4.831346
1933,8,4.822466
1933,9,4.8213143
1933,10,4.8162193
1933,11,4.7731986
1933,12,4.7775183
1934,1,4.732855
1934,2,4.7557645
1934,3,4.7942424
1934,4,4.845715
1934,5,4.8714027
1934,6,4.8538404
1934,7,4.8206215
1934,8,4.8205347
1934,9,4.8242064
1934,10,4.810235
1934,11,4.800784
1934,12,4.738395
1935,1,4.824672
1935,2,4.8038054
1935,3,4.844889
1935,4,4.902696
1935,5,4.885188
1935,6,4.8641515
1935,7,4.8293014
1935,8,4.8261995
1935,9,4.82582
1935,10,4.817014
1935,11,4.7893376
1935,12,4.801293
1936,1,4.764688
1936,2,4.7530026
1936,3,4.8277884
1936,4,4.8741612
1936,5,4.888168
1936,6,4.8705125
1936,7,4.8413897
1936,8,4.8331475
1936,9,4.839332
1936,10,4.8053017
1936,11,4.7789564
1936,12,4.76278
1937,1,4.7212615
1937,2,4.7415504
1937,3,4.7934976
1937,4,4.8520617
1937,5,4.8620725
1937,6,4.8581123
1937,7,4.8375506
1937,8,4.8279896
1937,9,4.8158584
1937,10,4.813641
1937,11,4.7713666
1937,12,4.7605405
1938,1,4.8161287
1938,2,4.792243
1938,3,4.809553
1938,4,4.885162
1938,5,4.8665304
1938,6,4.854463
1938,7,4.8240266
1938,8,4.8167305
1938,9,4.8176866
1938,10,4.8028545
1938,11,4.7682676
1938,12,4.773976
1939,1,4.775397
1939,2,4.7691593
1939,3,4.8256154
1939,4,4.8791995
1939,5,4.8576417
1939,6,4.8495984
1939,7,4.8176756
1939,8,4.8131256
1939,9,4.8181634
1939,10,4.801035
1939,11,4.7723994
1939,12,4.7733374
1940,1,4.8781695
1940,2,4.882087
1940,3,4.8998685
1940,4,4.967379
1940,5,4.903955
1940,6,4.870754
1940,7,4.844332
1940,8,4.8304586
1940,9,4.829772
1940,10,4.7974095
1940,11,4.8102455
1940,12,4.8473663
1941,1,4.738369
1941,2,4.741923
1941,3,4.773538
1941,4,4.831115
1941,5,4.8427224
1941,6,4.838732
1941,7,4.826058
1941,8,4.8267484
1941,9,4.823393
1941,10,4.8036923
1941,11,4.7619805
1941,12,4.7385707
1942,1,4.7332363
1942,2,4.742114
1942,3,4.7823644
1942,4,4.830313
1942,5,4.830521
1942,6,4.8378034
1942,7,4.821149
1942,8,4.82495
1942,9,4.816433
1942,10,4.798855
1942,11,4.7624984
1942,12,4.7214417
1943,1,4.7347007
1943,2,4.746834
1943,3,4.831083
1943,4,4.8816524
1943,5,4.850253
1943,6,4.865818
1943,7,4.8358736
1943,8,4.8235946
1943,9,4.8401814
1943,10,4.8255835
1943,11,4.8055553
1943,12,4.8261175
1944,1,4.728447
1944,2,4.740324
1944,3,4.7830944
1944,4,4.837445
1944,5,4.854747
1944,6,4.845093
1944,7,4.828027
1944,8,4.824946
1944,9,4.8247967
1944,10,4.8091044
1944,11,4.7773957
1944,12,4.7445927
1945,1,4.796402
1945,2,4.8128304
1945,3,4.851766
1945,4,4.8955035
1945,5,4.8878484
1945,6,4.858304
1945,7,4.84017
1945,8,4.814073
1945,9,4.8365545
1945,10,4.8262014
1945,11,4.8331842
1945,12,4.84308
1946,1,4.757142
1946,2,4.764569
1946,3,4.803014
1946,4,4.892824
1946,5,4.865102
1946,6,4.847157
1946,7,4.8253994
1946,8,4.8214397
1946,9,4.830242
1946,10,4.792098
1946,11,4.7808604
1946,12,4.79399
1947,1,4.7565765
1947,2,4.7770205
1947,3,4.8182936
1947,4,4.86076
1947,5,4.880877
1947,6,4.865209
1947,7,4.830407
1947,8,4.823599
1947,9,4.818076
1947,10,4.809246
1947,11,4.7716765
1947,12,4.770963
1948,1,4.728691
1948,2,4.7336555
1948,3,4.7760115
1948,4,4.8338075
1948,5,4.853243
1948,6,4.8548713
1948,7,4.830743
1948,8,4.8217225
1948,9,4.830589
1948,10,4.8094196
1948,11,4.775737
1948,12,4.7542934
1949,1,4.8103824
1949,2,4.8148518
1949,3,4.8245764
1949,4,4.909308
1949,5,4.885136
1949,6,4.8501577
1949,7,4.814922
1949,8,4.8156233
1949,9,4.806324
1949,10,4.780581
1949,11,4.7653728
1949,12,4.778515
1950,1,4.72213
1950,2,4.75098
1950,3,4.7735476
1950,4,4.834072
1950,5,4.856085
1950,6,4.845093
1950,7,4.830398
1950,8,4.821754
1950,9,4.8348775
1950,10,4.8129225
1950,11,4.775402
1950,12,4.7503405
1951,1,4.802753
1951,2,4.7906613
1951,3,4.83079
1951,4,4.9213557
1951,5,4.9095488
1951,6,4.870771
1951,7,4.8319874
1951,8,4.823064
1951,9,4.833495
1951,10,4.8058167
1951,11,4.785513
1951,12,4.79261
1952,1,4.726136
1952,2,4.756522
1952,3,4.8247623
1952,4,4.869994
1952,5,4.847993
1952,6,4.8590417
1952,7,4.83904
1952,8,4.8359
1952,9,4.8340664
1952,10,4.8168297
1952,11,4.798063
1952,12,4.8115077
1953,1,4.7955513
1953,2,4.831676
1953,3,4.832134
1953,4,4.8862844
1953,5,4.9007187
1953,6,4.8894534
1953,7,4.8369827
1953,8,4.8332305
1953,9,4.8214984
1953,10,4.8172097
1953,11,4.784046
1953,12,4.774334
1954,1,4.7201257
1954,2,4.734089
1954,3,4.7547517
1954,4,4.8263407
1954,5,4.8408084
1954,6,4.828687
1954,7,4.8376718
1954,8,4.8216968
1954,9,4.833814
1954,10,4.8241053
1954,11,4.780463
1954,12,4.7422905
1955,1,4.704915
1955,2,4.736995
1955,3,4.752536
1955,4,4.816309
1955,5,4.8265867
1955,6,4.8374777
1955,7,4.8278522
1955,8,4.8267407
1955,9,4.844502
1955,10,4.8245296
1955,11,4.7796264
1955,12,4.744227
1956,1,4.725604
1956,2,4.7481804
1956,3,4.769587
1956,4,4.835304
1956,5,4.8523154
1956,6,4.8502746
1956,7,4.830593
1956,8,4.823252
1956,9,4.8326154
1956,10,4.8254
1956,11,4.785753
1956,12,4.762776
1957,1,4.713293
1957,2,4.7318444
1957,3,4.75167
1957,4,4.8164935
1957,5,4.828458
1957,6,4.8371053
1957,7,4.8359156
1957,8,4.8152533
1957,9,4.8330517
1957,10,4.810531
1957,11,4.789314
1957,12,4.7324014
1958,1,4.748931
1958,2,4.7449517
1958,3,4.797043
1958,4,4.858111
1958,5,4.8705177
1958,6,4.860279
1958,7,4.8354864
1958,8,4.8273864
1958,9,4.824924
1958,10,4.8204455
1958,11,4.7772164
1958,12,4.7645745
1959,1,4.765463
1959,2,4.7768292
1959,3,4.8149776
1959,4,4.885988
1959,5,4.8693357
1959,6,4.8603644
1959,7,4.8385124
1959,8,4.822466
1959,9,4.839928
1959,10,4.824148
1959,11,4.812075
1959,12,4.822665
1960,1,4.7454324
1960,2,4.7487054
1960,3,4.803364
1960,4,4.8380466
1960,5,4.859549
1960,6,4.8534703
1960,7,4.8370914
1960,8,4.825308
1960,9,4.8330154
1960,10,4.8134975
1960,11,4.7789497
1960,12,4.751893
1961,1,4.726495
1961,2,4.7277412
1961,3,4.809314
1961,4,4.844961
1961,5,4.861828
1961,6,4.8577166
1961,7,4.835557
1961,8,4.8261213
1961,9,4.8254113
1961,10,4.811725
1961,11,4.791171
1961,12,4.7460985
1962,1,4.7106924
1962,2,4.7425137
1962,3,4.7717195
1962,4,4.8374863
1962,5,4.8529396
1962,6,4.8392935
1962,7,4.8297896
1962,8,4.8215938
1962,9,4.836168
1962,10,4.8159304
1962,11,4.7863383
1962,12,4.751193
1963,1,4.7986345
1963,2,4.7885623
1963,3,4.8318152
1963,4,4.920523
1963,5,4.8976293
1963,6,4.8415613
1963,7,4.8244348
1963,8,4.8178806
1963,9,4.8334413
1963,10,4.8226995
1963,11,4.8346796
1963,12,4.8752804
1964,1,4.819508
1964,2,4.8300147
1964,3,4.8300343
1964,4,4.930306
1964,5,4.9074554
1964,6,4.8662567
1964,7,4.8219423
1964,8,4.8301835
1964,9,4.829818
1964,10,4.797273
1964,11,4.7785625
1964,12,4.792952
1965,1,4.744106
1965,2,4.768902
1965,3,4.8107224
1965,4,4.8750663
1965,5,4.8731623
1965,6,4.856351
1965,7,4.82504
1965,8,4.8234377
1965,9,4.8259296
1965,10,4.811892
1965,11,4.7621107
1965,12,4.77233
1966,1,4.7155447
1966,2,4.710897
1966,3,4.804253
1966,4,4.863119
1966,5,4.850282
1966,6,4.855133
1966,7,4.818851
1966,8,4.805447
1966,9,4.811076
1966,10,4.7825513
1966,11,4.757255
1966,12,4.772234
1967,1,4.7000203
1967,2,4.7602415
1967,3,4.771908
1967,4,4.8276987
1967,5,4.8146667
1967,6,4.8143826
1967,7,4.7914405
1967,8,4.770197
1967,9,4.7805758
1967,10,4.7659664
1967,11,4.7680507
1967,12,4.800176
1968,1,4.858093
1968,2,4.828105
1968,3,4.870905
1968,4,4.9349046
1968,5,4.90315
1968,6,4.889733
1968,7,4.8514814
1968,8,4.842198
1968,9,4.83761
1968,10,4.8278766
1968,11,4.831854
1968,12,4.8766365
1969,1,4.783195
1969,2,4.7774687
1969,3,4.7926784
1969,4,4.883832
1969,5,4.8876863
1969,6,4.876766
1969,7,4.842283
1969,8,4.8381395
1969,9,4.8458533
1969,10,4.8051763
1969,11,4.7922373
1969,12,4.7691793
1970,1,4.790512
1970,2,4.817669
1970,3,4.8542624
1970,4,4.8939905
1970,5,4.8836203
1970,6,4.8708324
1970,7,4.8322043
1970,8,4.8234687
1970,9,4.830715
1970,10,4.822777
1970,11,4.7876725
1970,12,4.7933745
1971,1,4.7183642
1971,2,4.73339
1971,3,4.816979
1971,4,4.856058
1971,5,4.8656507
1971,6,4.8627377
1971,7,4.8317776
1971,8,4.8302536
1971,9,4.8268466
1971,10,4.8176856
1971,11,4.780468
1971,12,4.7492266
1972,1,4.740019
1972,2,4.755178
1972,3,4.809468
1972,4,4.853357
1972,5,4.8750772
1972,6,4.8612504
1972,7,4.8364453
1972,8,4.8268304
1972,9,4.82532
1972,10,4.8174896
1972,11,4.7827277
1972,12,4.752824
1973,1,4.770031
1973,2,4.766301
1973,3,4.8166995
1973,4,4.879905
1973,5,4.8915553
1973,6,4.8738427
1973,7,4.841082
1973,8,4.838024
1973,9,4.8455696
1973,10,4.801664
1973,11,4.7854586
1973,12,4.7631726
1974,1,4.8302827
1974,2,4.834818
1974,3,4.8641834
1974,4,4.9240837
1974,5,4.8911653
1974,6,4.862761
1974,7,4.8230863
1974,8,4.824528
1974,9,4.827486
1974,10,4.807726
1974,11,4.773948
1974,12,4.8034797
1975,1,4.806475
1975,2,4.799001
1975,3,4.8374233
1975,4,4.8932805
1975,5,4.878981
1975,6,4.849528
1975,7,4.816271
1975,8,4.8123674
1975,9,4.806623
1975,10,4.7745643
1975,11,4.7567844
1975,12,4.788829
1976,1,4.8013954
1976,2,4.8306594
1976,3,4.844324
1976,4,4.9033475
1976,5,4.8911657
1976,6,4.874535
1976,7,4.8357096
1976,8,4.817413
1976,9,4.8305006
1976,10,4.81484
1976,11,4.796879
1976,12,4.7936754
1977,1,4.795146
1977,2,4.781004
1977,3,4.817632
1977,4,4.8876095
1977,5,4.873593
1977,6,4.8559155
1977,7,4.8208075
1977,8,4.8167744
1977,9,4.823449
1977,10,4.805255
1977,11,4.7529116
1977,12,4.763447
1978,1,4.7163215
1978,2,4.7369165
1978,3,4.771496
1978,4,4.825748
1978,5,4.8459873
1978,6,4.8342075
1978,7,4.8360486
1978,8,4.822076
1978,9,4.8396077
1978,10,4.824453
1978,11,4.7718472
1978,12,4.738612
1979,1,4.7661076
1979,2,4.761942
1979,3,4.818454
1979,4,4.8697944
1979,5,4.8750525
1979,6,4.864058
1979,7,4.832508
1979,8,4.823474
1979,9,4.82216
1979,10,4.811641
1979,11,4.7749915
1979,12,4.7703085
1980,1,4.8505054
1980,2,4.8720627
1980,3,4.859281
1980,4,4.924808
1980,5,4.899172
1980,6,4.8933296
1980,7,4.851108
1980,8,4.8434353
1980,9,4.838628
1980,10,4.8204637
1980,11,4.820324
1980,12,4.818284
1981,1,4.7042284
1981,2,4.7436852
1981,3,4.7834306
1981,4,4.840127
1981,5,4.8442006
1981,6,4.8465314
1981,7,4.8292017
1981,8,4.818504
1981,9,4.812531
1981,10,4.787038
1981,11,4.75526
1981,12,4.7552114
1982,1,4.7115026
1982,2,4.7408047
1982,3,4.7670665
1982,4,4.8204126
1982,5,4.8370047
1982,6,4.8347006
1982,7,4.834867
1982,8,4.825247
1982,9,4.8409023
1982,10,4.8188148
1982,11,4.7820997
1982,12,4.752365
1983,1,4.7321978
1983,2,4.756742
1983,3,4.8010178
1983,4,4.8595214
1983,5,4.831481
1983,6,4.829529
1983,7,4.8136034
1983,8,4.7832384
1983,9,4.8038015
1983,10,4.7845774
1983,11,4.7854376
1983,12,4.806467
1984,1,4.883168
1984,2,4.873066
1984,3,4.8644648
1984,4,4.9171624
1984,5,4.8869815
1984,6,4.85123
1984,7,4.8085465
1984,8,4.8003316
1984,9,4.8021975
1984,10,4.783955
1984,11,4.78962
1984,12,4.8710976
1985,1,4.7310305
1985,2,4.7377415
1985,3,4.7962737
1985,4,4.865226
1985,5,4.8525457
1985,6,4.8497767
1985,7,4.8204722
1985,8,4.8130455
1985,9,4.8196607
1985,10,4.7923574
1985,11,4.7667785
1985,12,4.7800217
1986,1,4.7386
1986,2,4.7686806
1986,3,4.832219
1986,4,4.870971
1986,5,4.882928
1986,6,4.860299
1986,7,4.8244524
1986,8,4.823326
1986,9,4.8289843
1986,10,4.8125014
1986,11,4.7698817
1986,12,4.768898
1987,1,4.800561
1987,2,4.783234
1987,3,4.8302655
1987,4,4.891684
1987,5,4.8937407
1987,6,4.872494
1987,7,4.8330927
1987,8,4.8216286
1987,9,4.8247395
1987,10,4.813185
1987,11,4.7794657
1987,12,4.791414
1988,1,4.8337107
1988,2,4.8321524
1988,3,4.854605
1988,4,4.9283085
1988,5,4.906747
1988,6,4.8692527
1988,7,4.850301
1988,8,4.833879
1988,9,4.8374805
1988,10,4.8150454
1988,11,4.813239
1988,12,4.830617
1989,1,4.7270575
1989,2,4.735988
1989,3,4.8062906
1989,4,4.8769617
1989,5,4.8733716
1989,6,4.864223
1989,7,4.8400526
1989,8,4.8327193
1989,9,4.8273406
1989,10,4.812174
1989,11,4.7659965
1989,12,4.764036
1990,1,4.7245164
1990,2,4.7329745
1990,3,4.7674494
1990,4,4.826393
1990,5,4.8359203
1990,6,4.8334026
1990,7,4.8358493
1990,8,4.824761
1990,9,4.832611
1990,10,4.821314
1990,11,4.79142
1990,12,4.745329
1991,1,4.8777213
1991,2,4.9240103
1991,3,4.848032
1991,4,4.966892
1991,5,4.89587
1991,6,4.865686
1991,7,4.8476906
1991,8,4.81446
1991,9,4.813882
1991,10,4.7900705
1991,11,4.8069696
1991,12,4.8864083
1992,1,4.719066
1992,2,4.737561
1992,3,4.774301
1992,4,4.8349485
1992,5,4.8454213
1992,6,4.839154
1992,7,4.831638
1992,8,4.822453
1992,9,4.8450255
1992,10,4.8208723
1992,11,4.766372
1992,12,4.737592
1993,1,4.796898
1993,2,4.822075
1993,3,4.8159494
1993,4,4.890555
1993,5,4.8914824
1993,6,4.875348
1993,7,4.8518248
1993,8,4.8328676
1993,9,4.8426976
1993,10,4.804026
1993,11,4.787646
1993,12,4.767489
1994,1,4.779323
1994,2,4.7918854
1994,3,4.8109264
1994,4,4.8923416
1994,5,4.8894057
1994,6,4.878702
1994,7,4.8494544
1994,8,4.832937
1994,9,4.840756
1994,10,4.8102674
1994,11,4.795584
1994,12,4.77099
1995,1,4.8126264
1995,2,4.8151236
1995,3,4.8350177
1995,4,4.91942
1995,5,4.9011135
1995,6,4.882348
1995,7,4.8255076
1995,8,4.8392625
1995,9,4.8307323
1995,10,4.8186245
1995,11,4.841026
1995,12,4.8612843
1996,1,4.74679
1996,2,4.751421
1996,3,4.7975373
1996,4,4.8684106
1996,5,4.8677554
1996,6,4.8649135
1996,7,4.822301
1996,8,4.8280873
1996,9,4.8212533
1996,10,4.8187385
1996,11,4.775473
1996,12,4.771688
1997,1,4.7762566
1997,2,4.7702823
1997,3,4.815767
1997,4,4.8893924
1997,5,4.8896093
1997,6,4.8687873
1997,7,4.834912
1997,8,4.829844
1997,9,4.824472
1997,10,4.8164124
1997,11,4.779955
1997,12,4.7767253
1998,1,4.883031
1998,2,4.9094434
1998,3,4.903903
1998,4,4.9706244
1998,5,4.8982635
1998,6,4.876961
1998,7,4.8308206
1998,8,4.8271937
1998,9,4.818276
1998,10,4.8117437
1998,11,4.8295856
1998,12,4.8770375
1999,1,4.721034
1999,2,4.7436013
1999,3,4.7849135
1999,4,4.828696
1999,5,4.8589363
1999,6,4.859295
1999,7,4.835742
1999,8,4.821517
1999,9,4.8227205
1999,10,4.816081
1999,11,4.769209
1999,12,4.743638
